ISO-10303-21;
HEADER;
FILE_DESCRIPTION(('Designed by EasyEDA Pro'),'2;1');
FILE_NAME('Open CASCADE Shape Model','2026-04-08T21:27:02',('Author'),(
    'Open CASCADE'),'Open CASCADE STEP processor 7.8','Open CASCADE 7.8'
  ,'Unknown');
FILE_SCHEMA(('AUTOMOTIVE_DESIGN { 1 0 10303 214 1 1 1 1 }'));
ENDSEC;
DATA;
#1 = APPLICATION_PROTOCOL_DEFINITION('international standard',
  'automotive_design',2000,#2);
#2 = APPLICATION_CONTEXT(
  'core data for automotive mechanical design processes');
#3 = SHAPE_DEFINITION_REPRESENTATION(#4,#10);
#4 = PRODUCT_DEFINITION_SHAPE('','',#5);
#5 = PRODUCT_DEFINITION('design','',#6,#9);
#6 = PRODUCT_DEFINITION_FORMATION('','',#7);
#7 = PRODUCT('EasyEDA PCB Model~Cyqx','EasyEDA PCB Model~Cyqx','',(#8));
#8 = PRODUCT_CONTEXT('',#2,'mechanical');
#9 = PRODUCT_DEFINITION_CONTEXT('part definition',#2,'design');
#10 = SHAPE_REPRESENTATION('',(#11,#15,#19,#23,#27,#31,#35,#39),#43);
#11 = AXIS2_PLACEMENT_3D('',#12,#13,#14);
#12 = CARTESIAN_POINT('',(0.,0.,0.));
#13 = DIRECTION('',(0.,0.,1.));
#14 = DIRECTION('',(1.,0.,-0.));
#15 = AXIS2_PLACEMENT_3D('',#16,#17,#18);
#16 = CARTESIAN_POINT('',(0.,0.,0.));
#17 = DIRECTION('',(0.,0.,1.));
#18 = DIRECTION('',(1.,0.,-0.));
#19 = AXIS2_PLACEMENT_3D('',#20,#21,#22);
#20 = CARTESIAN_POINT('',(0.,0.,0.112971805944));
#21 = DIRECTION('',(0.,0.,1.));
#22 = DIRECTION('',(1.,0.,-0.));
#23 = AXIS2_PLACEMENT_3D('',#24,#25,#26);
#24 = CARTESIAN_POINT('',(0.,0.,-1.E-02));
#25 = DIRECTION('',(0.,0.,1.));
#26 = DIRECTION('',(1.,0.,-0.));
#27 = AXIS2_PLACEMENT_3D('',#28,#29,#30);
#28 = CARTESIAN_POINT('',(0.,0.,0.122971805944));
#29 = DIRECTION('',(0.,0.,1.));
#30 = DIRECTION('',(1.,0.,-0.));
#31 = AXIS2_PLACEMENT_3D('',#32,#33,#34);
#32 = CARTESIAN_POINT('',(0.,0.,-2.E-02));
#33 = DIRECTION('',(0.,0.,1.));
#34 = DIRECTION('',(1.,0.,-0.));
#35 = AXIS2_PLACEMENT_3D('',#36,#37,#38);
#36 = CARTESIAN_POINT('',(0.,0.,0.));
#37 = DIRECTION('',(0.,0.,1.));
#38 = DIRECTION('',(1.,0.,-0.));
#39 = AXIS2_PLACEMENT_3D('',#40,#41,#42);
#40 = CARTESIAN_POINT('',(0.,0.,0.));
#41 = DIRECTION('',(0.,0.,1.));
#42 = DIRECTION('',(1.,0.,-0.));
#43 = ( GEOMETRIC_REPRESENTATION_CONTEXT(3) 
GLOBAL_UNCERTAINTY_ASSIGNED_CONTEXT((#47)) GLOBAL_UNIT_ASSIGNED_CONTEXT(
(#44,#45,#46)) REPRESENTATION_CONTEXT('Context #1',
  '3D Context with UNIT and UNCERTAINTY') );
#44 = ( LENGTH_UNIT() NAMED_UNIT(*) SI_UNIT(.MILLI.,.METRE.) );
#45 = ( NAMED_UNIT(*) PLANE_ANGLE_UNIT() SI_UNIT($,.RADIAN.) );
#46 = ( NAMED_UNIT(*) SI_UNIT($,.STERADIAN.) SOLID_ANGLE_UNIT() );
#47 = UNCERTAINTY_MEASURE_WITH_UNIT(LENGTH_MEASURE(1.E-07),#44,
  'distance_accuracy_value','confusion accuracy');
#48 = PRODUCT_RELATED_PRODUCT_CATEGORY('part',$,(#7));
#49 = SHAPE_DEFINITION_REPRESENTATION(#50,#56);
#50 = PRODUCT_DEFINITION_SHAPE('','',#51);
#51 = PRODUCT_DEFINITION('design','',#52,#55);
#52 = PRODUCT_DEFINITION_FORMATION('','',#53);
#53 = PRODUCT('Board~Cyqx','Board~Cyqx','',(#54));
#54 = PRODUCT_CONTEXT('',#2,'mechanical');
#55 = PRODUCT_DEFINITION_CONTEXT('part definition',#2,'design');
#56 = SHAPE_REPRESENTATION('',(#11,#57,#409,#666),#890);
#57 = MANIFOLD_SOLID_BREP('',#58);
#58 = CLOSED_SHELL('',(#59,#99,#130,#161,#192,#225,#256,#287,#318,#351,
    #373,#391));
#59 = ADVANCED_FACE('',(#60),#94,.T.);
#60 = FACE_BOUND('',#61,.T.);
#61 = EDGE_LOOP('',(#62,#72,#80,#88));
#62 = ORIENTED_EDGE('',*,*,#63,.T.);
#63 = EDGE_CURVE('',#64,#66,#68,.T.);
#64 = VERTEX_POINT('',#65);
#65 = CARTESIAN_POINT('',(11.752959105918,63.940817881636,0.));
#66 = VERTEX_POINT('',#67);
#67 = CARTESIAN_POINT('',(11.752959105918,63.940817881636,0.102971805944
    ));
#68 = LINE('',#69,#70);
#69 = CARTESIAN_POINT('',(11.752959105918,63.940817881636,0.));
#70 = VECTOR('',#71,1.);
#71 = DIRECTION('',(0.,0.,1.));
#72 = ORIENTED_EDGE('',*,*,#73,.T.);
#73 = EDGE_CURVE('',#66,#74,#76,.T.);
#74 = VERTEX_POINT('',#75);
#75 = CARTESIAN_POINT('',(11.752959105918,70.345440690881,0.102971805944
    ));
#76 = LINE('',#77,#78);
#77 = CARTESIAN_POINT('',(11.752959105918,63.940817881636,0.102971805944
    ));
#78 = VECTOR('',#79,1.);
#79 = DIRECTION('',(0.,1.,0.));
#80 = ORIENTED_EDGE('',*,*,#81,.F.);
#81 = EDGE_CURVE('',#82,#74,#84,.T.);
#82 = VERTEX_POINT('',#83);
#83 = CARTESIAN_POINT('',(11.752959105918,70.345440690881,0.));
#84 = LINE('',#85,#86);
#85 = CARTESIAN_POINT('',(11.752959105918,70.345440690881,0.));
#86 = VECTOR('',#87,1.);
#87 = DIRECTION('',(0.,0.,1.));
#88 = ORIENTED_EDGE('',*,*,#89,.F.);
#89 = EDGE_CURVE('',#64,#82,#90,.T.);
#90 = LINE('',#91,#92);
#91 = CARTESIAN_POINT('',(11.752959105918,63.940817881636,0.));
#92 = VECTOR('',#93,1.);
#93 = DIRECTION('',(0.,1.,0.));
#94 = PLANE('',#95);
#95 = AXIS2_PLACEMENT_3D('',#96,#97,#98);
#96 = CARTESIAN_POINT('',(11.752959105918,63.940817881636,0.));
#97 = DIRECTION('',(-1.,0.,0.));
#98 = DIRECTION('',(0.,1.,0.));
#99 = ADVANCED_FACE('',(#100),#125,.T.);
#100 = FACE_BOUND('',#101,.T.);
#101 = EDGE_LOOP('',(#102,#103,#111,#119));
#102 = ORIENTED_EDGE('',*,*,#81,.T.);
#103 = ORIENTED_EDGE('',*,*,#104,.T.);
#104 = EDGE_CURVE('',#74,#105,#107,.T.);
#105 = VERTEX_POINT('',#106);
#106 = CARTESIAN_POINT('',(27.54635509271,70.345440690881,0.102971805944
    ));
#107 = LINE('',#108,#109);
#108 = CARTESIAN_POINT('',(11.752959105918,70.345440690881,
    0.102971805944));
#109 = VECTOR('',#110,1.);
#110 = DIRECTION('',(1.,0.,0.));
#111 = ORIENTED_EDGE('',*,*,#112,.F.);
#112 = EDGE_CURVE('',#113,#105,#115,.T.);
#113 = VERTEX_POINT('',#114);
#114 = CARTESIAN_POINT('',(27.54635509271,70.345440690881,0.));
#115 = LINE('',#116,#117);
#116 = CARTESIAN_POINT('',(27.54635509271,70.345440690881,0.));
#117 = VECTOR('',#118,1.);
#118 = DIRECTION('',(0.,0.,1.));
#119 = ORIENTED_EDGE('',*,*,#120,.F.);
#120 = EDGE_CURVE('',#82,#113,#121,.T.);
#121 = LINE('',#122,#123);
#122 = CARTESIAN_POINT('',(11.752959105918,70.345440690881,0.));
#123 = VECTOR('',#124,1.);
#124 = DIRECTION('',(1.,0.,0.));
#125 = PLANE('',#126);
#126 = AXIS2_PLACEMENT_3D('',#127,#128,#129);
#127 = CARTESIAN_POINT('',(11.752959105918,70.345440690881,0.));
#128 = DIRECTION('',(0.,1.,0.));
#129 = DIRECTION('',(1.,0.,0.));
#130 = ADVANCED_FACE('',(#131),#156,.T.);
#131 = FACE_BOUND('',#132,.T.);
#132 = EDGE_LOOP('',(#133,#134,#142,#150));
#133 = ORIENTED_EDGE('',*,*,#112,.T.);
#134 = ORIENTED_EDGE('',*,*,#135,.T.);
#135 = EDGE_CURVE('',#105,#136,#138,.T.);
#136 = VERTEX_POINT('',#137);
#137 = CARTESIAN_POINT('',(27.54635509271,63.940817881636,0.102971805944
    ));
#138 = LINE('',#139,#140);
#139 = CARTESIAN_POINT('',(27.54635509271,70.345440690881,0.102971805944
    ));
#140 = VECTOR('',#141,1.);
#141 = DIRECTION('',(0.,-1.,0.));
#142 = ORIENTED_EDGE('',*,*,#143,.F.);
#143 = EDGE_CURVE('',#144,#136,#146,.T.);
#144 = VERTEX_POINT('',#145);
#145 = CARTESIAN_POINT('',(27.54635509271,63.940817881636,0.));
#146 = LINE('',#147,#148);
#147 = CARTESIAN_POINT('',(27.54635509271,63.940817881636,0.));
#148 = VECTOR('',#149,1.);
#149 = DIRECTION('',(0.,0.,1.));
#150 = ORIENTED_EDGE('',*,*,#151,.F.);
#151 = EDGE_CURVE('',#113,#144,#152,.T.);
#152 = LINE('',#153,#154);
#153 = CARTESIAN_POINT('',(27.54635509271,70.345440690881,0.));
#154 = VECTOR('',#155,1.);
#155 = DIRECTION('',(0.,-1.,0.));
#156 = PLANE('',#157);
#157 = AXIS2_PLACEMENT_3D('',#158,#159,#160);
#158 = CARTESIAN_POINT('',(27.54635509271,70.345440690881,0.));
#159 = DIRECTION('',(1.,0.,-0.));
#160 = DIRECTION('',(0.,-1.,0.));
#161 = ADVANCED_FACE('',(#162),#187,.T.);
#162 = FACE_BOUND('',#163,.T.);
#163 = EDGE_LOOP('',(#164,#165,#173,#181));
#164 = ORIENTED_EDGE('',*,*,#143,.T.);
#165 = ORIENTED_EDGE('',*,*,#166,.T.);
#166 = EDGE_CURVE('',#136,#167,#169,.T.);
#167 = VERTEX_POINT('',#168);
#168 = CARTESIAN_POINT('',(22.098044196088,63.940817881636,
    0.102971805944));
#169 = LINE('',#170,#171);
#170 = CARTESIAN_POINT('',(27.54635509271,63.940817881636,0.102971805944
    ));
#171 = VECTOR('',#172,1.);
#172 = DIRECTION('',(-1.,0.,0.));
#173 = ORIENTED_EDGE('',*,*,#174,.F.);
#174 = EDGE_CURVE('',#175,#167,#177,.T.);
#175 = VERTEX_POINT('',#176);
#176 = CARTESIAN_POINT('',(22.098044196088,63.940817881636,0.));
#177 = LINE('',#178,#179);
#178 = CARTESIAN_POINT('',(22.098044196088,63.940817881636,0.));
#179 = VECTOR('',#180,1.);
#180 = DIRECTION('',(0.,0.,1.));
#181 = ORIENTED_EDGE('',*,*,#182,.F.);
#182 = EDGE_CURVE('',#144,#175,#183,.T.);
#183 = LINE('',#184,#185);
#184 = CARTESIAN_POINT('',(27.54635509271,63.940817881636,0.));
#185 = VECTOR('',#186,1.);
#186 = DIRECTION('',(-1.,0.,0.));
#187 = PLANE('',#188);
#188 = AXIS2_PLACEMENT_3D('',#189,#190,#191);
#189 = CARTESIAN_POINT('',(27.54635509271,63.940817881636,0.));
#190 = DIRECTION('',(0.,-1.,0.));
#191 = DIRECTION('',(-1.,0.,0.));
#192 = ADVANCED_FACE('',(#193),#220,.F.);
#193 = FACE_BOUND('',#194,.T.);
#194 = EDGE_LOOP('',(#195,#196,#205,#213));
#195 = ORIENTED_EDGE('',*,*,#174,.T.);
#196 = ORIENTED_EDGE('',*,*,#197,.T.);
#197 = EDGE_CURVE('',#167,#198,#200,.T.);
#198 = VERTEX_POINT('',#199);
#199 = CARTESIAN_POINT('',(22.085344170688,63.928117856236,
    0.102971805944));
#200 = CIRCLE('',#201,1.270002540005E-02);
#201 = AXIS2_PLACEMENT_3D('',#202,#203,#204);
#202 = CARTESIAN_POINT('',(22.098044196088,63.928117856236,
    0.102971805944));
#203 = DIRECTION('',(0.,0.,1.));
#204 = DIRECTION('',(0.,1.,-0.));
#205 = ORIENTED_EDGE('',*,*,#206,.F.);
#206 = EDGE_CURVE('',#207,#198,#209,.T.);
#207 = VERTEX_POINT('',#208);
#208 = CARTESIAN_POINT('',(22.085344170688,63.928117856236,0.));
#209 = LINE('',#210,#211);
#210 = CARTESIAN_POINT('',(22.085344170688,63.928117856236,0.));
#211 = VECTOR('',#212,1.);
#212 = DIRECTION('',(0.,0.,1.));
#213 = ORIENTED_EDGE('',*,*,#214,.F.);
#214 = EDGE_CURVE('',#175,#207,#215,.T.);
#215 = CIRCLE('',#216,1.270002540005E-02);
#216 = AXIS2_PLACEMENT_3D('',#217,#218,#219);
#217 = CARTESIAN_POINT('',(22.098044196088,63.928117856236,0.));
#218 = DIRECTION('',(0.,0.,1.));
#219 = DIRECTION('',(0.,1.,-0.));
#220 = CYLINDRICAL_SURFACE('',#221,1.270002540005E-02);
#221 = AXIS2_PLACEMENT_3D('',#222,#223,#224);
#222 = CARTESIAN_POINT('',(22.098044196088,63.928117856236,0.));
#223 = DIRECTION('',(-0.,-0.,-1.));
#224 = DIRECTION('',(0.,1.,-0.));
#225 = ADVANCED_FACE('',(#226),#251,.T.);
#226 = FACE_BOUND('',#227,.T.);
#227 = EDGE_LOOP('',(#228,#229,#237,#245));
#228 = ORIENTED_EDGE('',*,*,#206,.T.);
#229 = ORIENTED_EDGE('',*,*,#230,.T.);
#230 = EDGE_CURVE('',#198,#231,#233,.T.);
#231 = VERTEX_POINT('',#232);
#232 = CARTESIAN_POINT('',(22.085344170688,38.675895351791,
    0.102971805944));
#233 = LINE('',#234,#235);
#234 = CARTESIAN_POINT('',(22.085344170688,63.928117856236,
    0.102971805944));
#235 = VECTOR('',#236,1.);
#236 = DIRECTION('',(0.,-1.,0.));
#237 = ORIENTED_EDGE('',*,*,#238,.F.);
#238 = EDGE_CURVE('',#239,#231,#241,.T.);
#239 = VERTEX_POINT('',#240);
#240 = CARTESIAN_POINT('',(22.085344170688,38.675895351791,0.));
#241 = LINE('',#242,#243);
#242 = CARTESIAN_POINT('',(22.085344170688,38.675895351791,0.));
#243 = VECTOR('',#244,1.);
#244 = DIRECTION('',(0.,0.,1.));
#245 = ORIENTED_EDGE('',*,*,#246,.F.);
#246 = EDGE_CURVE('',#207,#239,#247,.T.);
#247 = LINE('',#248,#249);
#248 = CARTESIAN_POINT('',(22.085344170688,63.928117856236,0.));
#249 = VECTOR('',#250,1.);
#250 = DIRECTION('',(0.,-1.,0.));
#251 = PLANE('',#252);
#252 = AXIS2_PLACEMENT_3D('',#253,#254,#255);
#253 = CARTESIAN_POINT('',(22.085344170688,63.928117856236,0.));
#254 = DIRECTION('',(1.,0.,-0.));
#255 = DIRECTION('',(0.,-1.,0.));
#256 = ADVANCED_FACE('',(#257),#282,.T.);
#257 = FACE_BOUND('',#258,.T.);
#258 = EDGE_LOOP('',(#259,#260,#268,#276));
#259 = ORIENTED_EDGE('',*,*,#238,.T.);
#260 = ORIENTED_EDGE('',*,*,#261,.T.);
#261 = EDGE_CURVE('',#231,#262,#264,.T.);
#262 = VERTEX_POINT('',#263);
#263 = CARTESIAN_POINT('',(17.08696977394,38.675895351791,0.102971805944
    ));
#264 = LINE('',#265,#266);
#265 = CARTESIAN_POINT('',(22.085344170688,38.675895351791,
    0.102971805944));
#266 = VECTOR('',#267,1.);
#267 = DIRECTION('',(-1.,0.,0.));
#268 = ORIENTED_EDGE('',*,*,#269,.F.);
#269 = EDGE_CURVE('',#270,#262,#272,.T.);
#270 = VERTEX_POINT('',#271);
#271 = CARTESIAN_POINT('',(17.08696977394,38.675895351791,0.));
#272 = LINE('',#273,#274);
#273 = CARTESIAN_POINT('',(17.08696977394,38.675895351791,0.));
#274 = VECTOR('',#275,1.);
#275 = DIRECTION('',(0.,0.,1.));
#276 = ORIENTED_EDGE('',*,*,#277,.F.);
#277 = EDGE_CURVE('',#239,#270,#278,.T.);
#278 = LINE('',#279,#280);
#279 = CARTESIAN_POINT('',(22.085344170688,38.675895351791,0.));
#280 = VECTOR('',#281,1.);
#281 = DIRECTION('',(-1.,0.,0.));
#282 = PLANE('',#283);
#283 = AXIS2_PLACEMENT_3D('',#284,#285,#286);
#284 = CARTESIAN_POINT('',(22.085344170688,38.675895351791,0.));
#285 = DIRECTION('',(0.,-1.,0.));
#286 = DIRECTION('',(-1.,0.,0.));
#287 = ADVANCED_FACE('',(#288),#313,.T.);
#288 = FACE_BOUND('',#289,.T.);
#289 = EDGE_LOOP('',(#290,#291,#299,#307));
#290 = ORIENTED_EDGE('',*,*,#269,.T.);
#291 = ORIENTED_EDGE('',*,*,#292,.T.);
#292 = EDGE_CURVE('',#262,#293,#295,.T.);
#293 = VERTEX_POINT('',#294);
#294 = CARTESIAN_POINT('',(17.08696977394,63.928117856236,0.102971805944
    ));
#295 = LINE('',#296,#297);
#296 = CARTESIAN_POINT('',(17.08696977394,38.675895351791,0.102971805944
    ));
#297 = VECTOR('',#298,1.);
#298 = DIRECTION('',(0.,1.,0.));
#299 = ORIENTED_EDGE('',*,*,#300,.F.);
#300 = EDGE_CURVE('',#301,#293,#303,.T.);
#301 = VERTEX_POINT('',#302);
#302 = CARTESIAN_POINT('',(17.08696977394,63.928117856236,0.));
#303 = LINE('',#304,#305);
#304 = CARTESIAN_POINT('',(17.08696977394,63.928117856236,0.));
#305 = VECTOR('',#306,1.);
#306 = DIRECTION('',(0.,0.,1.));
#307 = ORIENTED_EDGE('',*,*,#308,.F.);
#308 = EDGE_CURVE('',#270,#301,#309,.T.);
#309 = LINE('',#310,#311);
#310 = CARTESIAN_POINT('',(17.08696977394,38.675895351791,0.));
#311 = VECTOR('',#312,1.);
#312 = DIRECTION('',(0.,1.,0.));
#313 = PLANE('',#314);
#314 = AXIS2_PLACEMENT_3D('',#315,#316,#317);
#315 = CARTESIAN_POINT('',(17.08696977394,38.675895351791,0.));
#316 = DIRECTION('',(-1.,0.,0.));
#317 = DIRECTION('',(0.,1.,0.));
#318 = ADVANCED_FACE('',(#319),#346,.F.);
#319 = FACE_BOUND('',#320,.T.);
#320 = EDGE_LOOP('',(#321,#322,#331,#339));
#321 = ORIENTED_EDGE('',*,*,#300,.T.);
#322 = ORIENTED_EDGE('',*,*,#323,.T.);
#323 = EDGE_CURVE('',#293,#324,#326,.T.);
#324 = VERTEX_POINT('',#325);
#325 = CARTESIAN_POINT('',(17.074269748539,63.940817881636,
    0.102971805944));
#326 = CIRCLE('',#327,1.270002540005E-02);
#327 = AXIS2_PLACEMENT_3D('',#328,#329,#330);
#328 = CARTESIAN_POINT('',(17.074269748539,63.928117856236,
    0.102971805944));
#329 = DIRECTION('',(0.,-0.,1.));
#330 = DIRECTION('',(1.,0.,0.));
#331 = ORIENTED_EDGE('',*,*,#332,.F.);
#332 = EDGE_CURVE('',#333,#324,#335,.T.);
#333 = VERTEX_POINT('',#334);
#334 = CARTESIAN_POINT('',(17.074269748539,63.940817881636,0.));
#335 = LINE('',#336,#337);
#336 = CARTESIAN_POINT('',(17.074269748539,63.940817881636,0.));
#337 = VECTOR('',#338,1.);
#338 = DIRECTION('',(0.,0.,1.));
#339 = ORIENTED_EDGE('',*,*,#340,.F.);
#340 = EDGE_CURVE('',#301,#333,#341,.T.);
#341 = CIRCLE('',#342,1.270002540005E-02);
#342 = AXIS2_PLACEMENT_3D('',#343,#344,#345);
#343 = CARTESIAN_POINT('',(17.074269748539,63.928117856236,0.));
#344 = DIRECTION('',(0.,-0.,1.));
#345 = DIRECTION('',(1.,0.,0.));
#346 = CYLINDRICAL_SURFACE('',#347,1.270002540005E-02);
#347 = AXIS2_PLACEMENT_3D('',#348,#349,#350);
#348 = CARTESIAN_POINT('',(17.074269748539,63.928117856236,0.));
#349 = DIRECTION('',(-0.,0.,-1.));
#350 = DIRECTION('',(1.,0.,0.));
#351 = ADVANCED_FACE('',(#352),#368,.T.);
#352 = FACE_BOUND('',#353,.T.);
#353 = EDGE_LOOP('',(#354,#355,#361,#362));
#354 = ORIENTED_EDGE('',*,*,#332,.T.);
#355 = ORIENTED_EDGE('',*,*,#356,.T.);
#356 = EDGE_CURVE('',#324,#66,#357,.T.);
#357 = LINE('',#358,#359);
#358 = CARTESIAN_POINT('',(17.074269748539,63.940817881636,
    0.102971805944));
#359 = VECTOR('',#360,1.);
#360 = DIRECTION('',(-1.,0.,0.));
#361 = ORIENTED_EDGE('',*,*,#63,.F.);
#362 = ORIENTED_EDGE('',*,*,#363,.F.);
#363 = EDGE_CURVE('',#333,#64,#364,.T.);
#364 = LINE('',#365,#366);
#365 = CARTESIAN_POINT('',(17.074269748539,63.940817881636,0.));
#366 = VECTOR('',#367,1.);
#367 = DIRECTION('',(-1.,0.,0.));
#368 = PLANE('',#369);
#369 = AXIS2_PLACEMENT_3D('',#370,#371,#372);
#370 = CARTESIAN_POINT('',(17.074269748539,63.940817881636,0.));
#371 = DIRECTION('',(0.,-1.,0.));
#372 = DIRECTION('',(-1.,0.,0.));
#373 = ADVANCED_FACE('',(#374),#386,.T.);
#374 = FACE_BOUND('',#375,.T.);
#375 = EDGE_LOOP('',(#376,#377,#378,#379,#380,#381,#382,#383,#384,#385)
  );
#376 = ORIENTED_EDGE('',*,*,#89,.T.);
#377 = ORIENTED_EDGE('',*,*,#120,.T.);
#378 = ORIENTED_EDGE('',*,*,#151,.T.);
#379 = ORIENTED_EDGE('',*,*,#182,.T.);
#380 = ORIENTED_EDGE('',*,*,#214,.T.);
#381 = ORIENTED_EDGE('',*,*,#246,.T.);
#382 = ORIENTED_EDGE('',*,*,#277,.T.);
#383 = ORIENTED_EDGE('',*,*,#308,.T.);
#384 = ORIENTED_EDGE('',*,*,#340,.T.);
#385 = ORIENTED_EDGE('',*,*,#363,.T.);
#386 = PLANE('',#387);
#387 = AXIS2_PLACEMENT_3D('',#388,#389,#390);
#388 = CARTESIAN_POINT('',(19.615859001338,57.383023570624,0.));
#389 = DIRECTION('',(-0.,-0.,-1.));
#390 = DIRECTION('',(-1.,0.,0.));
#391 = ADVANCED_FACE('',(#392),#404,.F.);
#392 = FACE_BOUND('',#393,.F.);
#393 = EDGE_LOOP('',(#394,#395,#396,#397,#398,#399,#400,#401,#402,#403)
  );
#394 = ORIENTED_EDGE('',*,*,#73,.T.);
#395 = ORIENTED_EDGE('',*,*,#104,.T.);
#396 = ORIENTED_EDGE('',*,*,#135,.T.);
#397 = ORIENTED_EDGE('',*,*,#166,.T.);
#398 = ORIENTED_EDGE('',*,*,#197,.T.);
#399 = ORIENTED_EDGE('',*,*,#230,.T.);
#400 = ORIENTED_EDGE('',*,*,#261,.T.);
#401 = ORIENTED_EDGE('',*,*,#292,.T.);
#402 = ORIENTED_EDGE('',*,*,#323,.T.);
#403 = ORIENTED_EDGE('',*,*,#356,.T.);
#404 = PLANE('',#405);
#405 = AXIS2_PLACEMENT_3D('',#406,#407,#408);
#406 = CARTESIAN_POINT('',(19.615859001338,57.383023570624,
    0.102971805944));
#407 = DIRECTION('',(-0.,-0.,-1.));
#408 = DIRECTION('',(-1.,0.,0.));
#409 = MANIFOLD_SOLID_BREP('',#410);
#410 = CLOSED_SHELL('',(#411,#451,#482,#513,#544,#566,#608,#632,#649));
#411 = ADVANCED_FACE('',(#412),#446,.T.);
#412 = FACE_BOUND('',#413,.T.);
#413 = EDGE_LOOP('',(#414,#424,#432,#440));
#414 = ORIENTED_EDGE('',*,*,#415,.T.);
#415 = EDGE_CURVE('',#416,#418,#420,.T.);
#416 = VERTEX_POINT('',#417);
#417 = CARTESIAN_POINT('',(17.061214122428,46.905511811024,0.));
#418 = VERTEX_POINT('',#419);
#419 = CARTESIAN_POINT('',(17.061214122428,46.905511811024,
    0.102971805944));
#420 = LINE('',#421,#422);
#421 = CARTESIAN_POINT('',(17.061214122428,46.905511811024,0.));
#422 = VECTOR('',#423,1.);
#423 = DIRECTION('',(0.,0.,1.));
#424 = ORIENTED_EDGE('',*,*,#425,.T.);
#425 = EDGE_CURVE('',#418,#426,#428,.T.);
#426 = VERTEX_POINT('',#427);
#427 = CARTESIAN_POINT('',(17.061214122428,45.658369316739,
    0.102971805944));
#428 = LINE('',#429,#430);
#429 = CARTESIAN_POINT('',(17.061214122428,46.905511811024,
    0.102971805944));
#430 = VECTOR('',#431,1.);
#431 = DIRECTION('',(0.,-1.,0.));
#432 = ORIENTED_EDGE('',*,*,#433,.F.);
#433 = EDGE_CURVE('',#434,#426,#436,.T.);
#434 = VERTEX_POINT('',#435);
#435 = CARTESIAN_POINT('',(17.061214122428,45.658369316739,0.));
#436 = LINE('',#437,#438);
#437 = CARTESIAN_POINT('',(17.061214122428,45.658369316739,0.));
#438 = VECTOR('',#439,1.);
#439 = DIRECTION('',(0.,0.,1.));
#440 = ORIENTED_EDGE('',*,*,#441,.F.);
#441 = EDGE_CURVE('',#416,#434,#442,.T.);
#442 = LINE('',#443,#444);
#443 = CARTESIAN_POINT('',(17.061214122428,46.905511811024,0.));
#444 = VECTOR('',#445,1.);
#445 = DIRECTION('',(0.,-1.,0.));
#446 = PLANE('',#447);
#447 = AXIS2_PLACEMENT_3D('',#448,#449,#450);
#448 = CARTESIAN_POINT('',(17.061214122428,46.905511811024,0.));
#449 = DIRECTION('',(1.,0.,-0.));
#450 = DIRECTION('',(0.,-1.,0.));
#451 = ADVANCED_FACE('',(#452),#477,.T.);
#452 = FACE_BOUND('',#453,.T.);
#453 = EDGE_LOOP('',(#454,#455,#463,#471));
#454 = ORIENTED_EDGE('',*,*,#433,.T.);
#455 = ORIENTED_EDGE('',*,*,#456,.T.);
#456 = EDGE_CURVE('',#426,#457,#459,.T.);
#457 = VERTEX_POINT('',#458);
#458 = CARTESIAN_POINT('',(17.061569723139,43.628905257811,
    0.102971805944));
#459 = LINE('',#460,#461);
#460 = CARTESIAN_POINT('',(17.061214122428,45.658369316739,
    0.102971805944));
#461 = VECTOR('',#462,1.);
#462 = DIRECTION('',(1.752190210905E-04,-0.999999984649,0.));
#463 = ORIENTED_EDGE('',*,*,#464,.F.);
#464 = EDGE_CURVE('',#465,#457,#467,.T.);
#465 = VERTEX_POINT('',#466);
#466 = CARTESIAN_POINT('',(17.061569723139,43.628905257811,0.));
#467 = LINE('',#468,#469);
#468 = CARTESIAN_POINT('',(17.061569723139,43.628905257811,0.));
#469 = VECTOR('',#470,1.);
#470 = DIRECTION('',(0.,0.,1.));
#471 = ORIENTED_EDGE('',*,*,#472,.F.);
#472 = EDGE_CURVE('',#434,#465,#473,.T.);
#473 = LINE('',#474,#475);
#474 = CARTESIAN_POINT('',(17.061214122428,45.658369316739,0.));
#475 = VECTOR('',#476,1.);
#476 = DIRECTION('',(1.752190210905E-04,-0.999999984649,0.));
#477 = PLANE('',#478);
#478 = AXIS2_PLACEMENT_3D('',#479,#480,#481);
#479 = CARTESIAN_POINT('',(17.061214122428,45.658369316739,0.));
#480 = DIRECTION('',(0.999999984649,1.752190210905E-04,-0.));
#481 = DIRECTION('',(1.752190210905E-04,-0.999999984649,0.));
#482 = ADVANCED_FACE('',(#483),#508,.T.);
#483 = FACE_BOUND('',#484,.T.);
#484 = EDGE_LOOP('',(#485,#486,#494,#502));
#485 = ORIENTED_EDGE('',*,*,#464,.T.);
#486 = ORIENTED_EDGE('',*,*,#487,.T.);
#487 = EDGE_CURVE('',#457,#488,#490,.T.);
#488 = VERTEX_POINT('',#489);
#489 = CARTESIAN_POINT('',(13.220726441453,43.628905257811,
    0.102971805944));
#490 = LINE('',#491,#492);
#491 = CARTESIAN_POINT('',(17.061569723139,43.628905257811,
    0.102971805944));
#492 = VECTOR('',#493,1.);
#493 = DIRECTION('',(-1.,0.,0.));
#494 = ORIENTED_EDGE('',*,*,#495,.F.);
#495 = EDGE_CURVE('',#496,#488,#498,.T.);
#496 = VERTEX_POINT('',#497);
#497 = CARTESIAN_POINT('',(13.220726441453,43.628905257811,0.));
#498 = LINE('',#499,#500);
#499 = CARTESIAN_POINT('',(13.220726441453,43.628905257811,0.));
#500 = VECTOR('',#501,1.);
#501 = DIRECTION('',(0.,0.,1.));
#502 = ORIENTED_EDGE('',*,*,#503,.F.);
#503 = EDGE_CURVE('',#465,#496,#504,.T.);
#504 = LINE('',#505,#506);
#505 = CARTESIAN_POINT('',(17.061569723139,43.628905257811,0.));
#506 = VECTOR('',#507,1.);
#507 = DIRECTION('',(-1.,0.,0.));
#508 = PLANE('',#509);
#509 = AXIS2_PLACEMENT_3D('',#510,#511,#512);
#510 = CARTESIAN_POINT('',(17.061569723139,43.628905257811,0.));
#511 = DIRECTION('',(0.,-1.,0.));
#512 = DIRECTION('',(-1.,0.,0.));
#513 = ADVANCED_FACE('',(#514),#539,.T.);
#514 = FACE_BOUND('',#515,.T.);
#515 = EDGE_LOOP('',(#516,#517,#525,#533));
#516 = ORIENTED_EDGE('',*,*,#495,.T.);
#517 = ORIENTED_EDGE('',*,*,#518,.T.);
#518 = EDGE_CURVE('',#488,#519,#521,.T.);
#519 = VERTEX_POINT('',#520);
#520 = CARTESIAN_POINT('',(13.220726441453,46.905511811024,
    0.102971805944));
#521 = LINE('',#522,#523);
#522 = CARTESIAN_POINT('',(13.220726441453,43.628905257811,
    0.102971805944));
#523 = VECTOR('',#524,1.);
#524 = DIRECTION('',(0.,1.,0.));
#525 = ORIENTED_EDGE('',*,*,#526,.F.);
#526 = EDGE_CURVE('',#527,#519,#529,.T.);
#527 = VERTEX_POINT('',#528);
#528 = CARTESIAN_POINT('',(13.220726441453,46.905511811024,0.));
#529 = LINE('',#530,#531);
#530 = CARTESIAN_POINT('',(13.220726441453,46.905511811024,0.));
#531 = VECTOR('',#532,1.);
#532 = DIRECTION('',(0.,0.,1.));
#533 = ORIENTED_EDGE('',*,*,#534,.F.);
#534 = EDGE_CURVE('',#496,#527,#535,.T.);
#535 = LINE('',#536,#537);
#536 = CARTESIAN_POINT('',(13.220726441453,43.628905257811,0.));
#537 = VECTOR('',#538,1.);
#538 = DIRECTION('',(0.,1.,0.));
#539 = PLANE('',#540);
#540 = AXIS2_PLACEMENT_3D('',#541,#542,#543);
#541 = CARTESIAN_POINT('',(13.220726441453,43.628905257811,0.));
#542 = DIRECTION('',(-1.,0.,0.));
#543 = DIRECTION('',(0.,1.,0.));
#544 = ADVANCED_FACE('',(#545),#561,.T.);
#545 = FACE_BOUND('',#546,.T.);
#546 = EDGE_LOOP('',(#547,#548,#554,#555));
#547 = ORIENTED_EDGE('',*,*,#526,.T.);
#548 = ORIENTED_EDGE('',*,*,#549,.T.);
#549 = EDGE_CURVE('',#519,#418,#550,.T.);
#550 = LINE('',#551,#552);
#551 = CARTESIAN_POINT('',(13.220726441453,46.905511811024,
    0.102971805944));
#552 = VECTOR('',#553,1.);
#553 = DIRECTION('',(1.,0.,0.));
#554 = ORIENTED_EDGE('',*,*,#415,.F.);
#555 = ORIENTED_EDGE('',*,*,#556,.F.);
#556 = EDGE_CURVE('',#527,#416,#557,.T.);
#557 = LINE('',#558,#559);
#558 = CARTESIAN_POINT('',(13.220726441453,46.905511811024,0.));
#559 = VECTOR('',#560,1.);
#560 = DIRECTION('',(1.,0.,0.));
#561 = PLANE('',#562);
#562 = AXIS2_PLACEMENT_3D('',#563,#564,#565);
#563 = CARTESIAN_POINT('',(13.220726441453,46.905511811024,0.));
#564 = DIRECTION('',(0.,1.,0.));
#565 = DIRECTION('',(1.,0.,0.));
#566 = ADVANCED_FACE('',(#567),#603,.F.);
#567 = FACE_BOUND('',#568,.T.);
#568 = EDGE_LOOP('',(#569,#579,#588,#596));
#569 = ORIENTED_EDGE('',*,*,#570,.T.);
#570 = EDGE_CURVE('',#571,#573,#575,.T.);
#571 = VERTEX_POINT('',#572);
#572 = CARTESIAN_POINT('',(16.002032004064,45.262890525781,0.));
#573 = VERTEX_POINT('',#574);
#574 = CARTESIAN_POINT('',(16.002032004064,45.262890525781,
    0.102971805944));
#575 = LINE('',#576,#577);
#576 = CARTESIAN_POINT('',(16.002032004064,45.262890525781,0.));
#577 = VECTOR('',#578,1.);
#578 = DIRECTION('',(0.,0.,1.));
#579 = ORIENTED_EDGE('',*,*,#580,.T.);
#580 = EDGE_CURVE('',#573,#581,#583,.T.);
#581 = VERTEX_POINT('',#582);
#582 = CARTESIAN_POINT('',(13.970027940056,45.262890525781,
    0.102971805944));
#583 = CIRCLE('',#584,1.016002032004);
#584 = AXIS2_PLACEMENT_3D('',#585,#586,#587);
#585 = CARTESIAN_POINT('',(14.98602997206,45.262890525781,0.102971805944
    ));
#586 = DIRECTION('',(0.,0.,1.));
#587 = DIRECTION('',(1.,1.110223024625E-16,-0.));
#588 = ORIENTED_EDGE('',*,*,#589,.F.);
#589 = EDGE_CURVE('',#590,#581,#592,.T.);
#590 = VERTEX_POINT('',#591);
#591 = CARTESIAN_POINT('',(13.970027940056,45.262890525781,0.));
#592 = LINE('',#593,#594);
#593 = CARTESIAN_POINT('',(13.970027940056,45.262890525781,0.));
#594 = VECTOR('',#595,1.);
#595 = DIRECTION('',(0.,0.,1.));
#596 = ORIENTED_EDGE('',*,*,#597,.F.);
#597 = EDGE_CURVE('',#571,#590,#598,.T.);
#598 = CIRCLE('',#599,1.016002032004);
#599 = AXIS2_PLACEMENT_3D('',#600,#601,#602);
#600 = CARTESIAN_POINT('',(14.98602997206,45.262890525781,0.));
#601 = DIRECTION('',(0.,0.,1.));
#602 = DIRECTION('',(1.,1.110223024625E-16,-0.));
#603 = CYLINDRICAL_SURFACE('',#604,1.016002032004);
#604 = AXIS2_PLACEMENT_3D('',#605,#606,#607);
#605 = CARTESIAN_POINT('',(14.98602997206,45.262890525781,0.));
#606 = DIRECTION('',(-0.,-0.,-1.));
#607 = DIRECTION('',(1.,1.110223024625E-16,-0.));
#608 = ADVANCED_FACE('',(#609),#627,.F.);
#609 = FACE_BOUND('',#610,.T.);
#610 = EDGE_LOOP('',(#611,#612,#619,#620));
#611 = ORIENTED_EDGE('',*,*,#589,.T.);
#612 = ORIENTED_EDGE('',*,*,#613,.T.);
#613 = EDGE_CURVE('',#581,#573,#614,.T.);
#614 = CIRCLE('',#615,1.016002032004);
#615 = AXIS2_PLACEMENT_3D('',#616,#617,#618);
#616 = CARTESIAN_POINT('',(14.98602997206,45.262890525781,0.102971805944
    ));
#617 = DIRECTION('',(0.,0.,1.));
#618 = DIRECTION('',(-1.,-1.110223024625E-16,0.));
#619 = ORIENTED_EDGE('',*,*,#570,.F.);
#620 = ORIENTED_EDGE('',*,*,#621,.F.);
#621 = EDGE_CURVE('',#590,#571,#622,.T.);
#622 = CIRCLE('',#623,1.016002032004);
#623 = AXIS2_PLACEMENT_3D('',#624,#625,#626);
#624 = CARTESIAN_POINT('',(14.98602997206,45.262890525781,0.));
#625 = DIRECTION('',(0.,0.,1.));
#626 = DIRECTION('',(-1.,-1.110223024625E-16,0.));
#627 = CYLINDRICAL_SURFACE('',#628,1.016002032004);
#628 = AXIS2_PLACEMENT_3D('',#629,#630,#631);
#629 = CARTESIAN_POINT('',(14.98602997206,45.262890525781,0.));
#630 = DIRECTION('',(-0.,-0.,-1.));
#631 = DIRECTION('',(-1.,-1.110223024625E-16,0.));
#632 = ADVANCED_FACE('',(#633,#640),#644,.T.);
#633 = FACE_BOUND('',#634,.T.);
#634 = EDGE_LOOP('',(#635,#636,#637,#638,#639));
#635 = ORIENTED_EDGE('',*,*,#441,.T.);
#636 = ORIENTED_EDGE('',*,*,#472,.T.);
#637 = ORIENTED_EDGE('',*,*,#503,.T.);
#638 = ORIENTED_EDGE('',*,*,#534,.T.);
#639 = ORIENTED_EDGE('',*,*,#556,.T.);
#640 = FACE_BOUND('',#641,.T.);
#641 = EDGE_LOOP('',(#642,#643));
#642 = ORIENTED_EDGE('',*,*,#597,.T.);
#643 = ORIENTED_EDGE('',*,*,#621,.T.);
#644 = PLANE('',#645);
#645 = AXIS2_PLACEMENT_3D('',#646,#647,#648);
#646 = CARTESIAN_POINT('',(15.141043610777,45.267167605727,0.));
#647 = DIRECTION('',(-0.,-0.,-1.));
#648 = DIRECTION('',(-1.,0.,0.));
#649 = ADVANCED_FACE('',(#650,#657),#661,.F.);
#650 = FACE_BOUND('',#651,.F.);
#651 = EDGE_LOOP('',(#652,#653,#654,#655,#656));
#652 = ORIENTED_EDGE('',*,*,#425,.T.);
#653 = ORIENTED_EDGE('',*,*,#456,.T.);
#654 = ORIENTED_EDGE('',*,*,#487,.T.);
#655 = ORIENTED_EDGE('',*,*,#518,.T.);
#656 = ORIENTED_EDGE('',*,*,#549,.T.);
#657 = FACE_BOUND('',#658,.F.);
#658 = EDGE_LOOP('',(#659,#660));
#659 = ORIENTED_EDGE('',*,*,#580,.T.);
#660 = ORIENTED_EDGE('',*,*,#613,.T.);
#661 = PLANE('',#662);
#662 = AXIS2_PLACEMENT_3D('',#663,#664,#665);
#663 = CARTESIAN_POINT('',(15.141043610777,45.267167605727,
    0.102971805944));
#664 = DIRECTION('',(-0.,-0.,-1.));
#665 = DIRECTION('',(-1.,0.,0.));
#666 = MANIFOLD_SOLID_BREP('',#667);
#667 = CLOSED_SHELL('',(#668,#708,#739,#770,#792,#834,#858,#874));
#668 = ADVANCED_FACE('',(#669),#703,.T.);
#669 = FACE_BOUND('',#670,.T.);
#670 = EDGE_LOOP('',(#671,#681,#689,#697));
#671 = ORIENTED_EDGE('',*,*,#672,.T.);
#672 = EDGE_CURVE('',#673,#675,#677,.T.);
#673 = VERTEX_POINT('',#674);
#674 = CARTESIAN_POINT('',(22.110744221488,46.904089408179,0.));
#675 = VERTEX_POINT('',#676);
#676 = CARTESIAN_POINT('',(22.110744221488,46.904089408179,
    0.102971805944));
#677 = LINE('',#678,#679);
#678 = CARTESIAN_POINT('',(22.110744221488,46.904089408179,0.));
#679 = VECTOR('',#680,1.);
#680 = DIRECTION('',(0.,0.,1.));
#681 = ORIENTED_EDGE('',*,*,#682,.T.);
#682 = EDGE_CURVE('',#675,#683,#685,.T.);
#683 = VERTEX_POINT('',#684);
#684 = CARTESIAN_POINT('',(26.022352044704,46.904089408179,
    0.102971805944));
#685 = LINE('',#686,#687);
#686 = CARTESIAN_POINT('',(22.110744221488,46.904089408179,
    0.102971805944));
#687 = VECTOR('',#688,1.);
#688 = DIRECTION('',(1.,0.,0.));
#689 = ORIENTED_EDGE('',*,*,#690,.F.);
#690 = EDGE_CURVE('',#691,#683,#693,.T.);
#691 = VERTEX_POINT('',#692);
#692 = CARTESIAN_POINT('',(26.022352044704,46.904089408179,0.));
#693 = LINE('',#694,#695);
#694 = CARTESIAN_POINT('',(26.022352044704,46.904089408179,0.));
#695 = VECTOR('',#696,1.);
#696 = DIRECTION('',(0.,0.,1.));
#697 = ORIENTED_EDGE('',*,*,#698,.F.);
#698 = EDGE_CURVE('',#673,#691,#699,.T.);
#699 = LINE('',#700,#701);
#700 = CARTESIAN_POINT('',(22.110744221488,46.904089408179,0.));
#701 = VECTOR('',#702,1.);
#702 = DIRECTION('',(1.,0.,0.));
#703 = PLANE('',#704);
#704 = AXIS2_PLACEMENT_3D('',#705,#706,#707);
#705 = CARTESIAN_POINT('',(22.110744221488,46.904089408179,0.));
#706 = DIRECTION('',(0.,1.,0.));
#707 = DIRECTION('',(1.,0.,0.));
#708 = ADVANCED_FACE('',(#709),#734,.T.);
#709 = FACE_BOUND('',#710,.T.);
#710 = EDGE_LOOP('',(#711,#712,#720,#728));
#711 = ORIENTED_EDGE('',*,*,#690,.T.);
#712 = ORIENTED_EDGE('',*,*,#713,.T.);
#713 = EDGE_CURVE('',#683,#714,#716,.T.);
#714 = VERTEX_POINT('',#715);
#715 = CARTESIAN_POINT('',(26.022352044704,43.632994665989,
    0.102971805944));
#716 = LINE('',#717,#718);
#717 = CARTESIAN_POINT('',(26.022352044704,46.904089408179,
    0.102971805944));
#718 = VECTOR('',#719,1.);
#719 = DIRECTION('',(0.,-1.,0.));
#720 = ORIENTED_EDGE('',*,*,#721,.F.);
#721 = EDGE_CURVE('',#722,#714,#724,.T.);
#722 = VERTEX_POINT('',#723);
#723 = CARTESIAN_POINT('',(26.022352044704,43.632994665989,0.));
#724 = LINE('',#725,#726);
#725 = CARTESIAN_POINT('',(26.022352044704,43.632994665989,0.));
#726 = VECTOR('',#727,1.);
#727 = DIRECTION('',(0.,0.,1.));
#728 = ORIENTED_EDGE('',*,*,#729,.F.);
#729 = EDGE_CURVE('',#691,#722,#730,.T.);
#730 = LINE('',#731,#732);
#731 = CARTESIAN_POINT('',(26.022352044704,46.904089408179,0.));
#732 = VECTOR('',#733,1.);
#733 = DIRECTION('',(0.,-1.,0.));
#734 = PLANE('',#735);
#735 = AXIS2_PLACEMENT_3D('',#736,#737,#738);
#736 = CARTESIAN_POINT('',(26.022352044704,46.904089408179,0.));
#737 = DIRECTION('',(1.,0.,-0.));
#738 = DIRECTION('',(0.,-1.,0.));
#739 = ADVANCED_FACE('',(#740),#765,.T.);
#740 = FACE_BOUND('',#741,.T.);
#741 = EDGE_LOOP('',(#742,#743,#751,#759));
#742 = ORIENTED_EDGE('',*,*,#721,.T.);
#743 = ORIENTED_EDGE('',*,*,#744,.T.);
#744 = EDGE_CURVE('',#714,#745,#747,.T.);
#745 = VERTEX_POINT('',#746);
#746 = CARTESIAN_POINT('',(22.110744221488,43.632994665989,
    0.102971805944));
#747 = LINE('',#748,#749);
#748 = CARTESIAN_POINT('',(26.022352044704,43.632994665989,
    0.102971805944));
#749 = VECTOR('',#750,1.);
#750 = DIRECTION('',(-1.,0.,0.));
#751 = ORIENTED_EDGE('',*,*,#752,.F.);
#752 = EDGE_CURVE('',#753,#745,#755,.T.);
#753 = VERTEX_POINT('',#754);
#754 = CARTESIAN_POINT('',(22.110744221488,43.632994665989,0.));
#755 = LINE('',#756,#757);
#756 = CARTESIAN_POINT('',(22.110744221488,43.632994665989,0.));
#757 = VECTOR('',#758,1.);
#758 = DIRECTION('',(0.,0.,1.));
#759 = ORIENTED_EDGE('',*,*,#760,.F.);
#760 = EDGE_CURVE('',#722,#753,#761,.T.);
#761 = LINE('',#762,#763);
#762 = CARTESIAN_POINT('',(26.022352044704,43.632994665989,0.));
#763 = VECTOR('',#764,1.);
#764 = DIRECTION('',(-1.,0.,0.));
#765 = PLANE('',#766);
#766 = AXIS2_PLACEMENT_3D('',#767,#768,#769);
#767 = CARTESIAN_POINT('',(26.022352044704,43.632994665989,0.));
#768 = DIRECTION('',(0.,-1.,0.));
#769 = DIRECTION('',(-1.,0.,0.));
#770 = ADVANCED_FACE('',(#771),#787,.T.);
#771 = FACE_BOUND('',#772,.T.);
#772 = EDGE_LOOP('',(#773,#774,#780,#781));
#773 = ORIENTED_EDGE('',*,*,#752,.T.);
#774 = ORIENTED_EDGE('',*,*,#775,.T.);
#775 = EDGE_CURVE('',#745,#675,#776,.T.);
#776 = LINE('',#777,#778);
#777 = CARTESIAN_POINT('',(22.110744221488,43.632994665989,
    0.102971805944));
#778 = VECTOR('',#779,1.);
#779 = DIRECTION('',(0.,1.,0.));
#780 = ORIENTED_EDGE('',*,*,#672,.F.);
#781 = ORIENTED_EDGE('',*,*,#782,.F.);
#782 = EDGE_CURVE('',#753,#673,#783,.T.);
#783 = LINE('',#784,#785);
#784 = CARTESIAN_POINT('',(22.110744221488,43.632994665989,0.));
#785 = VECTOR('',#786,1.);
#786 = DIRECTION('',(0.,1.,0.));
#787 = PLANE('',#788);
#788 = AXIS2_PLACEMENT_3D('',#789,#790,#791);
#789 = CARTESIAN_POINT('',(22.110744221488,43.632994665989,0.));
#790 = DIRECTION('',(-1.,0.,0.));
#791 = DIRECTION('',(0.,1.,0.));
#792 = ADVANCED_FACE('',(#793),#829,.F.);
#793 = FACE_BOUND('',#794,.T.);
#794 = EDGE_LOOP('',(#795,#805,#814,#822));
#795 = ORIENTED_EDGE('',*,*,#796,.T.);
#796 = EDGE_CURVE('',#797,#799,#801,.T.);
#797 = VERTEX_POINT('',#798);
#798 = CARTESIAN_POINT('',(25.400050800102,45.262890525781,0.));
#799 = VERTEX_POINT('',#800);
#800 = CARTESIAN_POINT('',(25.400050800102,45.262890525781,
    0.102971805944));
#801 = LINE('',#802,#803);
#802 = CARTESIAN_POINT('',(25.400050800102,45.262890525781,0.));
#803 = VECTOR('',#804,1.);
#804 = DIRECTION('',(0.,0.,1.));
#805 = ORIENTED_EDGE('',*,*,#806,.T.);
#806 = EDGE_CURVE('',#799,#807,#809,.T.);
#807 = VERTEX_POINT('',#808);
#808 = CARTESIAN_POINT('',(23.368046736093,45.262890525781,
    0.102971805944));
#809 = CIRCLE('',#810,1.016002032004);
#810 = AXIS2_PLACEMENT_3D('',#811,#812,#813);
#811 = CARTESIAN_POINT('',(24.384048768098,45.262890525781,
    0.102971805944));
#812 = DIRECTION('',(0.,0.,1.));
#813 = DIRECTION('',(1.,1.110223024625E-16,-0.));
#814 = ORIENTED_EDGE('',*,*,#815,.F.);
#815 = EDGE_CURVE('',#816,#807,#818,.T.);
#816 = VERTEX_POINT('',#817);
#817 = CARTESIAN_POINT('',(23.368046736093,45.262890525781,0.));
#818 = LINE('',#819,#820);
#819 = CARTESIAN_POINT('',(23.368046736093,45.262890525781,0.));
#820 = VECTOR('',#821,1.);
#821 = DIRECTION('',(0.,0.,1.));
#822 = ORIENTED_EDGE('',*,*,#823,.F.);
#823 = EDGE_CURVE('',#797,#816,#824,.T.);
#824 = CIRCLE('',#825,1.016002032004);
#825 = AXIS2_PLACEMENT_3D('',#826,#827,#828);
#826 = CARTESIAN_POINT('',(24.384048768098,45.262890525781,0.));
#827 = DIRECTION('',(0.,0.,1.));
#828 = DIRECTION('',(1.,1.110223024625E-16,-0.));
#829 = CYLINDRICAL_SURFACE('',#830,1.016002032004);
#830 = AXIS2_PLACEMENT_3D('',#831,#832,#833);
#831 = CARTESIAN_POINT('',(24.384048768098,45.262890525781,0.));
#832 = DIRECTION('',(-0.,-0.,-1.));
#833 = DIRECTION('',(1.,1.110223024625E-16,-0.));
#834 = ADVANCED_FACE('',(#835),#853,.F.);
#835 = FACE_BOUND('',#836,.T.);
#836 = EDGE_LOOP('',(#837,#838,#845,#846));
#837 = ORIENTED_EDGE('',*,*,#815,.T.);
#838 = ORIENTED_EDGE('',*,*,#839,.T.);
#839 = EDGE_CURVE('',#807,#799,#840,.T.);
#840 = CIRCLE('',#841,1.016002032004);
#841 = AXIS2_PLACEMENT_3D('',#842,#843,#844);
#842 = CARTESIAN_POINT('',(24.384048768098,45.262890525781,
    0.102971805944));
#843 = DIRECTION('',(0.,0.,1.));
#844 = DIRECTION('',(-1.,-1.110223024625E-16,0.));
#845 = ORIENTED_EDGE('',*,*,#796,.F.);
#846 = ORIENTED_EDGE('',*,*,#847,.F.);
#847 = EDGE_CURVE('',#816,#797,#848,.T.);
#848 = CIRCLE('',#849,1.016002032004);
#849 = AXIS2_PLACEMENT_3D('',#850,#851,#852);
#850 = CARTESIAN_POINT('',(24.384048768098,45.262890525781,0.));
#851 = DIRECTION('',(0.,0.,1.));
#852 = DIRECTION('',(-1.,-1.110223024625E-16,0.));
#853 = CYLINDRICAL_SURFACE('',#854,1.016002032004);
#854 = AXIS2_PLACEMENT_3D('',#855,#856,#857);
#855 = CARTESIAN_POINT('',(24.384048768098,45.262890525781,0.));
#856 = DIRECTION('',(-0.,-0.,-1.));
#857 = DIRECTION('',(-1.,-1.110223024625E-16,0.));
#858 = ADVANCED_FACE('',(#859,#865),#869,.T.);
#859 = FACE_BOUND('',#860,.T.);
#860 = EDGE_LOOP('',(#861,#862,#863,#864));
#861 = ORIENTED_EDGE('',*,*,#698,.T.);
#862 = ORIENTED_EDGE('',*,*,#729,.T.);
#863 = ORIENTED_EDGE('',*,*,#760,.T.);
#864 = ORIENTED_EDGE('',*,*,#782,.T.);
#865 = FACE_BOUND('',#866,.T.);
#866 = EDGE_LOOP('',(#867,#868));
#867 = ORIENTED_EDGE('',*,*,#823,.T.);
#868 = ORIENTED_EDGE('',*,*,#847,.T.);
#869 = PLANE('',#870);
#870 = AXIS2_PLACEMENT_3D('',#871,#872,#873);
#871 = CARTESIAN_POINT('',(24.066548133096,45.268542037084,0.));
#872 = DIRECTION('',(-0.,-0.,-1.));
#873 = DIRECTION('',(-1.,0.,0.));
#874 = ADVANCED_FACE('',(#875,#881),#885,.F.);
#875 = FACE_BOUND('',#876,.F.);
#876 = EDGE_LOOP('',(#877,#878,#879,#880));
#877 = ORIENTED_EDGE('',*,*,#682,.T.);
#878 = ORIENTED_EDGE('',*,*,#713,.T.);
#879 = ORIENTED_EDGE('',*,*,#744,.T.);
#880 = ORIENTED_EDGE('',*,*,#775,.T.);
#881 = FACE_BOUND('',#882,.F.);
#882 = EDGE_LOOP('',(#883,#884));
#883 = ORIENTED_EDGE('',*,*,#806,.T.);
#884 = ORIENTED_EDGE('',*,*,#839,.T.);
#885 = PLANE('',#886);
#886 = AXIS2_PLACEMENT_3D('',#887,#888,#889);
#887 = CARTESIAN_POINT('',(24.066548133096,45.268542037084,
    0.102971805944));
#888 = DIRECTION('',(-0.,-0.,-1.));
#889 = DIRECTION('',(-1.,0.,0.));
#890 = ( GEOMETRIC_REPRESENTATION_CONTEXT(3) 
GLOBAL_UNCERTAINTY_ASSIGNED_CONTEXT((#894)) GLOBAL_UNIT_ASSIGNED_CONTEXT
((#891,#892,#893)) REPRESENTATION_CONTEXT('Context #1',
  '3D Context with UNIT and UNCERTAINTY') );
#891 = ( LENGTH_UNIT() NAMED_UNIT(*) SI_UNIT(.MILLI.,.METRE.) );
#892 = ( NAMED_UNIT(*) PLANE_ANGLE_UNIT() SI_UNIT($,.RADIAN.) );
#893 = ( NAMED_UNIT(*) SI_UNIT($,.STERADIAN.) SOLID_ANGLE_UNIT() );
#894 = UNCERTAINTY_MEASURE_WITH_UNIT(LENGTH_MEASURE(1.E-07),#891,
  'distance_accuracy_value','confusion accuracy');
#895 = CONTEXT_DEPENDENT_SHAPE_REPRESENTATION(#896,#898);
#896 = ( REPRESENTATION_RELATIONSHIP('','',#56,#10) 
REPRESENTATION_RELATIONSHIP_WITH_TRANSFORMATION(#897) 
SHAPE_REPRESENTATION_RELATIONSHIP() );
#897 = ITEM_DEFINED_TRANSFORMATION('','',#11,#15);
#898 = PRODUCT_DEFINITION_SHAPE('Placement','Placement of an item',#899
  );
#899 = NEXT_ASSEMBLY_USAGE_OCCURRENCE('1','=>[0:1:1:2]','',#5,#51,$);
#900 = PRODUCT_RELATED_PRODUCT_CATEGORY('part',$,(#53));
#901 = SHAPE_DEFINITION_REPRESENTATION(#902,#908);
#902 = PRODUCT_DEFINITION_SHAPE('','',#903);
#903 = PRODUCT_DEFINITION('design','',#904,#907);
#904 = PRODUCT_DEFINITION_FORMATION('','',#905);
#905 = PRODUCT('TopCopper~Cyqx','TopCopper~Cyqx','',(#906));
#906 = PRODUCT_CONTEXT('',#2,'mechanical');
#907 = PRODUCT_DEFINITION_CONTEXT('part definition',#2,'design');
#908 = SHAPE_REPRESENTATION('',(#11),#909);
#909 = ( GEOMETRIC_REPRESENTATION_CONTEXT(3) 
GLOBAL_UNCERTAINTY_ASSIGNED_CONTEXT((#913)) GLOBAL_UNIT_ASSIGNED_CONTEXT
((#910,#911,#912)) REPRESENTATION_CONTEXT('Context #1',
  '3D Context with UNIT and UNCERTAINTY') );
#910 = ( LENGTH_UNIT() NAMED_UNIT(*) SI_UNIT(.MILLI.,.METRE.) );
#911 = ( NAMED_UNIT(*) PLANE_ANGLE_UNIT() SI_UNIT($,.RADIAN.) );
#912 = ( NAMED_UNIT(*) SI_UNIT($,.STERADIAN.) SOLID_ANGLE_UNIT() );
#913 = UNCERTAINTY_MEASURE_WITH_UNIT(LENGTH_MEASURE(1.E-07),#910,
  'distance_accuracy_value','confusion accuracy');
#914 = CONTEXT_DEPENDENT_SHAPE_REPRESENTATION(#915,#917);
#915 = ( REPRESENTATION_RELATIONSHIP('','',#908,#10) 
REPRESENTATION_RELATIONSHIP_WITH_TRANSFORMATION(#916) 
SHAPE_REPRESENTATION_RELATIONSHIP() );
#916 = ITEM_DEFINED_TRANSFORMATION('','',#11,#19);
#917 = PRODUCT_DEFINITION_SHAPE('Placement','Placement of an item',#918
  );
#918 = NEXT_ASSEMBLY_USAGE_OCCURRENCE('2','=>[0:1:1:3]','',#5,#903,$);
#919 = PRODUCT_RELATED_PRODUCT_CATEGORY('part',$,(#905));
#920 = SHAPE_DEFINITION_REPRESENTATION(#921,#927);
#921 = PRODUCT_DEFINITION_SHAPE('','',#922);
#922 = PRODUCT_DEFINITION('design','',#923,#926);
#923 = PRODUCT_DEFINITION_FORMATION('','',#924);
#924 = PRODUCT('BottomCopper~Cyqx','BottomCopper~Cyqx','',(#925));
#925 = PRODUCT_CONTEXT('',#2,'mechanical');
#926 = PRODUCT_DEFINITION_CONTEXT('part definition',#2,'design');
#927 = SHAPE_REPRESENTATION('',(#11),#928);
#928 = ( GEOMETRIC_REPRESENTATION_CONTEXT(3) 
GLOBAL_UNCERTAINTY_ASSIGNED_CONTEXT((#932)) GLOBAL_UNIT_ASSIGNED_CONTEXT
((#929,#930,#931)) REPRESENTATION_CONTEXT('Context #1',
  '3D Context with UNIT and UNCERTAINTY') );
#929 = ( LENGTH_UNIT() NAMED_UNIT(*) SI_UNIT(.MILLI.,.METRE.) );
#930 = ( NAMED_UNIT(*) PLANE_ANGLE_UNIT() SI_UNIT($,.RADIAN.) );
#931 = ( NAMED_UNIT(*) SI_UNIT($,.STERADIAN.) SOLID_ANGLE_UNIT() );
#932 = UNCERTAINTY_MEASURE_WITH_UNIT(LENGTH_MEASURE(1.E-07),#929,
  'distance_accuracy_value','confusion accuracy');
#933 = CONTEXT_DEPENDENT_SHAPE_REPRESENTATION(#934,#936);
#934 = ( REPRESENTATION_RELATIONSHIP('','',#927,#10) 
REPRESENTATION_RELATIONSHIP_WITH_TRANSFORMATION(#935) 
SHAPE_REPRESENTATION_RELATIONSHIP() );
#935 = ITEM_DEFINED_TRANSFORMATION('','',#11,#23);
#936 = PRODUCT_DEFINITION_SHAPE('Placement','Placement of an item',#937
  );
#937 = NEXT_ASSEMBLY_USAGE_OCCURRENCE('3','=>[0:1:1:4]','',#5,#922,$);
#938 = PRODUCT_RELATED_PRODUCT_CATEGORY('part',$,(#924));
#939 = SHAPE_DEFINITION_REPRESENTATION(#940,#946);
#940 = PRODUCT_DEFINITION_SHAPE('','',#941);
#941 = PRODUCT_DEFINITION('design','',#942,#945);
#942 = PRODUCT_DEFINITION_FORMATION('','',#943);
#943 = PRODUCT('TopSilkscreen~Cyqx','TopSilkscreen~Cyqx','',(#944));
#944 = PRODUCT_CONTEXT('',#2,'mechanical');
#945 = PRODUCT_DEFINITION_CONTEXT('part definition',#2,'design');
#946 = SHAPE_REPRESENTATION('',(#11,#947,#1306,#1608,#1677,#1787,#1890,
    #2210,#2569,#2613,#2682,#2948),#3214);
#947 = SHELL_BASED_SURFACE_MODEL('',(#948));
#948 = OPEN_SHELL('',(#949));
#949 = ADVANCED_FACE('',(#950),#1301,.T.);
#950 = FACE_BOUND('',#951,.T.);
#951 = EDGE_LOOP('',(#952,#962,#970,#979,#988,#996,#1005,#1013,#1022,
    #1030,#1039,#1047,#1056,#1064,#1073,#1081,#1090,#1098,#1106,#1114,
    #1122,#1131,#1140,#1148,#1157,#1165,#1174,#1183,#1192,#1200,#1209,
    #1217,#1226,#1235,#1244,#1252,#1261,#1269,#1278,#1286,#1294));
#952 = ORIENTED_EDGE('',*,*,#953,.T.);
#953 = EDGE_CURVE('',#954,#956,#958,.T.);
#954 = VERTEX_POINT('',#955);
#955 = CARTESIAN_POINT('',(13.421580743317,64.933412835841,0.));
#956 = VERTEX_POINT('',#957);
#957 = CARTESIAN_POINT('',(13.39307225872,64.947667078139,0.));
#958 = LINE('',#959,#960);
#959 = CARTESIAN_POINT('',(13.421580743317,64.933412835841,0.));
#960 = VECTOR('',#961,1.);
#961 = DIRECTION('',(-0.894427191,0.447213595501,0.));
#962 = ORIENTED_EDGE('',*,*,#963,.T.);
#963 = EDGE_CURVE('',#956,#964,#966,.T.);
#964 = VERTEX_POINT('',#965);
#965 = CARTESIAN_POINT('',(13.250940948223,64.99343817813,0.));
#966 = LINE('',#967,#968);
#967 = CARTESIAN_POINT('',(13.39307225872,64.947667078139,0.));
#968 = VECTOR('',#969,1.);
#969 = DIRECTION('',(-0.951860557857,0.306531366089,0.));
#970 = ORIENTED_EDGE('',*,*,#971,.T.);
#971 = EDGE_CURVE('',#964,#972,#974,.T.);
#972 = VERTEX_POINT('',#973);
#973 = CARTESIAN_POINT('',(13.085745080444,65.15896090749,0.));
#974 = CIRCLE('',#975,0.252443030816);
#975 = AXIS2_PLACEMENT_3D('',#976,#977,#978);
#976 = CARTESIAN_POINT('',(13.326701097862,65.23424491295,0.));
#977 = DIRECTION('',(0.,0.,-1.));
#978 = DIRECTION('',(-0.300107907094,-0.953905259499,-0.));
#979 = ORIENTED_EDGE('',*,*,#980,.T.);
#980 = EDGE_CURVE('',#972,#981,#983,.T.);
#981 = VERTEX_POINT('',#982);
#982 = CARTESIAN_POINT('',(13.081126492253,65.189230378461,0.));
#983 = CIRCLE('',#984,0.101499873);
#984 = AXIS2_PLACEMENT_3D('',#985,#986,#987);
#985 = CARTESIAN_POINT('',(13.182626365253,65.189230378461,0.));
#986 = DIRECTION('',(0.,0.,-1.));
#987 = DIRECTION('',(-0.95449661113,-0.29822176202,-0.));
#988 = ORIENTED_EDGE('',*,*,#989,.T.);
#989 = EDGE_CURVE('',#981,#990,#992,.T.);
#990 = VERTEX_POINT('',#991);
#991 = CARTESIAN_POINT('',(13.081126492253,65.240030480061,0.));
#992 = LINE('',#993,#994);
#993 = CARTESIAN_POINT('',(13.081126492253,65.189230378461,0.));
#994 = VECTOR('',#995,1.);
#995 = DIRECTION('',(6.993516876719E-14,1.,0.));
#996 = ORIENTED_EDGE('',*,*,#997,.T.);
#997 = EDGE_CURVE('',#990,#998,#1000,.T.);
#998 = VERTEX_POINT('',#999);
#999 = CARTESIAN_POINT('',(13.110855116765,65.311801728549,0.));
#1000 = CIRCLE('',#1001,0.101499873);
#1001 = AXIS2_PLACEMENT_3D('',#1002,#1003,#1004);
#1002 = CARTESIAN_POINT('',(13.182626365253,65.240030480061,0.));
#1003 = DIRECTION('',(0.,0.,-1.));
#1004 = DIRECTION('',(-1.,7.145704934684E-15,0.));
#1005 = ORIENTED_EDGE('',*,*,#1006,.T.);
#1006 = EDGE_CURVE('',#998,#1007,#1009,.T.);
#1007 = VERTEX_POINT('',#1008);
#1008 = CARTESIAN_POINT('',(13.161655218365,65.362601830149,0.));
#1009 = LINE('',#1010,#1011);
#1010 = CARTESIAN_POINT('',(13.110855116765,65.311801728549,0.));
#1011 = VECTOR('',#1012,1.);
#1012 = DIRECTION('',(0.707106781187,0.707106781187,0.));
#1013 = ORIENTED_EDGE('',*,*,#1014,.T.);
#1014 = EDGE_CURVE('',#1007,#1015,#1017,.T.);
#1015 = VERTEX_POINT('',#1016);
#1016 = CARTESIAN_POINT('',(13.200338453897,65.386785819234,0.));
#1017 = CIRCLE('',#1018,0.101499873);
#1018 = AXIS2_PLACEMENT_3D('',#1019,#1020,#1021);
#1019 = CARTESIAN_POINT('',(13.233426466853,65.290830581661,0.));
#1020 = DIRECTION('',(0.,0.,-1.));
#1021 = DIRECTION('',(-0.707106781187,0.707106781187,0.));
#1022 = ORIENTED_EDGE('',*,*,#1023,.T.);
#1023 = EDGE_CURVE('',#1015,#1024,#1026,.T.);
#1024 = VERTEX_POINT('',#1025);
#1025 = CARTESIAN_POINT('',(13.273998601217,65.412185870034,0.));
#1026 = LINE('',#1027,#1028);
#1027 = CARTESIAN_POINT('',(13.200338453897,65.386785819234,0.));
#1028 = VECTOR('',#1029,1.);
#1029 = DIRECTION('',(0.945372981626,0.32599068332,0.));
#1030 = ORIENTED_EDGE('',*,*,#1031,.T.);
#1031 = EDGE_CURVE('',#1024,#1032,#1034,.T.);
#1032 = VERTEX_POINT('',#1033);
#1033 = CARTESIAN_POINT('',(13.307086614173,65.417730505461,0.));
#1034 = CIRCLE('',#1035,0.101499873);
#1035 = AXIS2_PLACEMENT_3D('',#1036,#1037,#1038);
#1036 = CARTESIAN_POINT('',(13.307086614173,65.316230632461,0.));
#1037 = DIRECTION('',(0.,0.,-1.));
#1038 = DIRECTION('',(-0.325990683319,0.945372981626,0.));
#1039 = ORIENTED_EDGE('',*,*,#1040,.T.);
#1040 = EDGE_CURVE('',#1032,#1041,#1043,.T.);
#1041 = VERTEX_POINT('',#1042);
#1042 = CARTESIAN_POINT('',(13.406146812294,65.417730505461,0.));
#1043 = LINE('',#1044,#1045);
#1044 = CARTESIAN_POINT('',(13.307086614173,65.417730505461,0.));
#1045 = VECTOR('',#1046,1.);
#1046 = DIRECTION('',(1.,0.,0.));
#1047 = ORIENTED_EDGE('',*,*,#1048,.T.);
#1048 = EDGE_CURVE('',#1041,#1049,#1051,.T.);
#1049 = VERTEX_POINT('',#1050);
#1050 = CARTESIAN_POINT('',(13.438243890383,65.41252186673,0.));
#1051 = CIRCLE('',#1052,0.101499873);
#1052 = AXIS2_PLACEMENT_3D('',#1053,#1054,#1055);
#1053 = CARTESIAN_POINT('',(13.406146812294,65.316230632461,0.));
#1054 = DIRECTION('',(0.,0.,-1.));
#1055 = DIRECTION('',(4.05713640137E-13,1.,0.));
#1056 = ORIENTED_EDGE('',*,*,#1057,.T.);
#1057 = EDGE_CURVE('',#1049,#1058,#1060,.T.);
#1058 = VERTEX_POINT('',#1059);
#1059 = CARTESIAN_POINT('',(13.514444042784,65.38712181593,0.));
#1060 = LINE('',#1061,#1062);
#1061 = CARTESIAN_POINT('',(13.438243890383,65.41252186673,0.));
#1062 = VECTOR('',#1063,1.);
#1063 = DIRECTION('',(0.948683298051,-0.316227766017,0.));
#1064 = ORIENTED_EDGE('',*,*,#1065,.T.);
#1065 = EDGE_CURVE('',#1058,#1066,#1068,.T.);
#1066 = VERTEX_POINT('',#1067);
#1067 = CARTESIAN_POINT('',(13.555934315129,65.360738564574,0.));
#1068 = CIRCLE('',#1069,0.101499873);
#1069 = AXIS2_PLACEMENT_3D('',#1070,#1071,#1072);
#1070 = CARTESIAN_POINT('',(13.482346964694,65.290830581661,0.));
#1071 = DIRECTION('',(0.,0.,-1.));
#1072 = DIRECTION('',(0.316227766017,0.94868329805,0.));
#1073 = ORIENTED_EDGE('',*,*,#1074,.T.);
#1074 = EDGE_CURVE('',#1066,#1075,#1077,.T.);
#1075 = VERTEX_POINT('',#1076);
#1076 = CARTESIAN_POINT('',(13.604194411649,65.309938462974,0.));
#1077 = LINE('',#1078,#1079);
#1078 = CARTESIAN_POINT('',(13.555934315129,65.360738564574,0.));
#1079 = VECTOR('',#1080,1.);
#1080 = DIRECTION('',(0.688749461915,-0.724999433594,0.));
#1081 = ORIENTED_EDGE('',*,*,#1082,.T.);
#1082 = EDGE_CURVE('',#1075,#1083,#1085,.T.);
#1083 = VERTEX_POINT('',#1084);
#1084 = CARTESIAN_POINT('',(13.457019710779,65.170122497148,0.));
#1085 = CIRCLE('',#1086,0.101499873);
#1086 = AXIS2_PLACEMENT_3D('',#1087,#1088,#1089);
#1087 = CARTESIAN_POINT('',(13.530607061214,65.240030480061,0.));
#1088 = DIRECTION('',(0.,0.,-1.));
#1089 = DIRECTION('',(0.724999433594,0.688749461915,0.));
#1090 = ORIENTED_EDGE('',*,*,#1091,.T.);
#1091 = EDGE_CURVE('',#1083,#1092,#1094,.T.);
#1092 = VERTEX_POINT('',#1093);
#1093 = CARTESIAN_POINT('',(13.426211569204,65.202552119859,0.));
#1094 = LINE('',#1095,#1096);
#1095 = CARTESIAN_POINT('',(13.457019710779,65.170122497148,0.));
#1096 = VECTOR('',#1097,1.);
#1097 = DIRECTION('',(-0.688749461915,0.724999433594,0.));
#1098 = ORIENTED_EDGE('',*,*,#1099,.T.);
#1099 = EDGE_CURVE('',#1092,#1100,#1102,.T.);
#1100 = VERTEX_POINT('',#1101);
#1101 = CARTESIAN_POINT('',(13.389675650396,65.214730759462,0.));
#1102 = LINE('',#1103,#1104);
#1103 = CARTESIAN_POINT('',(13.426211569204,65.202552119859,0.));
#1104 = VECTOR('',#1105,1.);
#1105 = DIRECTION('',(-0.948683298051,0.316227766017,0.));
#1106 = ORIENTED_EDGE('',*,*,#1107,.T.);
#1107 = EDGE_CURVE('',#1100,#1108,#1110,.T.);
#1108 = VERTEX_POINT('',#1109);
#1109 = CARTESIAN_POINT('',(13.32409518439,65.214730759462,0.));
#1110 = LINE('',#1111,#1112);
#1111 = CARTESIAN_POINT('',(13.389675650396,65.214730759462,0.));
#1112 = VECTOR('',#1113,1.);
#1113 = DIRECTION('',(-1.,0.,0.));
#1114 = ORIENTED_EDGE('',*,*,#1115,.T.);
#1115 = EDGE_CURVE('',#1108,#1116,#1118,.T.);
#1116 = VERTEX_POINT('',#1117);
#1117 = CARTESIAN_POINT('',(13.288756890584,65.202545140908,0.));
#1118 = LINE('',#1119,#1120);
#1119 = CARTESIAN_POINT('',(13.32409518439,65.214730759462,0.));
#1120 = VECTOR('',#1121,1.);
#1121 = DIRECTION('',(-0.945372981626,-0.325990683319,0.));
#1122 = ORIENTED_EDGE('',*,*,#1123,.T.);
#1123 = EDGE_CURVE('',#1116,#1124,#1126,.T.);
#1124 = VERTEX_POINT('',#1125);
#1125 = CARTESIAN_POINT('',(13.311956034344,65.187051465149,0.));
#1126 = CIRCLE('',#1127,4.944328481702E-02);
#1127 = AXIS2_PLACEMENT_3D('',#1128,#1129,#1130);
#1128 = CARTESIAN_POINT('',(13.326701097862,65.23424491295,0.));
#1129 = DIRECTION('',(0.,0.,1.));
#1130 = DIRECTION('',(-0.767428932336,-0.641134021725,0.));
#1131 = ORIENTED_EDGE('',*,*,#1132,.T.);
#1132 = EDGE_CURVE('',#1124,#1133,#1135,.T.);
#1133 = VERTEX_POINT('',#1134);
#1134 = CARTESIAN_POINT('',(13.312799458102,65.186783906076,0.));
#1135 = CIRCLE('',#1136,0.101499873);
#1136 = AXIS2_PLACEMENT_3D('',#1137,#1138,#1139);
#1137 = CARTESIAN_POINT('',(13.281686563374,65.09017018034,0.));
#1138 = DIRECTION('',(0.,0.,-1.));
#1139 = DIRECTION('',(0.298221762013,0.954496611132,0.));
#1140 = ORIENTED_EDGE('',*,*,#1141,.T.);
#1141 = EDGE_CURVE('',#1133,#1142,#1144,.T.);
#1142 = VERTEX_POINT('',#1143);
#1143 = CARTESIAN_POINT('',(13.462659757822,65.138523809556,0.));
#1144 = LINE('',#1145,#1146);
#1145 = CARTESIAN_POINT('',(13.312799458102,65.186783906076,0.));
#1146 = VECTOR('',#1147,1.);
#1147 = DIRECTION('',(0.951860557857,-0.306531366089,0.));
#1148 = ORIENTED_EDGE('',*,*,#1149,.T.);
#1149 = EDGE_CURVE('',#1142,#1150,#1152,.T.);
#1150 = VERTEX_POINT('',#1151);
#1151 = CARTESIAN_POINT('',(13.476938986241,65.132694330114,0.));
#1152 = CIRCLE('',#1153,0.101499873);
#1153 = AXIS2_PLACEMENT_3D('',#1154,#1155,#1156);
#1154 = CARTESIAN_POINT('',(13.431546863094,65.04191008382,0.));
#1155 = DIRECTION('',(0.,0.,-1.));
#1156 = DIRECTION('',(0.30653136609,0.951860557857,0.));
#1157 = ORIENTED_EDGE('',*,*,#1158,.T.);
#1158 = EDGE_CURVE('',#1150,#1159,#1161,.T.);
#1159 = VERTEX_POINT('',#1160);
#1160 = CARTESIAN_POINT('',(13.527739087841,65.107294279314,0.));
#1161 = LINE('',#1162,#1163);
#1162 = CARTESIAN_POINT('',(13.476938986241,65.132694330114,0.));
#1163 = VECTOR('',#1164,1.);
#1164 = DIRECTION('',(0.894427191,-0.4472135955,0.));
#1165 = ORIENTED_EDGE('',*,*,#1166,.T.);
#1166 = EDGE_CURVE('',#1159,#1167,#1169,.T.);
#1167 = VERTEX_POINT('',#1168);
#1168 = CARTESIAN_POINT('',(13.550566398431,65.091665425904,0.));
#1169 = CIRCLE('',#1170,0.101499873);
#1170 = AXIS2_PLACEMENT_3D('',#1171,#1172,#1173);
#1171 = CARTESIAN_POINT('',(13.482346964694,65.01651003302,0.));
#1172 = DIRECTION('',(0.,0.,-1.));
#1173 = DIRECTION('',(0.4472135955,0.894427191,0.));
#1174 = ORIENTED_EDGE('',*,*,#1175,.T.);
#1175 = EDGE_CURVE('',#1167,#1176,#1178,.T.);
#1176 = VERTEX_POINT('',#1177);
#1177 = CARTESIAN_POINT('',(13.627710489186,64.969858966818,0.));
#1178 = CIRCLE('',#1179,0.271088387249);
#1179 = AXIS2_PLACEMENT_3D('',#1180,#1181,#1182);
#1180 = CARTESIAN_POINT('',(13.36836423675,64.890938531891,0.));
#1181 = DIRECTION('',(0.,0.,-1.));
#1182 = DIRECTION('',(0.672113488629,0.740448147005,0.));
#1183 = ORIENTED_EDGE('',*,*,#1184,.T.);
#1184 = EDGE_CURVE('',#1176,#1185,#1187,.T.);
#1185 = VERTEX_POINT('',#1186);
#1186 = CARTESIAN_POINT('',(13.632106934214,64.94030988062,0.));
#1187 = CIRCLE('',#1188,0.101499873);
#1188 = AXIS2_PLACEMENT_3D('',#1189,#1190,#1191);
#1189 = CARTESIAN_POINT('',(13.530607061214,64.94030988062,0.));
#1190 = DIRECTION('',(0.,0.,-1.));
#1191 = DIRECTION('',(0.95668521646,0.291124366219,0.));
#1192 = ORIENTED_EDGE('',*,*,#1193,.T.);
#1193 = EDGE_CURVE('',#1185,#1194,#1196,.T.);
#1194 = VERTEX_POINT('',#1195);
#1195 = CARTESIAN_POINT('',(13.632106934214,64.866649733299,0.));
#1196 = LINE('',#1197,#1198);
#1197 = CARTESIAN_POINT('',(13.632106934214,64.94030988062,0.));
#1198 = VECTOR('',#1199,1.);
#1199 = DIRECTION('',(2.411557543697E-14,-1.,0.));
#1200 = ORIENTED_EDGE('',*,*,#1201,.T.);
#1201 = EDGE_CURVE('',#1194,#1202,#1204,.T.);
#1202 = VERTEX_POINT('',#1203);
#1203 = CARTESIAN_POINT('',(13.604194411649,64.796741750387,0.));
#1204 = CIRCLE('',#1205,0.101499873);
#1205 = AXIS2_PLACEMENT_3D('',#1206,#1207,#1208);
#1206 = CARTESIAN_POINT('',(13.530607061214,64.866649733299,0.));
#1207 = DIRECTION('',(0.,0.,-1.));
#1208 = DIRECTION('',(1.,-1.083130593686E-14,0.));
#1209 = ORIENTED_EDGE('',*,*,#1210,.T.);
#1210 = EDGE_CURVE('',#1202,#1211,#1213,.T.);
#1211 = VERTEX_POINT('',#1212);
#1212 = CARTESIAN_POINT('',(13.555934315129,64.745941648786,0.));
#1213 = LINE('',#1214,#1215);
#1214 = CARTESIAN_POINT('',(13.604194411649,64.796741750387,0.));
#1215 = VECTOR('',#1216,1.);
#1216 = DIRECTION('',(-0.688749461915,-0.724999433594,0.));
#1217 = ORIENTED_EDGE('',*,*,#1218,.T.);
#1218 = EDGE_CURVE('',#1211,#1219,#1221,.T.);
#1219 = VERTEX_POINT('',#1220);
#1220 = CARTESIAN_POINT('',(13.524364061726,64.723454892802,0.));
#1221 = CIRCLE('',#1222,0.101499873);
#1222 = AXIS2_PLACEMENT_3D('',#1223,#1224,#1225);
#1223 = CARTESIAN_POINT('',(13.482346964694,64.815849631699,0.));
#1224 = DIRECTION('',(0.,0.,-1.));
#1225 = DIRECTION('',(0.724999433594,-0.688749461915,0.));
#1226 = ORIENTED_EDGE('',*,*,#1227,.T.);
#1227 = EDGE_CURVE('',#1219,#1228,#1230,.T.);
#1228 = VERTEX_POINT('',#1229);
#1229 = CARTESIAN_POINT('',(13.191409369821,64.723454892801,0.));
#1230 = CIRCLE('',#1231,0.402156042782);
#1231 = AXIS2_PLACEMENT_3D('',#1232,#1233,#1234);
#1232 = CARTESIAN_POINT('',(13.357886715773,65.08953517912,0.));
#1233 = DIRECTION('',(0.,0.,-1.));
#1234 = DIRECTION('',(0.413962065074,-0.910294133058,0.));
#1235 = ORIENTED_EDGE('',*,*,#1236,.T.);
#1236 = EDGE_CURVE('',#1228,#1237,#1239,.T.);
#1237 = VERTEX_POINT('',#1238);
#1238 = CARTESIAN_POINT('',(13.161655218365,64.744078383212,0.));
#1239 = CIRCLE('',#1240,0.101499873);
#1240 = AXIS2_PLACEMENT_3D('',#1241,#1242,#1243);
#1241 = CARTESIAN_POINT('',(13.233426466853,64.815849631699,0.));
#1242 = DIRECTION('',(0.,0.,-1.));
#1243 = DIRECTION('',(-0.413962065075,-0.910294133058,-0.));
#1244 = ORIENTED_EDGE('',*,*,#1245,.T.);
#1245 = EDGE_CURVE('',#1237,#1246,#1248,.T.);
#1246 = VERTEX_POINT('',#1247);
#1247 = CARTESIAN_POINT('',(13.110855116765,64.794878484812,0.));
#1248 = LINE('',#1249,#1250);
#1249 = CARTESIAN_POINT('',(13.161655218365,64.744078383212,0.));
#1250 = VECTOR('',#1251,1.);
#1251 = DIRECTION('',(-0.707106781187,0.707106781187,0.));
#1252 = ORIENTED_EDGE('',*,*,#1253,.T.);
#1253 = EDGE_CURVE('',#1246,#1254,#1256,.T.);
#1254 = VERTEX_POINT('',#1255);
#1255 = CARTESIAN_POINT('',(13.25439761374,64.938420981787,0.));
#1256 = CIRCLE('',#1257,0.101499873);
#1257 = AXIS2_PLACEMENT_3D('',#1258,#1259,#1260);
#1258 = CARTESIAN_POINT('',(13.182626365253,64.866649733299,0.));
#1259 = DIRECTION('',(0.,0.,-1.));
#1260 = DIRECTION('',(-0.707106781187,-0.707106781187,-0.));
#1261 = ORIENTED_EDGE('',*,*,#1262,.T.);
#1262 = EDGE_CURVE('',#1254,#1263,#1265,.T.);
#1263 = VERTEX_POINT('',#1264);
#1264 = CARTESIAN_POINT('',(13.290800556308,64.90201803922,0.));
#1265 = LINE('',#1266,#1267);
#1266 = CARTESIAN_POINT('',(13.25439761374,64.938420981787,0.));
#1267 = VECTOR('',#1268,1.);
#1268 = DIRECTION('',(0.707106781186,-0.707106781187,0.));
#1269 = ORIENTED_EDGE('',*,*,#1270,.T.);
#1270 = EDGE_CURVE('',#1263,#1271,#1273,.T.);
#1271 = VERTEX_POINT('',#1272);
#1272 = CARTESIAN_POINT('',(13.423818465412,64.901609036878,0.));
#1273 = CIRCLE('',#1274,0.199156296783);
#1274 = AXIS2_PLACEMENT_3D('',#1275,#1276,#1277);
#1275 = CARTESIAN_POINT('',(13.357886715773,65.08953517912,0.));
#1276 = DIRECTION('',(0.,0.,1.));
#1277 = DIRECTION('',(-0.336851812115,-0.941557675703,0.));
#1278 = ORIENTED_EDGE('',*,*,#1279,.T.);
#1279 = EDGE_CURVE('',#1271,#1280,#1282,.T.);
#1280 = VERTEX_POINT('',#1281);
#1281 = CARTESIAN_POINT('',(13.429107188214,64.907176113512,0.));
#1282 = LINE('',#1283,#1284);
#1283 = CARTESIAN_POINT('',(13.423818465412,64.901609036878,0.));
#1284 = VECTOR('',#1285,1.);
#1285 = DIRECTION('',(0.688749461914,0.724999433595,0.));
#1286 = ORIENTED_EDGE('',*,*,#1287,.T.);
#1287 = EDGE_CURVE('',#1280,#1288,#1290,.T.);
#1288 = VERTEX_POINT('',#1289);
#1289 = CARTESIAN_POINT('',(13.429107188214,64.92170144649,0.));
#1290 = LINE('',#1291,#1292);
#1291 = CARTESIAN_POINT('',(13.429107188214,64.907176113512,0.));
#1292 = VECTOR('',#1293,1.);
#1293 = DIRECTION('',(0.,1.,0.));
#1294 = ORIENTED_EDGE('',*,*,#1295,.T.);
#1295 = EDGE_CURVE('',#1288,#954,#1296,.T.);
#1296 = CIRCLE('',#1297,6.80886412496E-02);
#1297 = AXIS2_PLACEMENT_3D('',#1298,#1299,#1300);
#1298 = CARTESIAN_POINT('',(13.36836423675,64.890938531891,0.));
#1299 = DIRECTION('',(0.,0.,1.));
#1300 = DIRECTION('',(0.892115782446,0.451806851111,-0.));
#1301 = PLANE('',#1302);
#1302 = AXIS2_PLACEMENT_3D('',#1303,#1304,#1305);
#1303 = CARTESIAN_POINT('',(13.359610998742,65.055245053521,0.));
#1304 = DIRECTION('',(-0.,-0.,-1.));
#1305 = DIRECTION('',(-1.,0.,0.));
#1306 = SHELL_BASED_SURFACE_MODEL('',(#1307));
#1307 = OPEN_SHELL('',(#1308));
#1308 = ADVANCED_FACE('',(#1309),#1603,.T.);
#1309 = FACE_BOUND('',#1310,.T.);
#1310 = EDGE_LOOP('',(#1311,#1322,#1331,#1339,#1348,#1357,#1366,#1374,
    #1383,#1391,#1400,#1408,#1417,#1426,#1435,#1444,#1452,#1460,#1468,
    #1477,#1485,#1494,#1502,#1510,#1518,#1527,#1536,#1545,#1554,#1562,
    #1571,#1579,#1588,#1596));
#1311 = ORIENTED_EDGE('',*,*,#1312,.T.);
#1312 = EDGE_CURVE('',#1313,#1315,#1317,.T.);
#1313 = VERTEX_POINT('',#1314);
#1314 = CARTESIAN_POINT('',(13.88506741387,64.739764114693,0.));
#1315 = VERTEX_POINT('',#1316);
#1316 = CARTESIAN_POINT('',(13.753353729591,64.972796017647,0.));
#1317 = CIRCLE('',#1318,0.409417915192);
#1318 = AXIS2_PLACEMENT_3D('',#1319,#1320,#1321);
#1319 = CARTESIAN_POINT('',(14.156051954056,65.046668673571,0.));
#1320 = DIRECTION('',(0.,0.,-1.));
#1321 = DIRECTION('',(-0.661877583102,-0.749611942932,-0.));
#1322 = ORIENTED_EDGE('',*,*,#1323,.T.);
#1323 = EDGE_CURVE('',#1315,#1324,#1326,.T.);
#1324 = VERTEX_POINT('',#1325);
#1325 = CARTESIAN_POINT('',(13.751687833376,64.99110998222,0.));
#1326 = CIRCLE('',#1327,0.101499873);
#1327 = AXIS2_PLACEMENT_3D('',#1328,#1329,#1330);
#1328 = CARTESIAN_POINT('',(13.853187706375,64.99110998222,0.));
#1329 = DIRECTION('',(0.,0.,-1.));
#1330 = DIRECTION('',(-0.983587208869,-0.180433374269,-0.));
#1331 = ORIENTED_EDGE('',*,*,#1332,.T.);
#1332 = EDGE_CURVE('',#1324,#1333,#1335,.T.);
#1333 = VERTEX_POINT('',#1334);
#1334 = CARTESIAN_POINT('',(13.751687833376,65.11557023114,0.));
#1335 = LINE('',#1336,#1337);
#1336 = CARTESIAN_POINT('',(13.751687833376,64.99110998222,0.));
#1337 = VECTOR('',#1338,1.);
#1338 = DIRECTION('',(1.427248342187E-14,1.,0.));
#1339 = ORIENTED_EDGE('',*,*,#1340,.T.);
#1340 = EDGE_CURVE('',#1333,#1341,#1343,.T.);
#1341 = VERTEX_POINT('',#1342);
#1342 = CARTESIAN_POINT('',(13.753353729592,65.133884195717,0.));
#1343 = CIRCLE('',#1344,0.101499873);
#1344 = AXIS2_PLACEMENT_3D('',#1345,#1346,#1347);
#1345 = CARTESIAN_POINT('',(13.853187706375,65.11557023114,0.));
#1346 = DIRECTION('',(0.,0.,-1.));
#1347 = DIRECTION('',(-1.,-5.899280595613E-14,-0.));
#1348 = ORIENTED_EDGE('',*,*,#1349,.T.);
#1349 = EDGE_CURVE('',#1341,#1350,#1352,.T.);
#1350 = VERTEX_POINT('',#1351);
#1351 = CARTESIAN_POINT('',(13.885067413867,65.366916098666,0.));
#1352 = CIRCLE('',#1353,0.40941791522);
#1353 = AXIS2_PLACEMENT_3D('',#1354,#1355,#1356);
#1354 = CARTESIAN_POINT('',(14.156051954081,65.060011539775,0.));
#1355 = DIRECTION('',(0.,0.,-1.));
#1356 = DIRECTION('',(-0.983587208863,0.1804333743,0.));
#1357 = ORIENTED_EDGE('',*,*,#1358,.T.);
#1358 = EDGE_CURVE('',#1350,#1359,#1361,.T.);
#1359 = VERTEX_POINT('',#1360);
#1360 = CARTESIAN_POINT('',(13.906855781349,65.381614827955,0.));
#1361 = CIRCLE('',#1362,0.101499873);
#1362 = AXIS2_PLACEMENT_3D('',#1363,#1364,#1365);
#1363 = CARTESIAN_POINT('',(13.952247904496,65.290830581661,0.));
#1364 = DIRECTION('',(0.,0.,-1.));
#1365 = DIRECTION('',(-0.661877583126,0.749611942912,0.));
#1366 = ORIENTED_EDGE('',*,*,#1367,.T.);
#1367 = EDGE_CURVE('',#1359,#1368,#1370,.T.);
#1368 = VERTEX_POINT('',#1369);
#1369 = CARTESIAN_POINT('',(13.957655882949,65.407014878755,0.));
#1370 = LINE('',#1371,#1372);
#1371 = CARTESIAN_POINT('',(13.906855781349,65.381614827955,0.));
#1372 = VECTOR('',#1373,1.);
#1373 = DIRECTION('',(0.894427191,0.4472135955,0.));
#1374 = ORIENTED_EDGE('',*,*,#1375,.T.);
#1375 = EDGE_CURVE('',#1368,#1376,#1378,.T.);
#1376 = VERTEX_POINT('',#1377);
#1377 = CARTESIAN_POINT('',(14.003048006096,65.417730505461,0.));
#1378 = CIRCLE('',#1379,0.101499873);
#1379 = AXIS2_PLACEMENT_3D('',#1380,#1381,#1382);
#1380 = CARTESIAN_POINT('',(14.003048006096,65.316230632461,0.));
#1381 = DIRECTION('',(0.,0.,-1.));
#1382 = DIRECTION('',(-0.4472135955,0.894427191,0.));
#1383 = ORIENTED_EDGE('',*,*,#1384,.T.);
#1384 = EDGE_CURVE('',#1376,#1385,#1387,.T.);
#1385 = VERTEX_POINT('',#1386);
#1386 = CARTESIAN_POINT('',(14.102108204216,65.417730505461,0.));
#1387 = LINE('',#1388,#1389);
#1388 = CARTESIAN_POINT('',(14.003048006096,65.417730505461,0.));
#1389 = VECTOR('',#1390,1.);
#1390 = DIRECTION('',(1.,0.,0.));
#1391 = ORIENTED_EDGE('',*,*,#1392,.T.);
#1392 = EDGE_CURVE('',#1385,#1393,#1395,.T.);
#1393 = VERTEX_POINT('',#1394);
#1394 = CARTESIAN_POINT('',(14.147500327363,65.407014878755,0.));
#1395 = CIRCLE('',#1396,0.101499873);
#1396 = AXIS2_PLACEMENT_3D('',#1397,#1398,#1399);
#1397 = CARTESIAN_POINT('',(14.102108204216,65.316230632461,0.));
#1398 = DIRECTION('',(0.,0.,-1.));
#1399 = DIRECTION('',(-4.753402326815E-14,1.,0.));
#1400 = ORIENTED_EDGE('',*,*,#1401,.T.);
#1401 = EDGE_CURVE('',#1393,#1402,#1404,.T.);
#1402 = VERTEX_POINT('',#1403);
#1403 = CARTESIAN_POINT('',(14.198300428964,65.381614827955,0.));
#1404 = LINE('',#1405,#1406);
#1405 = CARTESIAN_POINT('',(14.147500327363,65.407014878755,0.));
#1406 = VECTOR('',#1407,1.);
#1407 = DIRECTION('',(0.894427191,-0.4472135955,0.));
#1408 = ORIENTED_EDGE('',*,*,#1409,.T.);
#1409 = EDGE_CURVE('',#1402,#1410,#1412,.T.);
#1410 = VERTEX_POINT('',#1411);
#1411 = CARTESIAN_POINT('',(14.214122168584,65.371794074818,0.));
#1412 = CIRCLE('',#1413,0.101499873);
#1413 = AXIS2_PLACEMENT_3D('',#1414,#1415,#1416);
#1414 = CARTESIAN_POINT('',(14.152908305817,65.290830581661,0.));
#1415 = DIRECTION('',(0.,0.,-1.));
#1416 = DIRECTION('',(0.4472135955,0.894427191,0.));
#1417 = ORIENTED_EDGE('',*,*,#1418,.T.);
#1418 = EDGE_CURVE('',#1410,#1419,#1421,.T.);
#1419 = VERTEX_POINT('',#1420);
#1420 = CARTESIAN_POINT('',(14.322552322847,65.22223524135,0.));
#1421 = CIRCLE('',#1422,0.316527025864);
#1422 = AXIS2_PLACEMENT_3D('',#1423,#1424,#1425);
#1423 = CARTESIAN_POINT('',(14.023226935411,65.119309683113,0.));
#1424 = DIRECTION('',(0.,0.,-1.));
#1425 = DIRECTION('',(0.60309299862,0.797670881389,0.));
#1426 = ORIENTED_EDGE('',*,*,#1427,.T.);
#1427 = EDGE_CURVE('',#1419,#1428,#1430,.T.);
#1428 = VERTEX_POINT('',#1429);
#1429 = CARTESIAN_POINT('',(14.130584583426,65.156225515571,0.));
#1430 = CIRCLE('',#1431,0.101499873);
#1431 = AXIS2_PLACEMENT_3D('',#1432,#1433,#1434);
#1432 = CARTESIAN_POINT('',(14.226568453137,65.189230378461,0.));
#1433 = DIRECTION('',(0.,0.,-1.));
#1434 = DIRECTION('',(0.945655072009,0.325171469817,0.));
#1435 = ORIENTED_EDGE('',*,*,#1436,.T.);
#1436 = EDGE_CURVE('',#1428,#1437,#1439,.T.);
#1437 = VERTEX_POINT('',#1438);
#1438 = CARTESIAN_POINT('',(14.097813232794,65.204897810305,0.));
#1439 = CIRCLE('',#1440,0.113527279865);
#1440 = AXIS2_PLACEMENT_3D('',#1441,#1442,#1443);
#1441 = CARTESIAN_POINT('',(14.023226935411,65.119309683113,0.));
#1442 = DIRECTION('',(0.,0.,1.));
#1443 = DIRECTION('',(0.945655072009,0.325171469817,-0.));
#1444 = ORIENTED_EDGE('',*,*,#1445,.T.);
#1445 = EDGE_CURVE('',#1437,#1446,#1448,.T.);
#1446 = VERTEX_POINT('',#1447);
#1447 = CARTESIAN_POINT('',(14.078147334481,65.214730759462,0.));
#1448 = LINE('',#1449,#1450);
#1449 = CARTESIAN_POINT('',(14.097813232794,65.204897810305,0.));
#1450 = VECTOR('',#1451,1.);
#1451 = DIRECTION('',(-0.894427191,0.4472135955,0.));
#1452 = ORIENTED_EDGE('',*,*,#1453,.T.);
#1453 = EDGE_CURVE('',#1446,#1454,#1456,.T.);
#1454 = VERTEX_POINT('',#1455);
#1455 = CARTESIAN_POINT('',(14.027008875832,65.214730759462,0.));
#1456 = LINE('',#1457,#1458);
#1457 = CARTESIAN_POINT('',(14.078147334481,65.214730759462,0.));
#1458 = VECTOR('',#1459,1.);
#1459 = DIRECTION('',(-1.,0.,0.));
#1460 = ORIENTED_EDGE('',*,*,#1461,.T.);
#1461 = EDGE_CURVE('',#1454,#1462,#1464,.T.);
#1462 = VERTEX_POINT('',#1463);
#1463 = CARTESIAN_POINT('',(14.010699758751,65.206576200921,0.));
#1464 = LINE('',#1465,#1466);
#1465 = CARTESIAN_POINT('',(14.027008875832,65.214730759462,0.));
#1466 = VECTOR('',#1467,1.);
#1467 = DIRECTION('',(-0.894427191,-0.4472135955,0.));
#1468 = ORIENTED_EDGE('',*,*,#1469,.T.);
#1469 = EDGE_CURVE('',#1462,#1470,#1472,.T.);
#1470 = VERTEX_POINT('',#1471);
#1471 = CARTESIAN_POINT('',(13.954687579375,65.105408116557,0.));
#1472 = CIRCLE('',#1473,0.20641816922);
#1473 = AXIS2_PLACEMENT_3D('',#1474,#1475,#1476);
#1474 = CARTESIAN_POINT('',(14.156051954081,65.060011539775,0.));
#1475 = DIRECTION('',(0.,0.,1.));
#1476 = DIRECTION('',(-0.70416376562,0.710037598432,0.));
#1477 = ORIENTED_EDGE('',*,*,#1478,.T.);
#1478 = EDGE_CURVE('',#1470,#1479,#1481,.T.);
#1479 = VERTEX_POINT('',#1480);
#1480 = CARTESIAN_POINT('',(13.954687579375,65.001272096802,0.));
#1481 = LINE('',#1482,#1483);
#1482 = CARTESIAN_POINT('',(13.954687579375,65.105408116557,0.));
#1483 = VECTOR('',#1484,1.);
#1484 = DIRECTION('',(0.,-1.,0.));
#1485 = ORIENTED_EDGE('',*,*,#1486,.T.);
#1486 = EDGE_CURVE('',#1479,#1487,#1489,.T.);
#1487 = VERTEX_POINT('',#1488);
#1488 = CARTESIAN_POINT('',(14.009346534641,64.90145854828,0.));
#1489 = CIRCLE('',#1490,0.206418169193);
#1490 = AXIS2_PLACEMENT_3D('',#1491,#1492,#1493);
#1491 = CARTESIAN_POINT('',(14.156051954056,65.046668673571,0.));
#1492 = DIRECTION('',(0.,0.,1.));
#1493 = DIRECTION('',(-0.975516716712,-0.219925295078,0.));
#1494 = ORIENTED_EDGE('',*,*,#1495,.T.);
#1495 = EDGE_CURVE('',#1487,#1496,#1498,.T.);
#1496 = VERTEX_POINT('',#1497);
#1497 = CARTESIAN_POINT('',(14.024833399753,64.894489458979,0.));
#1498 = LINE('',#1499,#1500);
#1499 = CARTESIAN_POINT('',(14.009346534641,64.90145854828,0.));
#1500 = VECTOR('',#1501,1.);
#1501 = DIRECTION('',(0.911921505175,-0.410364677329,0.));
#1502 = ORIENTED_EDGE('',*,*,#1503,.T.);
#1503 = EDGE_CURVE('',#1496,#1504,#1506,.T.);
#1504 = VERTEX_POINT('',#1505);
#1505 = CARTESIAN_POINT('',(14.080322810559,64.894489458979,0.));
#1506 = LINE('',#1507,#1508);
#1507 = CARTESIAN_POINT('',(14.024833399753,64.894489458979,0.));
#1508 = VECTOR('',#1509,1.);
#1509 = DIRECTION('',(1.,0.,0.));
#1510 = ORIENTED_EDGE('',*,*,#1511,.T.);
#1511 = EDGE_CURVE('',#1504,#1512,#1514,.T.);
#1512 = VERTEX_POINT('',#1513);
#1513 = CARTESIAN_POINT('',(14.099140508865,64.902957423217,0.));
#1514 = LINE('',#1515,#1516);
#1515 = CARTESIAN_POINT('',(14.080322810559,64.894489458979,0.));
#1516 = VECTOR('',#1517,1.);
#1517 = DIRECTION('',(0.911921505175,0.410364677329,0.));
#1518 = ORIENTED_EDGE('',*,*,#1519,.T.);
#1519 = EDGE_CURVE('',#1512,#1520,#1522,.T.);
#1520 = VERTEX_POINT('',#1521);
#1521 = CARTESIAN_POINT('',(14.13058458343,64.950454697799,0.));
#1522 = CIRCLE('',#1523,0.113527279939);
#1523 = AXIS2_PLACEMENT_3D('',#1524,#1525,#1526);
#1524 = CARTESIAN_POINT('',(14.023226935348,64.987370530293,0.));
#1525 = DIRECTION('',(0.,0.,1.));
#1526 = DIRECTION('',(0.668681338596,-0.743549102221,0.));
#1527 = ORIENTED_EDGE('',*,*,#1528,.T.);
#1528 = EDGE_CURVE('',#1520,#1529,#1531,.T.);
#1529 = VERTEX_POINT('',#1530);
#1530 = CARTESIAN_POINT('',(14.322552322844,64.884444972,0.));
#1531 = CIRCLE('',#1532,0.101499873);
#1532 = AXIS2_PLACEMENT_3D('',#1533,#1534,#1535);
#1533 = CARTESIAN_POINT('',(14.226568453137,64.9174498349,0.));
#1534 = DIRECTION('',(0.,0.,-1.));
#1535 = DIRECTION('',(-0.945655071975,0.325171469917,0.));
#1536 = ORIENTED_EDGE('',*,*,#1537,.T.);
#1537 = EDGE_CURVE('',#1529,#1538,#1540,.T.);
#1538 = VERTEX_POINT('',#1539);
#1539 = CARTESIAN_POINT('',(14.214122168592,64.734886138549,0.));
#1540 = CIRCLE('',#1541,0.316527025939);
#1541 = AXIS2_PLACEMENT_3D('',#1542,#1543,#1544);
#1542 = CARTESIAN_POINT('',(14.023226935348,64.987370530293,0.));
#1543 = DIRECTION('',(0.,0.,-1.));
#1544 = DIRECTION('',(0.945655071975,-0.325171469917,0.));
#1545 = ORIENTED_EDGE('',*,*,#1546,.T.);
#1546 = EDGE_CURVE('',#1538,#1547,#1549,.T.);
#1547 = VERTEX_POINT('',#1548);
#1548 = CARTESIAN_POINT('',(14.194560268449,64.723289714738,0.));
#1549 = CIRCLE('',#1550,0.101499873);
#1550 = AXIS2_PLACEMENT_3D('',#1551,#1552,#1553);
#1551 = CARTESIAN_POINT('',(14.152908305817,64.815849631699,0.));
#1552 = DIRECTION('',(0.,0.,-1.));
#1553 = DIRECTION('',(0.603092998703,-0.797670881326,0.));
#1554 = ORIENTED_EDGE('',*,*,#1555,.T.);
#1555 = EDGE_CURVE('',#1547,#1556,#1558,.T.);
#1556 = VERTEX_POINT('',#1557);
#1557 = CARTESIAN_POINT('',(14.143760166849,64.700429669018,0.));
#1558 = LINE('',#1559,#1560);
#1559 = CARTESIAN_POINT('',(14.194560268449,64.723289714738,0.));
#1560 = VECTOR('',#1561,1.);
#1561 = DIRECTION('',(-0.911921505175,-0.410364677329,0.));
#1562 = ORIENTED_EDGE('',*,*,#1563,.T.);
#1563 = EDGE_CURVE('',#1556,#1564,#1566,.T.);
#1564 = VERTEX_POINT('',#1565);
#1565 = CARTESIAN_POINT('',(14.102108204216,64.691489712979,0.));
#1566 = CIRCLE('',#1567,0.101499873);
#1567 = AXIS2_PLACEMENT_3D('',#1568,#1569,#1570);
#1568 = CARTESIAN_POINT('',(14.102108204216,64.792989585979,0.));
#1569 = DIRECTION('',(0.,0.,-1.));
#1570 = DIRECTION('',(0.410364677329,-0.911921505175,0.));
#1571 = ORIENTED_EDGE('',*,*,#1572,.T.);
#1572 = EDGE_CURVE('',#1564,#1573,#1575,.T.);
#1573 = VERTEX_POINT('',#1574);
#1574 = CARTESIAN_POINT('',(14.003048006096,64.691489712979,0.));
#1575 = LINE('',#1576,#1577);
#1576 = CARTESIAN_POINT('',(14.102108204216,64.691489712979,0.));
#1577 = VECTOR('',#1578,1.);
#1578 = DIRECTION('',(-1.,1.434567564455E-13,0.));
#1579 = ORIENTED_EDGE('',*,*,#1580,.T.);
#1580 = EDGE_CURVE('',#1573,#1581,#1583,.T.);
#1581 = VERTEX_POINT('',#1582);
#1582 = CARTESIAN_POINT('',(13.961396043464,64.700429669018,0.));
#1583 = CIRCLE('',#1584,0.101499873);
#1584 = AXIS2_PLACEMENT_3D('',#1585,#1586,#1587);
#1585 = CARTESIAN_POINT('',(14.003048006096,64.792989585979,0.));
#1586 = DIRECTION('',(-0.,0.,-1.));
#1587 = DIRECTION('',(1.676876811783E-13,-1.,-0.));
#1588 = ORIENTED_EDGE('',*,*,#1589,.T.);
#1589 = EDGE_CURVE('',#1581,#1590,#1592,.T.);
#1590 = VERTEX_POINT('',#1591);
#1591 = CARTESIAN_POINT('',(13.910595941863,64.723289714738,0.));
#1592 = LINE('',#1593,#1594);
#1593 = CARTESIAN_POINT('',(13.961396043464,64.700429669018,0.));
#1594 = VECTOR('',#1595,1.);
#1595 = DIRECTION('',(-0.911921505175,0.410364677329,0.));
#1596 = ORIENTED_EDGE('',*,*,#1597,.T.);
#1597 = EDGE_CURVE('',#1590,#1313,#1598,.T.);
#1598 = CIRCLE('',#1599,0.101499873);
#1599 = AXIS2_PLACEMENT_3D('',#1600,#1601,#1602);
#1600 = CARTESIAN_POINT('',(13.952247904496,64.815849631699,0.));
#1601 = DIRECTION('',(0.,0.,-1.));
#1602 = DIRECTION('',(-0.410364677329,-0.911921505175,-0.));
#1603 = PLANE('',#1604);
#1604 = AXIS2_PLACEMENT_3D('',#1605,#1606,#1607);
#1605 = CARTESIAN_POINT('',(14.051499506755,65.053944898986,0.));
#1606 = DIRECTION('',(-0.,-0.,-1.));
#1607 = DIRECTION('',(-1.,0.,0.));
#1608 = SHELL_BASED_SURFACE_MODEL('',(#1609));
#1609 = OPEN_SHELL('',(#1610));
#1610 = ADVANCED_FACE('',(#1611),#1672,.T.);
#1611 = FACE_BOUND('',#1612,.T.);
#1612 = EDGE_LOOP('',(#1613,#1623,#1632,#1640,#1649,#1657,#1665));
#1613 = ORIENTED_EDGE('',*,*,#1614,.T.);
#1614 = EDGE_CURVE('',#1615,#1617,#1619,.T.);
#1615 = VERTEX_POINT('',#1616);
#1616 = CARTESIAN_POINT('',(14.848869697739,64.691489712979,0.));
#1617 = VERTEX_POINT('',#1618);
#1618 = CARTESIAN_POINT('',(14.549149098298,64.691489712979,0.));
#1619 = LINE('',#1620,#1621);
#1620 = CARTESIAN_POINT('',(14.848869697739,64.691489712979,0.));
#1621 = VECTOR('',#1622,1.);
#1622 = DIRECTION('',(-1.,0.,0.));
#1623 = ORIENTED_EDGE('',*,*,#1624,.T.);
#1624 = EDGE_CURVE('',#1617,#1625,#1627,.T.);
#1625 = VERTEX_POINT('',#1626);
#1626 = CARTESIAN_POINT('',(14.447649225298,64.792989585979,0.));
#1627 = CIRCLE('',#1628,0.101499873);
#1628 = AXIS2_PLACEMENT_3D('',#1629,#1630,#1631);
#1629 = CARTESIAN_POINT('',(14.549149098298,64.792989585979,0.));
#1630 = DIRECTION('',(0.,0.,-1.));
#1631 = DIRECTION('',(-4.940383314503E-14,-1.,-0.));
#1632 = ORIENTED_EDGE('',*,*,#1633,.T.);
#1633 = EDGE_CURVE('',#1625,#1634,#1636,.T.);
#1634 = VERTEX_POINT('',#1635);
#1635 = CARTESIAN_POINT('',(14.447649225298,65.316230632461,0.));
#1636 = LINE('',#1637,#1638);
#1637 = CARTESIAN_POINT('',(14.447649225298,64.792989585979,0.));
#1638 = VECTOR('',#1639,1.);
#1639 = DIRECTION('',(0.,1.,0.));
#1640 = ORIENTED_EDGE('',*,*,#1641,.T.);
#1641 = EDGE_CURVE('',#1634,#1642,#1644,.T.);
#1642 = VERTEX_POINT('',#1643);
#1643 = CARTESIAN_POINT('',(14.650648971298,65.316230632461,0.));
#1644 = CIRCLE('',#1645,0.101499873);
#1645 = AXIS2_PLACEMENT_3D('',#1646,#1647,#1648);
#1646 = CARTESIAN_POINT('',(14.549149098298,65.316230632461,0.));
#1647 = DIRECTION('',(0.,0.,-1.));
#1648 = DIRECTION('',(-1.,1.110223024625E-16,0.));
#1649 = ORIENTED_EDGE('',*,*,#1650,.T.);
#1650 = EDGE_CURVE('',#1642,#1651,#1653,.T.);
#1651 = VERTEX_POINT('',#1652);
#1652 = CARTESIAN_POINT('',(14.650648971298,64.894489458979,0.));
#1653 = LINE('',#1654,#1655);
#1654 = CARTESIAN_POINT('',(14.650648971298,65.316230632461,0.));
#1655 = VECTOR('',#1656,1.);
#1656 = DIRECTION('',(-4.211959730497E-15,-1.,0.));
#1657 = ORIENTED_EDGE('',*,*,#1658,.T.);
#1658 = EDGE_CURVE('',#1651,#1659,#1661,.T.);
#1659 = VERTEX_POINT('',#1660);
#1660 = CARTESIAN_POINT('',(14.848869697739,64.894489458979,0.));
#1661 = LINE('',#1662,#1663);
#1662 = CARTESIAN_POINT('',(14.650648971298,64.894489458979,0.));
#1663 = VECTOR('',#1664,1.);
#1664 = DIRECTION('',(1.,0.,0.));
#1665 = ORIENTED_EDGE('',*,*,#1666,.T.);
#1666 = EDGE_CURVE('',#1659,#1615,#1667,.T.);
#1667 = CIRCLE('',#1668,0.101499873);
#1668 = AXIS2_PLACEMENT_3D('',#1669,#1670,#1671);
#1669 = CARTESIAN_POINT('',(14.848869697739,64.792989585979,0.));
#1670 = DIRECTION('',(0.,0.,-1.));
#1671 = DIRECTION('',(1.110223024625E-16,1.,0.));
#1672 = PLANE('',#1673);
#1673 = AXIS2_PLACEMENT_3D('',#1674,#1675,#1676);
#1674 = CARTESIAN_POINT('',(14.627688719762,64.985584739304,0.));
#1675 = DIRECTION('',(-0.,-0.,-1.));
#1676 = DIRECTION('',(-1.,0.,0.));
#1677 = SHELL_BASED_SURFACE_MODEL('',(#1678));
#1678 = OPEN_SHELL('',(#1679));
#1679 = ADVANCED_FACE('',(#1680),#1782,.T.);
#1680 = FACE_BOUND('',#1681,.T.);
#1681 = EDGE_LOOP('',(#1682,#1692,#1700,#1708,#1717,#1725,#1734,#1742,
    #1750,#1759,#1767,#1775));
#1682 = ORIENTED_EDGE('',*,*,#1683,.T.);
#1683 = EDGE_CURVE('',#1684,#1686,#1688,.T.);
#1684 = VERTEX_POINT('',#1685);
#1685 = CARTESIAN_POINT('',(15.438314412773,64.731978790288,0.));
#1686 = VERTEX_POINT('',#1687);
#1687 = CARTESIAN_POINT('',(15.284912779818,64.935933234104,0.));
#1688 = LINE('',#1689,#1690);
#1689 = CARTESIAN_POINT('',(15.438314412773,64.731978790288,0.));
#1690 = VECTOR('',#1691,1.);
#1691 = DIRECTION('',(-0.60109233527,0.799179582121,0.));
#1692 = ORIENTED_EDGE('',*,*,#1693,.T.);
#1693 = EDGE_CURVE('',#1686,#1694,#1696,.T.);
#1694 = VERTEX_POINT('',#1695);
#1695 = CARTESIAN_POINT('',(15.2729502159,64.923883352202,0.));
#1696 = LINE('',#1697,#1698);
#1697 = CARTESIAN_POINT('',(15.284912779818,64.935933234104,0.));
#1698 = VECTOR('',#1699,1.);
#1699 = DIRECTION('',(-0.704530825761,-0.709673386533,0.));
#1700 = ORIENTED_EDGE('',*,*,#1701,.T.);
#1701 = EDGE_CURVE('',#1694,#1702,#1704,.T.);
#1702 = VERTEX_POINT('',#1703);
#1703 = CARTESIAN_POINT('',(15.2729502159,64.792989585979,0.));
#1704 = LINE('',#1705,#1706);
#1705 = CARTESIAN_POINT('',(15.2729502159,64.923883352202,0.));
#1706 = VECTOR('',#1707,1.);
#1707 = DIRECTION('',(0.,-1.,0.));
#1708 = ORIENTED_EDGE('',*,*,#1709,.T.);
#1709 = EDGE_CURVE('',#1702,#1710,#1712,.T.);
#1710 = VERTEX_POINT('',#1711);
#1711 = CARTESIAN_POINT('',(15.069950469901,64.792989585979,0.));
#1712 = CIRCLE('',#1713,0.101499873);
#1713 = AXIS2_PLACEMENT_3D('',#1714,#1715,#1716);
#1714 = CARTESIAN_POINT('',(15.171450342901,64.792989585979,0.));
#1715 = DIRECTION('',(-0.,0.,-1.));
#1716 = DIRECTION('',(1.,-1.110223024625E-16,-0.));
#1717 = ORIENTED_EDGE('',*,*,#1718,.T.);
#1718 = EDGE_CURVE('',#1710,#1719,#1721,.T.);
#1719 = VERTEX_POINT('',#1720);
#1720 = CARTESIAN_POINT('',(15.069950469901,65.316230632461,0.));
#1721 = LINE('',#1722,#1723);
#1722 = CARTESIAN_POINT('',(15.069950469901,64.792989585979,0.));
#1723 = VECTOR('',#1724,1.);
#1724 = DIRECTION('',(0.,1.,0.));
#1725 = ORIENTED_EDGE('',*,*,#1726,.T.);
#1726 = EDGE_CURVE('',#1719,#1727,#1729,.T.);
#1727 = VERTEX_POINT('',#1728);
#1728 = CARTESIAN_POINT('',(15.2729502159,65.316230632461,0.));
#1729 = CIRCLE('',#1730,0.101499873);
#1730 = AXIS2_PLACEMENT_3D('',#1731,#1732,#1733);
#1731 = CARTESIAN_POINT('',(15.171450342901,65.316230632461,0.));
#1732 = DIRECTION('',(0.,0.,-1.));
#1733 = DIRECTION('',(-1.,1.110223024625E-16,0.));
#1734 = ORIENTED_EDGE('',*,*,#1735,.T.);
#1735 = EDGE_CURVE('',#1727,#1736,#1738,.T.);
#1736 = VERTEX_POINT('',#1737);
#1737 = CARTESIAN_POINT('',(15.2729502159,65.212018006608,0.));
#1738 = LINE('',#1739,#1740);
#1739 = CARTESIAN_POINT('',(15.2729502159,65.316230632461,0.));
#1740 = VECTOR('',#1741,1.);
#1741 = DIRECTION('',(0.,-1.,0.));
#1742 = ORIENTED_EDGE('',*,*,#1743,.T.);
#1743 = EDGE_CURVE('',#1736,#1744,#1746,.T.);
#1744 = VERTEX_POINT('',#1745);
#1745 = CARTESIAN_POINT('',(15.447399280258,65.3877404218,0.));
#1746 = LINE('',#1747,#1748);
#1747 = CARTESIAN_POINT('',(15.2729502159,65.212018006608,0.));
#1748 = VECTOR('',#1749,1.);
#1749 = DIRECTION('',(0.704530825761,0.709673386533,0.));
#1750 = ORIENTED_EDGE('',*,*,#1751,.T.);
#1751 = EDGE_CURVE('',#1744,#1752,#1754,.T.);
#1752 = VERTEX_POINT('',#1753);
#1753 = CARTESIAN_POINT('',(15.591462797466,65.244720843122,0.));
#1754 = CIRCLE('',#1755,0.101499873);
#1755 = AXIS2_PLACEMENT_3D('',#1756,#1757,#1758);
#1756 = CARTESIAN_POINT('',(15.519431038862,65.316230632461,0.));
#1757 = DIRECTION('',(0.,0.,-1.));
#1758 = DIRECTION('',(-0.709673386533,0.704530825761,0.));
#1759 = ORIENTED_EDGE('',*,*,#1760,.T.);
#1760 = EDGE_CURVE('',#1752,#1761,#1763,.T.);
#1761 = VERTEX_POINT('',#1762);
#1762 = CARTESIAN_POINT('',(15.429431613626,65.08150694991,0.));
#1763 = LINE('',#1764,#1765);
#1764 = CARTESIAN_POINT('',(15.591462797466,65.244720843122,0.));
#1765 = VECTOR('',#1766,1.);
#1766 = DIRECTION('',(-0.704530825761,-0.709673386533,0.));
#1767 = ORIENTED_EDGE('',*,*,#1768,.T.);
#1768 = EDGE_CURVE('',#1761,#1769,#1771,.T.);
#1769 = VERTEX_POINT('',#1770);
#1770 = CARTESIAN_POINT('',(15.600547664951,64.85400038167,0.));
#1771 = LINE('',#1772,#1773);
#1772 = CARTESIAN_POINT('',(15.429431613626,65.08150694991,0.));
#1773 = VECTOR('',#1774,1.);
#1774 = DIRECTION('',(0.60109233527,-0.799179582121,0.));
#1775 = ORIENTED_EDGE('',*,*,#1776,.T.);
#1776 = EDGE_CURVE('',#1769,#1684,#1777,.T.);
#1777 = CIRCLE('',#1778,0.101499873);
#1778 = AXIS2_PLACEMENT_3D('',#1779,#1780,#1781);
#1779 = CARTESIAN_POINT('',(15.519431038862,64.792989585979,0.));
#1780 = DIRECTION('',(0.,0.,-1.));
#1781 = DIRECTION('',(0.799179582121,0.601092335271,0.));
#1782 = PLANE('',#1783);
#1783 = AXIS2_PLACEMENT_3D('',#1784,#1785,#1786);
#1784 = CARTESIAN_POINT('',(15.330484026809,65.05364328688,0.));
#1785 = DIRECTION('',(-0.,-0.,-1.));
#1786 = DIRECTION('',(-1.,0.,0.));
#1787 = SHELL_BASED_SURFACE_MODEL('',(#1788));
#1788 = OPEN_SHELL('',(#1789));
#1789 = ADVANCED_FACE('',(#1790),#1885,.T.);
#1790 = FACE_BOUND('',#1791,.T.);
#1791 = EDGE_LOOP('',(#1792,#1802,#1810,#1819,#1827,#1836,#1844,#1853,
    #1861,#1870,#1878));
#1792 = ORIENTED_EDGE('',*,*,#1793,.T.);
#1793 = EDGE_CURVE('',#1794,#1796,#1798,.T.);
#1794 = VERTEX_POINT('',#1795);
#1795 = CARTESIAN_POINT('',(18.357559714918,65.352172422715,0.));
#1796 = VERTEX_POINT('',#1797);
#1797 = CARTESIAN_POINT('',(18.461361042622,65.078030454677,0.));
#1798 = LINE('',#1799,#1800);
#1799 = CARTESIAN_POINT('',(18.357559714918,65.352172422715,0.));
#1800 = VECTOR('',#1801,1.);
#1801 = DIRECTION('',(0.35410675099,-0.935205009024,0.));
#1802 = ORIENTED_EDGE('',*,*,#1803,.T.);
#1803 = EDGE_CURVE('',#1796,#1804,#1806,.T.);
#1804 = VERTEX_POINT('',#1805);
#1805 = CARTESIAN_POINT('',(18.566647336725,65.352574462086,0.));
#1806 = LINE('',#1807,#1808);
#1807 = CARTESIAN_POINT('',(18.461361042622,65.078030454677,0.));
#1808 = VECTOR('',#1809,1.);
#1809 = DIRECTION('',(0.358067734967,0.9336956127,0.));
#1810 = ORIENTED_EDGE('',*,*,#1811,.T.);
#1811 = EDGE_CURVE('',#1804,#1812,#1814,.T.);
#1812 = VERTEX_POINT('',#1813);
#1813 = CARTESIAN_POINT('',(18.762917195834,65.316230632461,0.));
#1814 = CIRCLE('',#1815,0.101499873);
#1815 = AXIS2_PLACEMENT_3D('',#1816,#1817,#1818);
#1816 = CARTESIAN_POINT('',(18.661417322835,65.316230632461,0.));
#1817 = DIRECTION('',(0.,0.,-1.));
#1818 = DIRECTION('',(-0.9336956127,0.358067734967,0.));
#1819 = ORIENTED_EDGE('',*,*,#1820,.T.);
#1820 = EDGE_CURVE('',#1812,#1821,#1823,.T.);
#1821 = VERTEX_POINT('',#1822);
#1822 = CARTESIAN_POINT('',(18.762917195834,64.792989585979,0.));
#1823 = LINE('',#1824,#1825);
#1824 = CARTESIAN_POINT('',(18.762917195834,65.316230632461,0.));
#1825 = VECTOR('',#1826,1.);
#1826 = DIRECTION('',(0.,-1.,0.));
#1827 = ORIENTED_EDGE('',*,*,#1828,.T.);
#1828 = EDGE_CURVE('',#1821,#1829,#1831,.T.);
#1829 = VERTEX_POINT('',#1830);
#1830 = CARTESIAN_POINT('',(18.56186877108,64.773182767393,0.));
#1831 = CIRCLE('',#1832,0.101499873);
#1832 = AXIS2_PLACEMENT_3D('',#1833,#1834,#1835);
#1833 = CARTESIAN_POINT('',(18.661417322835,64.792989585979,0.));
#1834 = DIRECTION('',(0.,0.,-1.));
#1835 = DIRECTION('',(1.,-2.711716582568E-14,0.));
#1836 = ORIENTED_EDGE('',*,*,#1837,.T.);
#1837 = EDGE_CURVE('',#1829,#1838,#1840,.T.);
#1838 = VERTEX_POINT('',#1839);
#1839 = CARTESIAN_POINT('',(18.555526907623,64.756645756355,0.));
#1840 = LINE('',#1841,#1842);
#1841 = CARTESIAN_POINT('',(18.56186877108,64.773182767393,0.));
#1842 = VECTOR('',#1843,1.);
#1843 = DIRECTION('',(-0.358067734967,-0.9336956127,0.));
#1844 = ORIENTED_EDGE('',*,*,#1845,.T.);
#1845 = EDGE_CURVE('',#1838,#1846,#1848,.T.);
#1846 = VERTEX_POINT('',#1847);
#1847 = CARTESIAN_POINT('',(18.365833731869,64.757047795725,0.));
#1848 = CIRCLE('',#1849,0.101499873);
#1849 = AXIS2_PLACEMENT_3D('',#1850,#1851,#1852);
#1850 = CARTESIAN_POINT('',(18.460756921514,64.792989585979,0.));
#1851 = DIRECTION('',(-0.,0.,-1.));
#1852 = DIRECTION('',(0.9336956127,-0.358067734967,-0.));
#1853 = ORIENTED_EDGE('',*,*,#1854,.T.);
#1854 = EDGE_CURVE('',#1846,#1855,#1857,.T.);
#1855 = VERTEX_POINT('',#1856);
#1856 = CARTESIAN_POINT('',(18.361279224626,64.769076366136,0.));
#1857 = LINE('',#1858,#1859);
#1858 = CARTESIAN_POINT('',(18.365833731869,64.757047795725,0.));
#1859 = VECTOR('',#1860,1.);
#1860 = DIRECTION('',(-0.35410675099,0.935205009024,0.));
#1861 = ORIENTED_EDGE('',*,*,#1862,.T.);
#1862 = EDGE_CURVE('',#1855,#1863,#1865,.T.);
#1863 = VERTEX_POINT('',#1864);
#1864 = CARTESIAN_POINT('',(18.161136652273,64.792989585979,0.));
#1865 = CIRCLE('',#1866,0.101499873);
#1866 = AXIS2_PLACEMENT_3D('',#1867,#1868,#1869);
#1867 = CARTESIAN_POINT('',(18.262636525273,64.792989585979,0.));
#1868 = DIRECTION('',(-0.,0.,-1.));
#1869 = DIRECTION('',(0.971850470724,-0.235598519845,-0.));
#1870 = ORIENTED_EDGE('',*,*,#1871,.T.);
#1871 = EDGE_CURVE('',#1863,#1872,#1874,.T.);
#1872 = VERTEX_POINT('',#1873);
#1873 = CARTESIAN_POINT('',(18.161136652273,65.316230632461,0.));
#1874 = LINE('',#1875,#1876);
#1875 = CARTESIAN_POINT('',(18.161136652273,64.792989585979,0.));
#1876 = VECTOR('',#1877,1.);
#1877 = DIRECTION('',(0.,1.,0.));
#1878 = ORIENTED_EDGE('',*,*,#1879,.T.);
#1879 = EDGE_CURVE('',#1872,#1794,#1880,.T.);
#1880 = CIRCLE('',#1881,0.101499873);
#1881 = AXIS2_PLACEMENT_3D('',#1882,#1883,#1884);
#1882 = CARTESIAN_POINT('',(18.262636525273,65.316230632461,0.));
#1883 = DIRECTION('',(0.,0.,-1.));
#1884 = DIRECTION('',(-1.,-1.396922504212E-14,-0.));
#1885 = PLANE('',#1886);
#1886 = AXIS2_PLACEMENT_3D('',#1887,#1888,#1889);
#1887 = CARTESIAN_POINT('',(18.462128329526,65.053970498389,0.));
#1888 = DIRECTION('',(-0.,-0.,-1.));
#1889 = DIRECTION('',(-1.,0.,0.));
#1890 = SHELL_BASED_SURFACE_MODEL('',(#1891));
#1891 = OPEN_SHELL('',(#1892));
#1892 = ADVANCED_FACE('',(#1893,#2103),#2205,.T.);
#1893 = FACE_BOUND('',#1894,.T.);
#1894 = EDGE_LOOP('',(#1895,#1906,#1915,#1923,#1932,#1941,#1950,#1958,
    #1967,#1975,#1984,#1992,#2001,#2010,#2019,#2027,#2036,#2045,#2054,
    #2062,#2071,#2079,#2088,#2096));
#1895 = ORIENTED_EDGE('',*,*,#1896,.T.);
#1896 = EDGE_CURVE('',#1897,#1899,#1901,.T.);
#1897 = VERTEX_POINT('',#1898);
#1898 = CARTESIAN_POINT('',(19.01587767549,64.739764114693,0.));
#1899 = VERTEX_POINT('',#1900);
#1900 = CARTESIAN_POINT('',(18.884163991212,64.972796017647,0.));
#1901 = CIRCLE('',#1902,0.409417915192);
#1902 = AXIS2_PLACEMENT_3D('',#1903,#1904,#1905);
#1903 = CARTESIAN_POINT('',(19.286862215676,65.046668673571,0.));
#1904 = DIRECTION('',(0.,0.,-1.));
#1905 = DIRECTION('',(-0.661877583102,-0.749611942932,-0.));
#1906 = ORIENTED_EDGE('',*,*,#1907,.T.);
#1907 = EDGE_CURVE('',#1899,#1908,#1910,.T.);
#1908 = VERTEX_POINT('',#1909);
#1909 = CARTESIAN_POINT('',(18.882498094996,64.99110998222,0.));
#1910 = CIRCLE('',#1911,0.101499873);
#1911 = AXIS2_PLACEMENT_3D('',#1912,#1913,#1914);
#1912 = CARTESIAN_POINT('',(18.983997967996,64.99110998222,0.));
#1913 = DIRECTION('',(0.,0.,-1.));
#1914 = DIRECTION('',(-0.983587208869,-0.180433374269,-0.));
#1915 = ORIENTED_EDGE('',*,*,#1916,.T.);
#1916 = EDGE_CURVE('',#1908,#1917,#1919,.T.);
#1917 = VERTEX_POINT('',#1918);
#1918 = CARTESIAN_POINT('',(18.882498094996,65.11557023114,0.));
#1919 = LINE('',#1920,#1921);
#1920 = CARTESIAN_POINT('',(18.882498094996,64.99110998222,0.));
#1921 = VECTOR('',#1922,1.);
#1922 = DIRECTION('',(2.854496684375E-14,1.,0.));
#1923 = ORIENTED_EDGE('',*,*,#1924,.T.);
#1924 = EDGE_CURVE('',#1917,#1925,#1927,.T.);
#1925 = VERTEX_POINT('',#1926);
#1926 = CARTESIAN_POINT('',(18.884163991212,65.133884195717,0.));
#1927 = CIRCLE('',#1928,0.101499873);
#1928 = AXIS2_PLACEMENT_3D('',#1929,#1930,#1931);
#1929 = CARTESIAN_POINT('',(18.983997967996,65.11557023114,0.));
#1930 = DIRECTION('',(0.,0.,-1.));
#1931 = DIRECTION('',(-1.,-1.551995426733E-13,-0.));
#1932 = ORIENTED_EDGE('',*,*,#1933,.T.);
#1933 = EDGE_CURVE('',#1925,#1934,#1936,.T.);
#1934 = VERTEX_POINT('',#1935);
#1935 = CARTESIAN_POINT('',(19.015877675488,65.366916098666,0.));
#1936 = CIRCLE('',#1937,0.40941791522);
#1937 = AXIS2_PLACEMENT_3D('',#1938,#1939,#1940);
#1938 = CARTESIAN_POINT('',(19.286862215702,65.060011539775,0.));
#1939 = DIRECTION('',(0.,0.,-1.));
#1940 = DIRECTION('',(-0.983587208863,0.1804333743,0.));
#1941 = ORIENTED_EDGE('',*,*,#1942,.T.);
#1942 = EDGE_CURVE('',#1934,#1943,#1945,.T.);
#1943 = VERTEX_POINT('',#1944);
#1944 = CARTESIAN_POINT('',(19.037666042969,65.381614827955,0.));
#1945 = CIRCLE('',#1946,0.101499873);
#1946 = AXIS2_PLACEMENT_3D('',#1947,#1948,#1949);
#1947 = CARTESIAN_POINT('',(19.083058166116,65.290830581661,0.));
#1948 = DIRECTION('',(0.,0.,-1.));
#1949 = DIRECTION('',(-0.661877583126,0.749611942912,0.));
#1950 = ORIENTED_EDGE('',*,*,#1951,.T.);
#1951 = EDGE_CURVE('',#1943,#1952,#1954,.T.);
#1952 = VERTEX_POINT('',#1953);
#1953 = CARTESIAN_POINT('',(19.08846614457,65.407014878755,0.));
#1954 = LINE('',#1955,#1956);
#1955 = CARTESIAN_POINT('',(19.037666042969,65.381614827955,0.));
#1956 = VECTOR('',#1957,1.);
#1957 = DIRECTION('',(0.894427191,0.4472135955,0.));
#1958 = ORIENTED_EDGE('',*,*,#1959,.T.);
#1959 = EDGE_CURVE('',#1952,#1960,#1962,.T.);
#1960 = VERTEX_POINT('',#1961);
#1961 = CARTESIAN_POINT('',(19.133858267717,65.417730505461,0.));
#1962 = CIRCLE('',#1963,0.101499873);
#1963 = AXIS2_PLACEMENT_3D('',#1964,#1965,#1966);
#1964 = CARTESIAN_POINT('',(19.133858267717,65.316230632461,0.));
#1965 = DIRECTION('',(0.,0.,-1.));
#1966 = DIRECTION('',(-0.4472135955,0.894427191,0.));
#1967 = ORIENTED_EDGE('',*,*,#1968,.T.);
#1968 = EDGE_CURVE('',#1960,#1969,#1971,.T.);
#1969 = VERTEX_POINT('',#1970);
#1970 = CARTESIAN_POINT('',(19.232918465837,65.417730505461,0.));
#1971 = LINE('',#1972,#1973);
#1972 = CARTESIAN_POINT('',(19.133858267717,65.417730505461,0.));
#1973 = VECTOR('',#1974,1.);
#1974 = DIRECTION('',(1.,0.,0.));
#1975 = ORIENTED_EDGE('',*,*,#1976,.T.);
#1976 = EDGE_CURVE('',#1969,#1977,#1979,.T.);
#1977 = VERTEX_POINT('',#1978);
#1978 = CARTESIAN_POINT('',(19.278310588984,65.407014878755,0.));
#1979 = CIRCLE('',#1980,0.101499873);
#1980 = AXIS2_PLACEMENT_3D('',#1981,#1982,#1983);
#1981 = CARTESIAN_POINT('',(19.232918465837,65.316230632461,0.));
#1982 = DIRECTION('',(0.,0.,-1.));
#1983 = DIRECTION('',(-5.627463005063E-14,1.,0.));
#1984 = ORIENTED_EDGE('',*,*,#1985,.T.);
#1985 = EDGE_CURVE('',#1977,#1986,#1988,.T.);
#1986 = VERTEX_POINT('',#1987);
#1987 = CARTESIAN_POINT('',(19.329110690584,65.381614827955,0.));
#1988 = LINE('',#1989,#1990);
#1989 = CARTESIAN_POINT('',(19.278310588984,65.407014878755,0.));
#1990 = VECTOR('',#1991,1.);
#1991 = DIRECTION('',(0.894427191,-0.4472135955,0.));
#1992 = ORIENTED_EDGE('',*,*,#1993,.T.);
#1993 = EDGE_CURVE('',#1986,#1994,#1996,.T.);
#1994 = VERTEX_POINT('',#1995);
#1995 = CARTESIAN_POINT('',(19.350899058066,65.366916098666,0.));
#1996 = CIRCLE('',#1997,0.101499873);
#1997 = AXIS2_PLACEMENT_3D('',#1998,#1999,#2000);
#1998 = CARTESIAN_POINT('',(19.283718567437,65.290830581661,0.));
#1999 = DIRECTION('',(0.,0.,-1.));
#2000 = DIRECTION('',(0.4472135955,0.894427191,0.));
#2001 = ORIENTED_EDGE('',*,*,#2002,.T.);
#2002 = EDGE_CURVE('',#1994,#2003,#2005,.T.);
#2003 = VERTEX_POINT('',#2004);
#2004 = CARTESIAN_POINT('',(19.482612742341,65.133884195717,0.));
#2005 = CIRCLE('',#2006,0.409417915218);
#2006 = AXIS2_PLACEMENT_3D('',#2007,#2008,#2009);
#2007 = CARTESIAN_POINT('',(19.079914517853,65.060011539776,0.));
#2008 = DIRECTION('',(0.,0.,-1.));
#2009 = DIRECTION('',(0.661877583124,0.749611942913,0.));
#2010 = ORIENTED_EDGE('',*,*,#2011,.T.);
#2011 = EDGE_CURVE('',#2003,#2012,#2014,.T.);
#2012 = VERTEX_POINT('',#2013);
#2013 = CARTESIAN_POINT('',(19.484278638557,65.11557023114,0.));
#2014 = CIRCLE('',#2015,0.101499873);
#2015 = AXIS2_PLACEMENT_3D('',#2016,#2017,#2018);
#2016 = CARTESIAN_POINT('',(19.382778765557,65.11557023114,0.));
#2017 = DIRECTION('',(0.,0.,-1.));
#2018 = DIRECTION('',(0.983587208863,0.180433374298,0.));
#2019 = ORIENTED_EDGE('',*,*,#2020,.T.);
#2020 = EDGE_CURVE('',#2012,#2021,#2023,.T.);
#2021 = VERTEX_POINT('',#2022);
#2022 = CARTESIAN_POINT('',(19.484278638557,64.99110998222,0.));
#2023 = LINE('',#2024,#2025);
#2024 = CARTESIAN_POINT('',(19.484278638557,65.11557023114,0.));
#2025 = VECTOR('',#2026,1.);
#2026 = DIRECTION('',(2.854496684375E-14,-1.,0.));
#2027 = ORIENTED_EDGE('',*,*,#2028,.T.);
#2028 = EDGE_CURVE('',#2021,#2029,#2031,.T.);
#2029 = VERTEX_POINT('',#2030);
#2030 = CARTESIAN_POINT('',(19.482612742342,64.972796017648,0.));
#2031 = CIRCLE('',#2032,0.101499873);
#2032 = AXIS2_PLACEMENT_3D('',#2033,#2034,#2035);
#2033 = CARTESIAN_POINT('',(19.382778765558,64.99110998222,0.));
#2034 = DIRECTION('',(0.,0.,-1.));
#2035 = DIRECTION('',(1.,-4.196589974882E-14,0.));
#2036 = ORIENTED_EDGE('',*,*,#2037,.T.);
#2037 = EDGE_CURVE('',#2029,#2038,#2040,.T.);
#2038 = VERTEX_POINT('',#2039);
#2039 = CARTESIAN_POINT('',(19.350899058063,64.739764114692,0.));
#2040 = CIRCLE('',#2041,0.409417915185);
#2041 = AXIS2_PLACEMENT_3D('',#2042,#2043,#2044);
#2042 = CARTESIAN_POINT('',(19.079914517884,65.046668673567,0.));
#2043 = DIRECTION('',(0.,0.,-1.));
#2044 = DIRECTION('',(0.98358720887,-0.180433374261,0.));
#2045 = ORIENTED_EDGE('',*,*,#2046,.T.);
#2046 = EDGE_CURVE('',#2038,#2047,#2049,.T.);
#2047 = VERTEX_POINT('',#2048);
#2048 = CARTESIAN_POINT('',(19.32537053007,64.723289714738,0.));
#2049 = CIRCLE('',#2050,0.101499873);
#2050 = AXIS2_PLACEMENT_3D('',#2051,#2052,#2053);
#2051 = CARTESIAN_POINT('',(19.283718567437,64.815849631699,0.));
#2052 = DIRECTION('',(0.,0.,-1.));
#2053 = DIRECTION('',(0.661877583096,-0.749611942938,0.));
#2054 = ORIENTED_EDGE('',*,*,#2055,.T.);
#2055 = EDGE_CURVE('',#2047,#2056,#2058,.T.);
#2056 = VERTEX_POINT('',#2057);
#2057 = CARTESIAN_POINT('',(19.274570428469,64.700429669018,0.));
#2058 = LINE('',#2059,#2060);
#2059 = CARTESIAN_POINT('',(19.32537053007,64.723289714738,0.));
#2060 = VECTOR('',#2061,1.);
#2061 = DIRECTION('',(-0.911921505175,-0.410364677329,0.));
#2062 = ORIENTED_EDGE('',*,*,#2063,.T.);
#2063 = EDGE_CURVE('',#2056,#2064,#2066,.T.);
#2064 = VERTEX_POINT('',#2065);
#2065 = CARTESIAN_POINT('',(19.232918465837,64.691489712979,0.));
#2066 = CIRCLE('',#2067,0.101499873);
#2067 = AXIS2_PLACEMENT_3D('',#2068,#2069,#2070);
#2068 = CARTESIAN_POINT('',(19.232918465837,64.792989585979,0.));
#2069 = DIRECTION('',(0.,0.,-1.));
#2070 = DIRECTION('',(0.410364677329,-0.911921505175,0.));
#2071 = ORIENTED_EDGE('',*,*,#2072,.T.);
#2072 = EDGE_CURVE('',#2064,#2073,#2075,.T.);
#2073 = VERTEX_POINT('',#2074);
#2074 = CARTESIAN_POINT('',(19.133858267717,64.691489712979,0.));
#2075 = LINE('',#2076,#2077);
#2076 = CARTESIAN_POINT('',(19.232918465837,64.691489712979,0.));
#2077 = VECTOR('',#2078,1.);
#2078 = DIRECTION('',(-1.,1.434567564455E-13,0.));
#2079 = ORIENTED_EDGE('',*,*,#2080,.T.);
#2080 = EDGE_CURVE('',#2073,#2081,#2083,.T.);
#2081 = VERTEX_POINT('',#2082);
#2082 = CARTESIAN_POINT('',(19.092206305084,64.700429669018,0.));
#2083 = CIRCLE('',#2084,0.101499873);
#2084 = AXIS2_PLACEMENT_3D('',#2085,#2086,#2087);
#2085 = CARTESIAN_POINT('',(19.133858267717,64.792989585979,0.));
#2086 = DIRECTION('',(-0.,0.,-1.));
#2087 = DIRECTION('',(1.764426232505E-13,-1.,-0.));
#2088 = ORIENTED_EDGE('',*,*,#2089,.T.);
#2089 = EDGE_CURVE('',#2081,#2090,#2092,.T.);
#2090 = VERTEX_POINT('',#2091);
#2091 = CARTESIAN_POINT('',(19.041406203484,64.723289714738,0.));
#2092 = LINE('',#2093,#2094);
#2093 = CARTESIAN_POINT('',(19.092206305084,64.700429669018,0.));
#2094 = VECTOR('',#2095,1.);
#2095 = DIRECTION('',(-0.911921505175,0.410364677329,0.));
#2096 = ORIENTED_EDGE('',*,*,#2097,.T.);
#2097 = EDGE_CURVE('',#2090,#1897,#2098,.T.);
#2098 = CIRCLE('',#2099,0.101499873);
#2099 = AXIS2_PLACEMENT_3D('',#2100,#2101,#2102);
#2100 = CARTESIAN_POINT('',(19.083058166116,64.815849631699,0.));
#2101 = DIRECTION('',(0.,0.,-1.));
#2102 = DIRECTION('',(-0.410364677329,-0.911921505175,-0.));
#2103 = FACE_BOUND('',#2104,.T.);
#2104 = EDGE_LOOP('',(#2105,#2116,#2124,#2133,#2141,#2149,#2157,#2166,
    #2174,#2183,#2191,#2199));
#2105 = ORIENTED_EDGE('',*,*,#2106,.T.);
#2106 = EDGE_CURVE('',#2107,#2109,#2111,.T.);
#2107 = VERTEX_POINT('',#2108);
#2108 = CARTESIAN_POINT('',(19.141510020371,65.206576200921,0.));
#2109 = VERTEX_POINT('',#2110);
#2110 = CARTESIAN_POINT('',(19.085497840996,65.105408116557,0.));
#2111 = CIRCLE('',#2112,0.20641816922);
#2112 = AXIS2_PLACEMENT_3D('',#2113,#2114,#2115);
#2113 = CARTESIAN_POINT('',(19.286862215702,65.060011539775,0.));
#2114 = DIRECTION('',(0.,0.,1.));
#2115 = DIRECTION('',(-0.70416376562,0.710037598432,0.));
#2116 = ORIENTED_EDGE('',*,*,#2117,.T.);
#2117 = EDGE_CURVE('',#2109,#2118,#2120,.T.);
#2118 = VERTEX_POINT('',#2119);
#2119 = CARTESIAN_POINT('',(19.085497840996,65.001272096802,0.));
#2120 = LINE('',#2121,#2122);
#2121 = CARTESIAN_POINT('',(19.085497840996,65.105408116557,0.));
#2122 = VECTOR('',#2123,1.);
#2123 = DIRECTION('',(0.,-1.,0.));
#2124 = ORIENTED_EDGE('',*,*,#2125,.T.);
#2125 = EDGE_CURVE('',#2118,#2126,#2128,.T.);
#2126 = VERTEX_POINT('',#2127);
#2127 = CARTESIAN_POINT('',(19.140156796261,64.90145854828,0.));
#2128 = CIRCLE('',#2129,0.206418169193);
#2129 = AXIS2_PLACEMENT_3D('',#2130,#2131,#2132);
#2130 = CARTESIAN_POINT('',(19.286862215676,65.046668673571,0.));
#2131 = DIRECTION('',(0.,0.,1.));
#2132 = DIRECTION('',(-0.975516716712,-0.219925295078,0.));
#2133 = ORIENTED_EDGE('',*,*,#2134,.T.);
#2134 = EDGE_CURVE('',#2126,#2135,#2137,.T.);
#2135 = VERTEX_POINT('',#2136);
#2136 = CARTESIAN_POINT('',(19.155643661374,64.894489458979,0.));
#2137 = LINE('',#2138,#2139);
#2138 = CARTESIAN_POINT('',(19.140156796261,64.90145854828,0.));
#2139 = VECTOR('',#2140,1.);
#2140 = DIRECTION('',(0.911921505175,-0.410364677329,0.));
#2141 = ORIENTED_EDGE('',*,*,#2142,.T.);
#2142 = EDGE_CURVE('',#2135,#2143,#2145,.T.);
#2143 = VERTEX_POINT('',#2144);
#2144 = CARTESIAN_POINT('',(19.211133072179,64.894489458979,0.));
#2145 = LINE('',#2146,#2147);
#2146 = CARTESIAN_POINT('',(19.155643661374,64.894489458979,0.));
#2147 = VECTOR('',#2148,1.);
#2148 = DIRECTION('',(1.,0.,0.));
#2149 = ORIENTED_EDGE('',*,*,#2150,.T.);
#2150 = EDGE_CURVE('',#2143,#2151,#2153,.T.);
#2151 = VERTEX_POINT('',#2152);
#2152 = CARTESIAN_POINT('',(19.226619937293,64.90145854828,0.));
#2153 = LINE('',#2154,#2155);
#2154 = CARTESIAN_POINT('',(19.211133072179,64.894489458979,0.));
#2155 = VECTOR('',#2156,1.);
#2156 = DIRECTION('',(0.911921505175,0.410364677328,0.));
#2157 = ORIENTED_EDGE('',*,*,#2158,.T.);
#2158 = EDGE_CURVE('',#2151,#2159,#2161,.T.);
#2159 = VERTEX_POINT('',#2160);
#2160 = CARTESIAN_POINT('',(19.281278892558,65.001272096801,0.));
#2161 = CIRCLE('',#2162,0.206418169185);
#2162 = AXIS2_PLACEMENT_3D('',#2163,#2164,#2165);
#2163 = CARTESIAN_POINT('',(19.079914517884,65.046668673567,0.));
#2164 = DIRECTION('',(0.,0.,1.));
#2165 = DIRECTION('',(0.710719506852,-0.703475502474,0.));
#2166 = ORIENTED_EDGE('',*,*,#2167,.T.);
#2167 = EDGE_CURVE('',#2159,#2168,#2170,.T.);
#2168 = VERTEX_POINT('',#2169);
#2169 = CARTESIAN_POINT('',(19.281278892558,65.105408116557,0.));
#2170 = LINE('',#2171,#2172);
#2171 = CARTESIAN_POINT('',(19.281278892558,65.001272096801,0.));
#2172 = VECTOR('',#2173,1.);
#2173 = DIRECTION('',(0.,1.,0.));
#2174 = ORIENTED_EDGE('',*,*,#2175,.T.);
#2175 = EDGE_CURVE('',#2168,#2176,#2178,.T.);
#2176 = VERTEX_POINT('',#2177);
#2177 = CARTESIAN_POINT('',(19.225266713182,65.206576200921,0.));
#2178 = CIRCLE('',#2179,0.206418169219);
#2179 = AXIS2_PLACEMENT_3D('',#2180,#2181,#2182);
#2180 = CARTESIAN_POINT('',(19.079914517853,65.060011539776,0.));
#2181 = DIRECTION('',(0.,0.,1.));
#2182 = DIRECTION('',(0.975516716705,0.219925295108,-0.));
#2183 = ORIENTED_EDGE('',*,*,#2184,.T.);
#2184 = EDGE_CURVE('',#2176,#2185,#2187,.T.);
#2185 = VERTEX_POINT('',#2186);
#2186 = CARTESIAN_POINT('',(19.208957596101,65.214730759462,0.));
#2187 = LINE('',#2188,#2189);
#2188 = CARTESIAN_POINT('',(19.225266713182,65.206576200921,0.));
#2189 = VECTOR('',#2190,1.);
#2190 = DIRECTION('',(-0.894427191,0.4472135955,0.));
#2191 = ORIENTED_EDGE('',*,*,#2192,.T.);
#2192 = EDGE_CURVE('',#2185,#2193,#2195,.T.);
#2193 = VERTEX_POINT('',#2194);
#2194 = CARTESIAN_POINT('',(19.157819137452,65.214730759462,0.));
#2195 = LINE('',#2196,#2197);
#2196 = CARTESIAN_POINT('',(19.208957596101,65.214730759462,0.));
#2197 = VECTOR('',#2198,1.);
#2198 = DIRECTION('',(-1.,0.,0.));
#2199 = ORIENTED_EDGE('',*,*,#2200,.T.);
#2200 = EDGE_CURVE('',#2193,#2107,#2201,.T.);
#2201 = LINE('',#2202,#2203);
#2202 = CARTESIAN_POINT('',(19.157819137452,65.214730759462,0.));
#2203 = VECTOR('',#2204,1.);
#2204 = DIRECTION('',(-0.894427191,-0.4472135955,0.));
#2205 = PLANE('',#2206);
#2206 = AXIS2_PLACEMENT_3D('',#2207,#2208,#2209);
#2207 = CARTESIAN_POINT('',(19.183388366777,65.053978620074,0.));
#2208 = DIRECTION('',(-0.,-0.,-1.));
#2209 = DIRECTION('',(-1.,0.,0.));
#2210 = SHELL_BASED_SURFACE_MODEL('',(#2211));
#2211 = OPEN_SHELL('',(#2212));
#2212 = ADVANCED_FACE('',(#2213),#2564,.T.);
#2213 = FACE_BOUND('',#2214,.T.);
#2214 = EDGE_LOOP('',(#2215,#2225,#2233,#2242,#2251,#2259,#2268,#2276,
    #2285,#2293,#2302,#2310,#2319,#2327,#2336,#2344,#2353,#2361,#2369,
    #2377,#2385,#2394,#2403,#2411,#2420,#2428,#2437,#2446,#2455,#2463,
    #2472,#2480,#2489,#2498,#2507,#2515,#2524,#2532,#2541,#2549,#2557));
#2215 = ORIENTED_EDGE('',*,*,#2216,.T.);
#2216 = EDGE_CURVE('',#2217,#2219,#2221,.T.);
#2217 = VERTEX_POINT('',#2218);
#2218 = CARTESIAN_POINT('',(19.944313788783,64.933412835841,0.));
#2219 = VERTEX_POINT('',#2220);
#2220 = CARTESIAN_POINT('',(19.915805304186,64.947667078139,0.));
#2221 = LINE('',#2222,#2223);
#2222 = CARTESIAN_POINT('',(19.944313788783,64.933412835841,0.));
#2223 = VECTOR('',#2224,1.);
#2224 = DIRECTION('',(-0.894427191,0.4472135955,0.));
#2225 = ORIENTED_EDGE('',*,*,#2226,.T.);
#2226 = EDGE_CURVE('',#2219,#2227,#2229,.T.);
#2227 = VERTEX_POINT('',#2228);
#2228 = CARTESIAN_POINT('',(19.773673993688,64.99343817813,0.));
#2229 = LINE('',#2230,#2231);
#2230 = CARTESIAN_POINT('',(19.915805304186,64.947667078139,0.));
#2231 = VECTOR('',#2232,1.);
#2232 = DIRECTION('',(-0.951860557857,0.306531366089,0.));
#2233 = ORIENTED_EDGE('',*,*,#2234,.T.);
#2234 = EDGE_CURVE('',#2227,#2235,#2237,.T.);
#2235 = VERTEX_POINT('',#2236);
#2236 = CARTESIAN_POINT('',(19.60847812591,65.15896090749,0.));
#2237 = CIRCLE('',#2238,0.252443030816);
#2238 = AXIS2_PLACEMENT_3D('',#2239,#2240,#2241);
#2239 = CARTESIAN_POINT('',(19.849434143328,65.23424491295,0.));
#2240 = DIRECTION('',(0.,0.,-1.));
#2241 = DIRECTION('',(-0.3001079071,-0.953905259497,-0.));
#2242 = ORIENTED_EDGE('',*,*,#2243,.T.);
#2243 = EDGE_CURVE('',#2235,#2244,#2246,.T.);
#2244 = VERTEX_POINT('',#2245);
#2245 = CARTESIAN_POINT('',(19.603859537719,65.189230378461,0.));
#2246 = CIRCLE('',#2247,0.101499873);
#2247 = AXIS2_PLACEMENT_3D('',#2248,#2249,#2250);
#2248 = CARTESIAN_POINT('',(19.705359410719,65.189230378461,0.));
#2249 = DIRECTION('',(0.,0.,-1.));
#2250 = DIRECTION('',(-0.95449661113,-0.298221762019,-0.));
#2251 = ORIENTED_EDGE('',*,*,#2252,.T.);
#2252 = EDGE_CURVE('',#2244,#2253,#2255,.T.);
#2253 = VERTEX_POINT('',#2254);
#2254 = CARTESIAN_POINT('',(19.603859537719,65.240030480061,0.));
#2255 = LINE('',#2256,#2257);
#2256 = CARTESIAN_POINT('',(19.603859537719,65.189230378461,0.));
#2257 = VECTOR('',#2258,1.);
#2258 = DIRECTION('',(6.993516876719E-14,1.,0.));
#2259 = ORIENTED_EDGE('',*,*,#2260,.T.);
#2260 = EDGE_CURVE('',#2253,#2261,#2263,.T.);
#2261 = VERTEX_POINT('',#2262);
#2262 = CARTESIAN_POINT('',(19.633588162231,65.311801728549,0.));
#2263 = CIRCLE('',#2264,0.101499873);
#2264 = AXIS2_PLACEMENT_3D('',#2265,#2266,#2267);
#2265 = CARTESIAN_POINT('',(19.705359410719,65.240030480061,0.));
#2266 = DIRECTION('',(0.,0.,-1.));
#2267 = DIRECTION('',(-1.,2.827019514785E-14,0.));
#2268 = ORIENTED_EDGE('',*,*,#2269,.T.);
#2269 = EDGE_CURVE('',#2261,#2270,#2272,.T.);
#2270 = VERTEX_POINT('',#2271);
#2271 = CARTESIAN_POINT('',(19.684388263831,65.362601830149,0.));
#2272 = LINE('',#2273,#2274);
#2273 = CARTESIAN_POINT('',(19.633588162231,65.311801728549,0.));
#2274 = VECTOR('',#2275,1.);
#2275 = DIRECTION('',(0.707106781187,0.707106781187,0.));
#2276 = ORIENTED_EDGE('',*,*,#2277,.T.);
#2277 = EDGE_CURVE('',#2270,#2278,#2280,.T.);
#2278 = VERTEX_POINT('',#2279);
#2279 = CARTESIAN_POINT('',(19.723071499363,65.386785819234,0.));
#2280 = CIRCLE('',#2281,0.101499873);
#2281 = AXIS2_PLACEMENT_3D('',#2282,#2283,#2284);
#2282 = CARTESIAN_POINT('',(19.756159512319,65.290830581661,0.));
#2283 = DIRECTION('',(0.,0.,-1.));
#2284 = DIRECTION('',(-0.707106781187,0.707106781187,0.));
#2285 = ORIENTED_EDGE('',*,*,#2286,.T.);
#2286 = EDGE_CURVE('',#2278,#2287,#2289,.T.);
#2287 = VERTEX_POINT('',#2288);
#2288 = CARTESIAN_POINT('',(19.796731646683,65.412185870034,0.));
#2289 = LINE('',#2290,#2291);
#2290 = CARTESIAN_POINT('',(19.723071499363,65.386785819234,0.));
#2291 = VECTOR('',#2292,1.);
#2292 = DIRECTION('',(0.945372981626,0.32599068332,0.));
#2293 = ORIENTED_EDGE('',*,*,#2294,.T.);
#2294 = EDGE_CURVE('',#2287,#2295,#2297,.T.);
#2295 = VERTEX_POINT('',#2296);
#2296 = CARTESIAN_POINT('',(19.829819659639,65.417730505461,0.));
#2297 = CIRCLE('',#2298,0.101499873);
#2298 = AXIS2_PLACEMENT_3D('',#2299,#2300,#2301);
#2299 = CARTESIAN_POINT('',(19.829819659639,65.316230632461,0.));
#2300 = DIRECTION('',(0.,0.,-1.));
#2301 = DIRECTION('',(-0.325990683319,0.945372981626,0.));
#2302 = ORIENTED_EDGE('',*,*,#2303,.T.);
#2303 = EDGE_CURVE('',#2295,#2304,#2306,.T.);
#2304 = VERTEX_POINT('',#2305);
#2305 = CARTESIAN_POINT('',(19.92887985776,65.417730505461,0.));
#2306 = LINE('',#2307,#2308);
#2307 = CARTESIAN_POINT('',(19.829819659639,65.417730505461,0.));
#2308 = VECTOR('',#2309,1.);
#2309 = DIRECTION('',(1.,0.,0.));
#2310 = ORIENTED_EDGE('',*,*,#2311,.T.);
#2311 = EDGE_CURVE('',#2304,#2312,#2314,.T.);
#2312 = VERTEX_POINT('',#2313);
#2313 = CARTESIAN_POINT('',(19.960976935849,65.41252186673,0.));
#2314 = CIRCLE('',#2315,0.101499873);
#2315 = AXIS2_PLACEMENT_3D('',#2316,#2317,#2318);
#2316 = CARTESIAN_POINT('',(19.92887985776,65.316230632461,0.));
#2317 = DIRECTION('',(0.,0.,-1.));
#2318 = DIRECTION('',(3.96964522848E-13,1.,0.));
#2319 = ORIENTED_EDGE('',*,*,#2320,.T.);
#2320 = EDGE_CURVE('',#2312,#2321,#2323,.T.);
#2321 = VERTEX_POINT('',#2322);
#2322 = CARTESIAN_POINT('',(20.03717708825,65.38712181593,0.));
#2323 = LINE('',#2324,#2325);
#2324 = CARTESIAN_POINT('',(19.960976935849,65.41252186673,0.));
#2325 = VECTOR('',#2326,1.);
#2326 = DIRECTION('',(0.948683298051,-0.316227766017,0.));
#2327 = ORIENTED_EDGE('',*,*,#2328,.T.);
#2328 = EDGE_CURVE('',#2321,#2329,#2331,.T.);
#2329 = VERTEX_POINT('',#2330);
#2330 = CARTESIAN_POINT('',(20.078667360595,65.360738564574,0.));
#2331 = CIRCLE('',#2332,0.101499873);
#2332 = AXIS2_PLACEMENT_3D('',#2333,#2334,#2335);
#2333 = CARTESIAN_POINT('',(20.00508001016,65.290830581661,0.));
#2334 = DIRECTION('',(0.,0.,-1.));
#2335 = DIRECTION('',(0.316227766017,0.94868329805,0.));
#2336 = ORIENTED_EDGE('',*,*,#2337,.T.);
#2337 = EDGE_CURVE('',#2329,#2338,#2340,.T.);
#2338 = VERTEX_POINT('',#2339);
#2339 = CARTESIAN_POINT('',(20.126927457115,65.309938462974,0.));
#2340 = LINE('',#2341,#2342);
#2341 = CARTESIAN_POINT('',(20.078667360595,65.360738564574,0.));
#2342 = VECTOR('',#2343,1.);
#2343 = DIRECTION('',(0.688749461915,-0.724999433594,0.));
#2344 = ORIENTED_EDGE('',*,*,#2345,.T.);
#2345 = EDGE_CURVE('',#2338,#2346,#2348,.T.);
#2346 = VERTEX_POINT('',#2347);
#2347 = CARTESIAN_POINT('',(19.979752756245,65.170122497148,0.));
#2348 = CIRCLE('',#2349,0.101499873);
#2349 = AXIS2_PLACEMENT_3D('',#2350,#2351,#2352);
#2350 = CARTESIAN_POINT('',(20.05334010668,65.240030480061,0.));
#2351 = DIRECTION('',(0.,0.,-1.));
#2352 = DIRECTION('',(0.724999433594,0.688749461915,0.));
#2353 = ORIENTED_EDGE('',*,*,#2354,.T.);
#2354 = EDGE_CURVE('',#2346,#2355,#2357,.T.);
#2355 = VERTEX_POINT('',#2356);
#2356 = CARTESIAN_POINT('',(19.94894461467,65.202552119859,0.));
#2357 = LINE('',#2358,#2359);
#2358 = CARTESIAN_POINT('',(19.979752756245,65.170122497148,0.));
#2359 = VECTOR('',#2360,1.);
#2360 = DIRECTION('',(-0.688749461915,0.724999433594,0.));
#2361 = ORIENTED_EDGE('',*,*,#2362,.T.);
#2362 = EDGE_CURVE('',#2355,#2363,#2365,.T.);
#2363 = VERTEX_POINT('',#2364);
#2364 = CARTESIAN_POINT('',(19.912408695862,65.214730759462,0.));
#2365 = LINE('',#2366,#2367);
#2366 = CARTESIAN_POINT('',(19.94894461467,65.202552119859,0.));
#2367 = VECTOR('',#2368,1.);
#2368 = DIRECTION('',(-0.948683298051,0.316227766017,0.));
#2369 = ORIENTED_EDGE('',*,*,#2370,.T.);
#2370 = EDGE_CURVE('',#2363,#2371,#2373,.T.);
#2371 = VERTEX_POINT('',#2372);
#2372 = CARTESIAN_POINT('',(19.846828229856,65.214730759462,0.));
#2373 = LINE('',#2374,#2375);
#2374 = CARTESIAN_POINT('',(19.912408695862,65.214730759462,0.));
#2375 = VECTOR('',#2376,1.);
#2376 = DIRECTION('',(-1.,0.,0.));
#2377 = ORIENTED_EDGE('',*,*,#2378,.T.);
#2378 = EDGE_CURVE('',#2371,#2379,#2381,.T.);
#2379 = VERTEX_POINT('',#2380);
#2380 = CARTESIAN_POINT('',(19.81148993605,65.202545140908,0.));
#2381 = LINE('',#2382,#2383);
#2382 = CARTESIAN_POINT('',(19.846828229856,65.214730759462,0.));
#2383 = VECTOR('',#2384,1.);
#2384 = DIRECTION('',(-0.945372981626,-0.325990683319,0.));
#2385 = ORIENTED_EDGE('',*,*,#2386,.T.);
#2386 = EDGE_CURVE('',#2379,#2387,#2389,.T.);
#2387 = VERTEX_POINT('',#2388);
#2388 = CARTESIAN_POINT('',(19.83468907981,65.187051465149,0.));
#2389 = CIRCLE('',#2390,4.944328481698E-02);
#2390 = AXIS2_PLACEMENT_3D('',#2391,#2392,#2393);
#2391 = CARTESIAN_POINT('',(19.849434143328,65.23424491295,0.));
#2392 = DIRECTION('',(0.,0.,1.));
#2393 = DIRECTION('',(-0.767428932336,-0.641134021726,0.));
#2394 = ORIENTED_EDGE('',*,*,#2395,.T.);
#2395 = EDGE_CURVE('',#2387,#2396,#2398,.T.);
#2396 = VERTEX_POINT('',#2397);
#2397 = CARTESIAN_POINT('',(19.835532503568,65.186783906076,0.));
#2398 = CIRCLE('',#2399,0.101499873);
#2399 = AXIS2_PLACEMENT_3D('',#2400,#2401,#2402);
#2400 = CARTESIAN_POINT('',(19.804419608839,65.090170180341,0.));
#2401 = DIRECTION('',(0.,0.,-1.));
#2402 = DIRECTION('',(0.298221762022,0.954496611129,0.));
#2403 = ORIENTED_EDGE('',*,*,#2404,.T.);
#2404 = EDGE_CURVE('',#2396,#2405,#2407,.T.);
#2405 = VERTEX_POINT('',#2406);
#2406 = CARTESIAN_POINT('',(19.985392803288,65.138523809556,0.));
#2407 = LINE('',#2408,#2409);
#2408 = CARTESIAN_POINT('',(19.835532503568,65.186783906076,0.));
#2409 = VECTOR('',#2410,1.);
#2410 = DIRECTION('',(0.951860557857,-0.306531366089,0.));
#2411 = ORIENTED_EDGE('',*,*,#2412,.T.);
#2412 = EDGE_CURVE('',#2405,#2413,#2415,.T.);
#2413 = VERTEX_POINT('',#2414);
#2414 = CARTESIAN_POINT('',(19.999672031707,65.132694330114,0.));
#2415 = CIRCLE('',#2416,0.101499873);
#2416 = AXIS2_PLACEMENT_3D('',#2417,#2418,#2419);
#2417 = CARTESIAN_POINT('',(19.95427990856,65.04191008382,0.));
#2418 = DIRECTION('',(0.,0.,-1.));
#2419 = DIRECTION('',(0.30653136609,0.951860557857,0.));
#2420 = ORIENTED_EDGE('',*,*,#2421,.T.);
#2421 = EDGE_CURVE('',#2413,#2422,#2424,.T.);
#2422 = VERTEX_POINT('',#2423);
#2423 = CARTESIAN_POINT('',(20.050472133307,65.107294279314,0.));
#2424 = LINE('',#2425,#2426);
#2425 = CARTESIAN_POINT('',(19.999672031707,65.132694330114,0.));
#2426 = VECTOR('',#2427,1.);
#2427 = DIRECTION('',(0.894427191,-0.4472135955,0.));
#2428 = ORIENTED_EDGE('',*,*,#2429,.T.);
#2429 = EDGE_CURVE('',#2422,#2430,#2432,.T.);
#2430 = VERTEX_POINT('',#2431);
#2431 = CARTESIAN_POINT('',(20.073299443897,65.091665425904,0.));
#2432 = CIRCLE('',#2433,0.101499873);
#2433 = AXIS2_PLACEMENT_3D('',#2434,#2435,#2436);
#2434 = CARTESIAN_POINT('',(20.00508001016,65.01651003302,0.));
#2435 = DIRECTION('',(0.,0.,-1.));
#2436 = DIRECTION('',(0.4472135955,0.894427191,0.));
#2437 = ORIENTED_EDGE('',*,*,#2438,.T.);
#2438 = EDGE_CURVE('',#2430,#2439,#2441,.T.);
#2439 = VERTEX_POINT('',#2440);
#2440 = CARTESIAN_POINT('',(20.150443534652,64.969858966818,0.));
#2441 = CIRCLE('',#2442,0.271088387249);
#2442 = AXIS2_PLACEMENT_3D('',#2443,#2444,#2445);
#2443 = CARTESIAN_POINT('',(19.891097282216,64.890938531891,0.));
#2444 = DIRECTION('',(0.,0.,-1.));
#2445 = DIRECTION('',(0.672113488629,0.740448147004,0.));
#2446 = ORIENTED_EDGE('',*,*,#2447,.T.);
#2447 = EDGE_CURVE('',#2439,#2448,#2450,.T.);
#2448 = VERTEX_POINT('',#2449);
#2449 = CARTESIAN_POINT('',(20.15483997968,64.94030988062,0.));
#2450 = CIRCLE('',#2451,0.101499873);
#2451 = AXIS2_PLACEMENT_3D('',#2452,#2453,#2454);
#2452 = CARTESIAN_POINT('',(20.05334010668,64.94030988062,0.));
#2453 = DIRECTION('',(0.,0.,-1.));
#2454 = DIRECTION('',(0.95668521646,0.291124366219,0.));
#2455 = ORIENTED_EDGE('',*,*,#2456,.T.);
#2456 = EDGE_CURVE('',#2448,#2457,#2459,.T.);
#2457 = VERTEX_POINT('',#2458);
#2458 = CARTESIAN_POINT('',(20.15483997968,64.866649733299,0.));
#2459 = LINE('',#2460,#2461);
#2460 = CARTESIAN_POINT('',(20.15483997968,64.94030988062,0.));
#2461 = VECTOR('',#2462,1.);
#2462 = DIRECTION('',(4.823115087393E-14,-1.,0.));
#2463 = ORIENTED_EDGE('',*,*,#2464,.T.);
#2464 = EDGE_CURVE('',#2457,#2465,#2467,.T.);
#2465 = VERTEX_POINT('',#2466);
#2466 = CARTESIAN_POINT('',(20.126927457115,64.796741750387,0.));
#2467 = CIRCLE('',#2468,0.101499873);
#2468 = AXIS2_PLACEMENT_3D('',#2469,#2470,#2471);
#2469 = CARTESIAN_POINT('',(20.05334010668,64.866649733299,0.));
#2470 = DIRECTION('',(0.,0.,-1.));
#2471 = DIRECTION('',(1.,5.701415082507E-14,0.));
#2472 = ORIENTED_EDGE('',*,*,#2473,.T.);
#2473 = EDGE_CURVE('',#2465,#2474,#2476,.T.);
#2474 = VERTEX_POINT('',#2475);
#2475 = CARTESIAN_POINT('',(20.078667360595,64.745941648786,0.));
#2476 = LINE('',#2477,#2478);
#2477 = CARTESIAN_POINT('',(20.126927457115,64.796741750387,0.));
#2478 = VECTOR('',#2479,1.);
#2479 = DIRECTION('',(-0.688749461915,-0.724999433594,0.));
#2480 = ORIENTED_EDGE('',*,*,#2481,.T.);
#2481 = EDGE_CURVE('',#2474,#2482,#2484,.T.);
#2482 = VERTEX_POINT('',#2483);
#2483 = CARTESIAN_POINT('',(20.047097107192,64.723454892802,0.));
#2484 = CIRCLE('',#2485,0.101499873);
#2485 = AXIS2_PLACEMENT_3D('',#2486,#2487,#2488);
#2486 = CARTESIAN_POINT('',(20.00508001016,64.815849631699,0.));
#2487 = DIRECTION('',(0.,0.,-1.));
#2488 = DIRECTION('',(0.724999433594,-0.688749461915,0.));
#2489 = ORIENTED_EDGE('',*,*,#2490,.T.);
#2490 = EDGE_CURVE('',#2482,#2491,#2493,.T.);
#2491 = VERTEX_POINT('',#2492);
#2492 = CARTESIAN_POINT('',(19.714142415287,64.723454892802,0.));
#2493 = CIRCLE('',#2494,0.402156042782);
#2494 = AXIS2_PLACEMENT_3D('',#2495,#2496,#2497);
#2495 = CARTESIAN_POINT('',(19.88061976124,65.08953517912,0.));
#2496 = DIRECTION('',(-0.,0.,-1.));
#2497 = DIRECTION('',(0.413962065074,-0.910294133058,-0.));
#2498 = ORIENTED_EDGE('',*,*,#2499,.T.);
#2499 = EDGE_CURVE('',#2491,#2500,#2502,.T.);
#2500 = VERTEX_POINT('',#2501);
#2501 = CARTESIAN_POINT('',(19.684388263831,64.744078383212,0.));
#2502 = CIRCLE('',#2503,0.101499873);
#2503 = AXIS2_PLACEMENT_3D('',#2504,#2505,#2506);
#2504 = CARTESIAN_POINT('',(19.756159512319,64.815849631699,0.));
#2505 = DIRECTION('',(0.,0.,-1.));
#2506 = DIRECTION('',(-0.413962065075,-0.910294133058,-0.));
#2507 = ORIENTED_EDGE('',*,*,#2508,.T.);
#2508 = EDGE_CURVE('',#2500,#2509,#2511,.T.);
#2509 = VERTEX_POINT('',#2510);
#2510 = CARTESIAN_POINT('',(19.633588162231,64.794878484812,0.));
#2511 = LINE('',#2512,#2513);
#2512 = CARTESIAN_POINT('',(19.684388263831,64.744078383212,0.));
#2513 = VECTOR('',#2514,1.);
#2514 = DIRECTION('',(-0.707106781187,0.707106781187,0.));
#2515 = ORIENTED_EDGE('',*,*,#2516,.T.);
#2516 = EDGE_CURVE('',#2509,#2517,#2519,.T.);
#2517 = VERTEX_POINT('',#2518);
#2518 = CARTESIAN_POINT('',(19.777130659207,64.938420981787,0.));
#2519 = CIRCLE('',#2520,0.101499873);
#2520 = AXIS2_PLACEMENT_3D('',#2521,#2522,#2523);
#2521 = CARTESIAN_POINT('',(19.705359410719,64.866649733299,0.));
#2522 = DIRECTION('',(0.,0.,-1.));
#2523 = DIRECTION('',(-0.707106781187,-0.707106781187,-0.));
#2524 = ORIENTED_EDGE('',*,*,#2525,.T.);
#2525 = EDGE_CURVE('',#2517,#2526,#2528,.T.);
#2526 = VERTEX_POINT('',#2527);
#2527 = CARTESIAN_POINT('',(19.813533601774,64.90201803922,0.));
#2528 = LINE('',#2529,#2530);
#2529 = CARTESIAN_POINT('',(19.777130659207,64.938420981787,0.));
#2530 = VECTOR('',#2531,1.);
#2531 = DIRECTION('',(0.707106781187,-0.707106781187,0.));
#2532 = ORIENTED_EDGE('',*,*,#2533,.T.);
#2533 = EDGE_CURVE('',#2526,#2534,#2536,.T.);
#2534 = VERTEX_POINT('',#2535);
#2535 = CARTESIAN_POINT('',(19.946551510878,64.901609036878,0.));
#2536 = CIRCLE('',#2537,0.199156296783);
#2537 = AXIS2_PLACEMENT_3D('',#2538,#2539,#2540);
#2538 = CARTESIAN_POINT('',(19.88061976124,65.08953517912,0.));
#2539 = DIRECTION('',(0.,0.,1.));
#2540 = DIRECTION('',(-0.336851812115,-0.941557675703,0.));
#2541 = ORIENTED_EDGE('',*,*,#2542,.T.);
#2542 = EDGE_CURVE('',#2534,#2543,#2545,.T.);
#2543 = VERTEX_POINT('',#2544);
#2544 = CARTESIAN_POINT('',(19.95184023368,64.907176113512,0.));
#2545 = LINE('',#2546,#2547);
#2546 = CARTESIAN_POINT('',(19.946551510878,64.901609036878,0.));
#2547 = VECTOR('',#2548,1.);
#2548 = DIRECTION('',(0.688749461915,0.724999433594,0.));
#2549 = ORIENTED_EDGE('',*,*,#2550,.T.);
#2550 = EDGE_CURVE('',#2543,#2551,#2553,.T.);
#2551 = VERTEX_POINT('',#2552);
#2552 = CARTESIAN_POINT('',(19.95184023368,64.92170144649,0.));
#2553 = LINE('',#2554,#2555);
#2554 = CARTESIAN_POINT('',(19.95184023368,64.907176113512,0.));
#2555 = VECTOR('',#2556,1.);
#2556 = DIRECTION('',(0.,1.,0.));
#2557 = ORIENTED_EDGE('',*,*,#2558,.T.);
#2558 = EDGE_CURVE('',#2551,#2217,#2559,.T.);
#2559 = CIRCLE('',#2560,6.808864124956E-02);
#2560 = AXIS2_PLACEMENT_3D('',#2561,#2562,#2563);
#2561 = CARTESIAN_POINT('',(19.891097282216,64.890938531891,0.));
#2562 = DIRECTION('',(0.,0.,1.));
#2563 = DIRECTION('',(0.892115782446,0.451806851112,-0.));
#2564 = PLANE('',#2565);
#2565 = AXIS2_PLACEMENT_3D('',#2566,#2567,#2568);
#2566 = CARTESIAN_POINT('',(19.882344044208,65.055245053521,0.));
#2567 = DIRECTION('',(-0.,-0.,-1.));
#2568 = DIRECTION('',(-1.,0.,0.));
#2569 = SHELL_BASED_SURFACE_MODEL('',(#2570));
#2570 = OPEN_SHELL('',(#2571));
#2571 = ADVANCED_FACE('',(#2572),#2608,.T.);
#2572 = FACE_BOUND('',#2573,.T.);
#2573 = EDGE_LOOP('',(#2574,#2585,#2593,#2602));
#2574 = ORIENTED_EDGE('',*,*,#2575,.T.);
#2575 = EDGE_CURVE('',#2576,#2578,#2580,.T.);
#2576 = VERTEX_POINT('',#2577);
#2577 = CARTESIAN_POINT('',(20.477420624841,64.792989585979,0.));
#2578 = VERTEX_POINT('',#2579);
#2579 = CARTESIAN_POINT('',(20.274420878842,64.792989585979,0.));
#2580 = CIRCLE('',#2581,0.101499873);
#2581 = AXIS2_PLACEMENT_3D('',#2582,#2583,#2584);
#2582 = CARTESIAN_POINT('',(20.375920751842,64.792989585979,0.));
#2583 = DIRECTION('',(-0.,0.,-1.));
#2584 = DIRECTION('',(1.,-1.110223024625E-16,-0.));
#2585 = ORIENTED_EDGE('',*,*,#2586,.T.);
#2586 = EDGE_CURVE('',#2578,#2587,#2589,.T.);
#2587 = VERTEX_POINT('',#2588);
#2588 = CARTESIAN_POINT('',(20.274420878842,65.316230632461,0.));
#2589 = LINE('',#2590,#2591);
#2590 = CARTESIAN_POINT('',(20.274420878842,64.792989585979,0.));
#2591 = VECTOR('',#2592,1.);
#2592 = DIRECTION('',(0.,1.,0.));
#2593 = ORIENTED_EDGE('',*,*,#2594,.T.);
#2594 = EDGE_CURVE('',#2587,#2595,#2597,.T.);
#2595 = VERTEX_POINT('',#2596);
#2596 = CARTESIAN_POINT('',(20.477420624841,65.316230632461,0.));
#2597 = CIRCLE('',#2598,0.101499873);
#2598 = AXIS2_PLACEMENT_3D('',#2599,#2600,#2601);
#2599 = CARTESIAN_POINT('',(20.375920751842,65.316230632461,0.));
#2600 = DIRECTION('',(0.,0.,-1.));
#2601 = DIRECTION('',(-1.,1.110223024625E-16,0.));
#2602 = ORIENTED_EDGE('',*,*,#2603,.T.);
#2603 = EDGE_CURVE('',#2595,#2576,#2604,.T.);
#2604 = LINE('',#2605,#2606);
#2605 = CARTESIAN_POINT('',(20.477420624841,65.316230632461,0.));
#2606 = VECTOR('',#2607,1.);
#2607 = DIRECTION('',(-6.789822210407E-15,-1.,0.));
#2608 = PLANE('',#2609);
#2609 = AXIS2_PLACEMENT_3D('',#2610,#2611,#2612);
#2610 = CARTESIAN_POINT('',(20.375920751842,65.05461010922,0.));
#2611 = DIRECTION('',(-0.,-0.,-1.));
#2612 = DIRECTION('',(-1.,0.,0.));
#2613 = SHELL_BASED_SURFACE_MODEL('',(#2614));
#2614 = OPEN_SHELL('',(#2615));
#2615 = ADVANCED_FACE('',(#2616),#2677,.T.);
#2616 = FACE_BOUND('',#2617,.T.);
#2617 = EDGE_LOOP('',(#2618,#2628,#2636,#2645,#2653,#2662,#2670));
#2618 = ORIENTED_EDGE('',*,*,#2619,.T.);
#2619 = EDGE_CURVE('',#2620,#2622,#2624,.T.);
#2620 = VERTEX_POINT('',#2621);
#2621 = CARTESIAN_POINT('',(24.199571398941,65.352172422715,0.));
#2622 = VERTEX_POINT('',#2623);
#2623 = CARTESIAN_POINT('',(24.303372726645,65.078030454677,0.));
#2624 = LINE('',#2625,#2626);
#2625 = CARTESIAN_POINT('',(24.199571398941,65.352172422715,0.));
#2626 = VECTOR('',#2627,1.);
#2627 = DIRECTION('',(0.35410675099,-0.935205009024,0.));
#2628 = ORIENTED_EDGE('',*,*,#2629,.T.);
#2629 = EDGE_CURVE('',#2622,#2630,#2632,.T.);
#2630 = VERTEX_POINT('',#2631);
#2631 = CARTESIAN_POINT('',(24.408659020749,65.352574462086,0.));
#2632 = LINE('',#2633,#2634);
#2633 = CARTESIAN_POINT('',(24.303372726645,65.078030454677,0.));
#2634 = VECTOR('',#2635,1.);
#2635 = DIRECTION('',(0.358067734967,0.9336956127,0.));
#2636 = ORIENTED_EDGE('',*,*,#2637,.T.);
#2637 = EDGE_CURVE('',#2630,#2638,#2640,.T.);
#2638 = VERTEX_POINT('',#2639);
#2639 = CARTESIAN_POINT('',(24.598198992967,65.279886802837,0.));
#2640 = CIRCLE('',#2641,0.101499873);
#2641 = AXIS2_PLACEMENT_3D('',#2642,#2643,#2644);
#2642 = CARTESIAN_POINT('',(24.503429006858,65.316230632461,0.));
#2643 = DIRECTION('',(0.,0.,-1.));
#2644 = DIRECTION('',(-0.9336956127,0.358067734967,0.));
#2645 = ORIENTED_EDGE('',*,*,#2646,.T.);
#2646 = EDGE_CURVE('',#2638,#2647,#2649,.T.);
#2647 = VERTEX_POINT('',#2648);
#2648 = CARTESIAN_POINT('',(24.397538591647,64.756645756355,0.));
#2649 = LINE('',#2650,#2651);
#2650 = CARTESIAN_POINT('',(24.598198992967,65.279886802837,0.));
#2651 = VECTOR('',#2652,1.);
#2652 = DIRECTION('',(-0.358067734967,-0.9336956127,0.));
#2653 = ORIENTED_EDGE('',*,*,#2654,.T.);
#2654 = EDGE_CURVE('',#2647,#2655,#2657,.T.);
#2655 = VERTEX_POINT('',#2656);
#2656 = CARTESIAN_POINT('',(24.207845415893,64.757047795725,0.));
#2657 = CIRCLE('',#2658,0.101499873);
#2658 = AXIS2_PLACEMENT_3D('',#2659,#2660,#2661);
#2659 = CARTESIAN_POINT('',(24.302768605537,64.792989585979,0.));
#2660 = DIRECTION('',(-0.,0.,-1.));
#2661 = DIRECTION('',(0.9336956127,-0.358067734967,-0.));
#2662 = ORIENTED_EDGE('',*,*,#2663,.T.);
#2663 = EDGE_CURVE('',#2655,#2664,#2666,.T.);
#2664 = VERTEX_POINT('',#2665);
#2665 = CARTESIAN_POINT('',(24.009725019652,65.280288842207,0.));
#2666 = LINE('',#2667,#2668);
#2667 = CARTESIAN_POINT('',(24.207845415893,64.757047795725,0.));
#2668 = VECTOR('',#2669,1.);
#2669 = DIRECTION('',(-0.35410675099,0.935205009024,0.));
#2670 = ORIENTED_EDGE('',*,*,#2671,.T.);
#2671 = EDGE_CURVE('',#2664,#2620,#2672,.T.);
#2672 = CIRCLE('',#2673,0.101499873);
#2673 = AXIS2_PLACEMENT_3D('',#2674,#2675,#2676);
#2674 = CARTESIAN_POINT('',(24.104648209296,65.316230632461,0.));
#2675 = DIRECTION('',(0.,0.,-1.));
#2676 = DIRECTION('',(-0.935205009024,-0.35410675099,-0.));
#2677 = PLANE('',#2678);
#2678 = AXIS2_PLACEMENT_3D('',#2679,#2680,#2681);
#2679 = CARTESIAN_POINT('',(24.303640741422,65.119752406281,0.));
#2680 = DIRECTION('',(-0.,-0.,-1.));
#2681 = DIRECTION('',(-1.,0.,0.));
#2682 = SHELL_BASED_SURFACE_MODEL('',(#2683));
#2683 = OPEN_SHELL('',(#2684));
#2684 = ADVANCED_FACE('',(#2685,#2859),#2943,.T.);
#2685 = FACE_BOUND('',#2686,.T.);
#2686 = EDGE_LOOP('',(#2687,#2697,#2706,#2714,#2723,#2731,#2740,#2748,
    #2757,#2765,#2774,#2783,#2792,#2800,#2809,#2818,#2827,#2835,#2844,
    #2852));
#2687 = ORIENTED_EDGE('',*,*,#2688,.T.);
#2688 = EDGE_CURVE('',#2689,#2691,#2693,.T.);
#2689 = VERTEX_POINT('',#2690);
#2690 = CARTESIAN_POINT('',(25.00127000254,64.691489712979,0.));
#2691 = VERTEX_POINT('',#2692);
#2692 = CARTESIAN_POINT('',(24.826009652019,64.691489712979,0.));
#2693 = LINE('',#2694,#2695);
#2694 = CARTESIAN_POINT('',(25.00127000254,64.691489712979,0.));
#2695 = VECTOR('',#2696,1.);
#2696 = DIRECTION('',(-1.,0.,0.));
#2697 = ORIENTED_EDGE('',*,*,#2698,.T.);
#2698 = EDGE_CURVE('',#2691,#2699,#2701,.T.);
#2699 = VERTEX_POINT('',#2700);
#2700 = CARTESIAN_POINT('',(24.72450977902,64.792989585979,0.));
#2701 = CIRCLE('',#2702,0.101499873);
#2702 = AXIS2_PLACEMENT_3D('',#2703,#2704,#2705);
#2703 = CARTESIAN_POINT('',(24.826009652019,64.792989585979,0.));
#2704 = DIRECTION('',(0.,0.,-1.));
#2705 = DIRECTION('',(-4.940383314503E-14,-1.,-0.));
#2706 = ORIENTED_EDGE('',*,*,#2707,.T.);
#2707 = EDGE_CURVE('',#2699,#2708,#2710,.T.);
#2708 = VERTEX_POINT('',#2709);
#2709 = CARTESIAN_POINT('',(24.72450977902,65.316230632461,0.));
#2710 = LINE('',#2711,#2712);
#2711 = CARTESIAN_POINT('',(24.72450977902,64.792989585979,0.));
#2712 = VECTOR('',#2713,1.);
#2713 = DIRECTION('',(-6.789822210407E-15,1.,0.));
#2714 = ORIENTED_EDGE('',*,*,#2715,.T.);
#2715 = EDGE_CURVE('',#2708,#2716,#2718,.T.);
#2716 = VERTEX_POINT('',#2717);
#2717 = CARTESIAN_POINT('',(24.826009652019,65.417730505461,0.));
#2718 = CIRCLE('',#2719,0.101499873);
#2719 = AXIS2_PLACEMENT_3D('',#2720,#2721,#2722);
#2720 = CARTESIAN_POINT('',(24.826009652019,65.316230632461,0.));
#2721 = DIRECTION('',(0.,0.,-1.));
#2722 = DIRECTION('',(-1.,-1.740252439551E-14,-0.));
#2723 = ORIENTED_EDGE('',*,*,#2724,.T.);
#2724 = EDGE_CURVE('',#2716,#2725,#2727,.T.);
#2725 = VERTEX_POINT('',#2726);
#2726 = CARTESIAN_POINT('',(25.00127000254,65.417730505461,0.));
#2727 = LINE('',#2728,#2729);
#2728 = CARTESIAN_POINT('',(24.826009652019,65.417730505461,0.));
#2729 = VECTOR('',#2730,1.);
#2730 = DIRECTION('',(1.,-8.108425364311E-14,0.));
#2731 = ORIENTED_EDGE('',*,*,#2732,.T.);
#2732 = EDGE_CURVE('',#2725,#2733,#2735,.T.);
#2733 = VERTEX_POINT('',#2734);
#2734 = CARTESIAN_POINT('',(25.034358015496,65.412185870034,0.));
#2735 = CIRCLE('',#2736,0.101499873);
#2736 = AXIS2_PLACEMENT_3D('',#2737,#2738,#2739);
#2737 = CARTESIAN_POINT('',(25.00127000254,65.316230632461,0.));
#2738 = DIRECTION('',(0.,0.,-1.));
#2739 = DIRECTION('',(-1.06282923493E-13,1.,0.));
#2740 = ORIENTED_EDGE('',*,*,#2741,.T.);
#2741 = EDGE_CURVE('',#2733,#2742,#2744,.T.);
#2742 = VERTEX_POINT('',#2743);
#2743 = CARTESIAN_POINT('',(25.108018162816,65.386785819234,0.));
#2744 = LINE('',#2745,#2746);
#2745 = CARTESIAN_POINT('',(25.034358015496,65.412185870034,0.));
#2746 = VECTOR('',#2747,1.);
#2747 = DIRECTION('',(0.945372981626,-0.325990683319,0.));
#2748 = ORIENTED_EDGE('',*,*,#2749,.T.);
#2749 = EDGE_CURVE('',#2742,#2750,#2752,.T.);
#2750 = VERTEX_POINT('',#2751);
#2751 = CARTESIAN_POINT('',(25.146701398348,65.362601830149,0.));
#2752 = CIRCLE('',#2753,0.101499873);
#2753 = AXIS2_PLACEMENT_3D('',#2754,#2755,#2756);
#2754 = CARTESIAN_POINT('',(25.07493014986,65.290830581661,0.));
#2755 = DIRECTION('',(0.,0.,-1.));
#2756 = DIRECTION('',(0.325990683319,0.945372981626,0.));
#2757 = ORIENTED_EDGE('',*,*,#2758,.T.);
#2758 = EDGE_CURVE('',#2750,#2759,#2761,.T.);
#2759 = VERTEX_POINT('',#2760);
#2760 = CARTESIAN_POINT('',(25.197501499948,65.311801728549,0.));
#2761 = LINE('',#2762,#2763);
#2762 = CARTESIAN_POINT('',(25.146701398348,65.362601830149,0.));
#2763 = VECTOR('',#2764,1.);
#2764 = DIRECTION('',(0.707106781187,-0.707106781187,0.));
#2765 = ORIENTED_EDGE('',*,*,#2766,.T.);
#2766 = EDGE_CURVE('',#2759,#2767,#2769,.T.);
#2767 = VERTEX_POINT('',#2768);
#2768 = CARTESIAN_POINT('',(25.216647877671,65.285154857766,0.));
#2769 = CIRCLE('',#2770,0.101499873);
#2770 = AXIS2_PLACEMENT_3D('',#2771,#2772,#2773);
#2771 = CARTESIAN_POINT('',(25.12573025146,65.240030480061,0.));
#2772 = DIRECTION('',(0.,0.,-1.));
#2773 = DIRECTION('',(0.707106781187,0.707106781187,0.));
#2774 = ORIENTED_EDGE('',*,*,#2775,.T.);
#2775 = EDGE_CURVE('',#2767,#2776,#2778,.T.);
#2776 = VERTEX_POINT('',#2777);
#2777 = CARTESIAN_POINT('',(25.271562233845,65.143533623423,0.));
#2778 = CIRCLE('',#2779,0.837628897504);
#2779 = AXIS2_PLACEMENT_3D('',#2780,#2781,#2782);
#2780 = CARTESIAN_POINT('',(24.466349096448,64.91276539923,0.));
#2781 = DIRECTION('',(0.,0.,-1.));
#2782 = DIRECTION('',(0.895741280487,0.444575706075,0.));
#2783 = ORIENTED_EDGE('',*,*,#2784,.T.);
#2784 = EDGE_CURVE('',#2776,#2785,#2787,.T.);
#2785 = VERTEX_POINT('',#2786);
#2786 = CARTESIAN_POINT('',(25.27549022098,65.11557023114,0.));
#2787 = CIRCLE('',#2788,0.101499873);
#2788 = AXIS2_PLACEMENT_3D('',#2789,#2790,#2791);
#2789 = CARTESIAN_POINT('',(25.173990347981,65.11557023114,0.));
#2790 = DIRECTION('',(0.,0.,-1.));
#2791 = DIRECTION('',(0.961300570929,0.275501746514,0.));
#2792 = ORIENTED_EDGE('',*,*,#2793,.T.);
#2793 = EDGE_CURVE('',#2785,#2794,#2796,.T.);
#2794 = VERTEX_POINT('',#2795);
#2795 = CARTESIAN_POINT('',(25.27549022098,64.99110998222,0.));
#2796 = LINE('',#2797,#2798);
#2797 = CARTESIAN_POINT('',(25.27549022098,65.11557023114,0.));
#2798 = VECTOR('',#2799,1.);
#2799 = DIRECTION('',(0.,-1.,0.));
#2800 = ORIENTED_EDGE('',*,*,#2801,.T.);
#2801 = EDGE_CURVE('',#2794,#2802,#2804,.T.);
#2802 = VERTEX_POINT('',#2803);
#2803 = CARTESIAN_POINT('',(25.271562233847,64.963146589945,0.));
#2804 = CIRCLE('',#2805,0.101499873);
#2805 = AXIS2_PLACEMENT_3D('',#2806,#2807,#2808);
#2806 = CARTESIAN_POINT('',(25.173990347981,64.99110998222,0.));
#2807 = DIRECTION('',(0.,0.,-1.));
#2808 = DIRECTION('',(1.,-9.876794062432E-14,0.));
#2809 = ORIENTED_EDGE('',*,*,#2810,.T.);
#2810 = EDGE_CURVE('',#2802,#2811,#2813,.T.);
#2811 = VERTEX_POINT('',#2812);
#2812 = CARTESIAN_POINT('',(25.216647877667,64.821525355587,0.));
#2813 = CIRCLE('',#2814,0.83762889687);
#2814 = AXIS2_PLACEMENT_3D('',#2815,#2816,#2817);
#2815 = CARTESIAN_POINT('',(24.466349097041,65.193914813901,0.));
#2816 = DIRECTION('',(0.,0.,-1.));
#2817 = DIRECTION('',(0.96130057095,-0.275501746439,0.));
#2818 = ORIENTED_EDGE('',*,*,#2819,.T.);
#2819 = EDGE_CURVE('',#2811,#2820,#2822,.T.);
#2820 = VERTEX_POINT('',#2821);
#2821 = CARTESIAN_POINT('',(25.197501499948,64.794878484812,0.));
#2822 = CIRCLE('',#2823,0.101499873);
#2823 = AXIS2_PLACEMENT_3D('',#2824,#2825,#2826);
#2824 = CARTESIAN_POINT('',(25.125730251461,64.866649733299,0.));
#2825 = DIRECTION('',(0.,0.,-1.));
#2826 = DIRECTION('',(0.895741280452,-0.444575706146,0.));
#2827 = ORIENTED_EDGE('',*,*,#2828,.T.);
#2828 = EDGE_CURVE('',#2820,#2829,#2831,.T.);
#2829 = VERTEX_POINT('',#2830);
#2830 = CARTESIAN_POINT('',(25.146701398348,64.744078383212,0.));
#2831 = LINE('',#2832,#2833);
#2832 = CARTESIAN_POINT('',(25.197501499948,64.794878484812,0.));
#2833 = VECTOR('',#2834,1.);
#2834 = DIRECTION('',(-0.707106781187,-0.707106781187,0.));
#2835 = ORIENTED_EDGE('',*,*,#2836,.T.);
#2836 = EDGE_CURVE('',#2829,#2837,#2839,.T.);
#2837 = VERTEX_POINT('',#2838);
#2838 = CARTESIAN_POINT('',(25.105014632527,64.718910743106,0.));
#2839 = CIRCLE('',#2840,0.101499873);
#2840 = AXIS2_PLACEMENT_3D('',#2841,#2842,#2843);
#2841 = CARTESIAN_POINT('',(25.07493014986,64.815849631699,0.));
#2842 = DIRECTION('',(0.,0.,-1.));
#2843 = DIRECTION('',(0.707106781186,-0.707106781187,0.));
#2844 = ORIENTED_EDGE('',*,*,#2845,.T.);
#2845 = EDGE_CURVE('',#2837,#2846,#2848,.T.);
#2846 = VERTEX_POINT('',#2847);
#2847 = CARTESIAN_POINT('',(25.031354485207,64.696050697386,0.));
#2848 = LINE('',#2849,#2850);
#2849 = CARTESIAN_POINT('',(25.105014632527,64.718910743106,0.));
#2850 = VECTOR('',#2851,1.);
#2851 = DIRECTION('',(-0.955064136811,-0.296399214873,0.));
#2852 = ORIENTED_EDGE('',*,*,#2853,.T.);
#2853 = EDGE_CURVE('',#2846,#2689,#2854,.T.);
#2854 = CIRCLE('',#2855,0.101499873);
#2855 = AXIS2_PLACEMENT_3D('',#2856,#2857,#2858);
#2856 = CARTESIAN_POINT('',(25.00127000254,64.792989585979,0.));
#2857 = DIRECTION('',(0.,0.,-1.));
#2858 = DIRECTION('',(0.296399214872,-0.955064136811,0.));
#2859 = FACE_BOUND('',#2860,.T.);
#2860 = EDGE_LOOP('',(#2861,#2871,#2879,#2887,#2895,#2903,#2912,#2920,
    #2929,#2937));
#2861 = ORIENTED_EDGE('',*,*,#2862,.T.);
#2862 = EDGE_CURVE('',#2863,#2865,#2867,.T.);
#2863 = VERTEX_POINT('',#2864);
#2864 = CARTESIAN_POINT('',(24.984261432323,65.214730759462,0.));
#2865 = VERTEX_POINT('',#2866);
#2866 = CARTESIAN_POINT('',(24.927509525019,65.214730759462,0.));
#2867 = LINE('',#2868,#2869);
#2868 = CARTESIAN_POINT('',(24.984261432323,65.214730759462,0.));
#2869 = VECTOR('',#2870,1.);
#2870 = DIRECTION('',(-1.,0.,0.));
#2871 = ORIENTED_EDGE('',*,*,#2872,.T.);
#2872 = EDGE_CURVE('',#2865,#2873,#2875,.T.);
#2873 = VERTEX_POINT('',#2874);
#2874 = CARTESIAN_POINT('',(24.927509525019,64.894489458979,0.));
#2875 = LINE('',#2876,#2877);
#2876 = CARTESIAN_POINT('',(24.927509525019,65.214730759462,0.));
#2877 = VECTOR('',#2878,1.);
#2878 = DIRECTION('',(0.,-1.,0.));
#2879 = ORIENTED_EDGE('',*,*,#2880,.T.);
#2880 = EDGE_CURVE('',#2873,#2881,#2883,.T.);
#2881 = VERTEX_POINT('',#2882);
#2882 = CARTESIAN_POINT('',(24.985882025184,64.894489458979,0.));
#2883 = LINE('',#2884,#2885);
#2884 = CARTESIAN_POINT('',(24.927509525019,64.894489458979,0.));
#2885 = VECTOR('',#2886,1.);
#2886 = DIRECTION('',(1.,0.,0.));
#2887 = ORIENTED_EDGE('',*,*,#2888,.T.);
#2888 = EDGE_CURVE('',#2881,#2889,#2891,.T.);
#2889 = VERTEX_POINT('',#2890);
#2890 = CARTESIAN_POINT('',(25.020892934906,64.90535491372,0.));
#2891 = LINE('',#2892,#2893);
#2892 = CARTESIAN_POINT('',(24.985882025184,64.894489458979,0.));
#2893 = VECTOR('',#2894,1.);
#2894 = DIRECTION('',(0.955064136811,0.296399214872,0.));
#2895 = ORIENTED_EDGE('',*,*,#2896,.T.);
#2896 = EDGE_CURVE('',#2889,#2897,#2899,.T.);
#2897 = VERTEX_POINT('',#2898);
#2898 = CARTESIAN_POINT('',(25.041755121974,64.926217100789,0.));
#2899 = LINE('',#2900,#2901);
#2900 = CARTESIAN_POINT('',(25.020892934906,64.90535491372,0.));
#2901 = VECTOR('',#2902,1.);
#2902 = DIRECTION('',(0.707106781187,0.707106781186,0.));
#2903 = ORIENTED_EDGE('',*,*,#2904,.T.);
#2904 = EDGE_CURVE('',#2897,#2905,#2907,.T.);
#2905 = VERTEX_POINT('',#2906);
#2906 = CARTESIAN_POINT('',(25.072490474981,65.00590739627,0.));
#2907 = CIRCLE('',#2908,0.634629150871);
#2908 = AXIS2_PLACEMENT_3D('',#2909,#2910,#2911);
#2909 = CARTESIAN_POINT('',(24.466349097041,65.193914813901,0.));
#2910 = DIRECTION('',(0.,0.,1.));
#2911 = DIRECTION('',(0.906680734952,-0.421817549265,0.));
#2912 = ORIENTED_EDGE('',*,*,#2913,.T.);
#2913 = EDGE_CURVE('',#2905,#2914,#2916,.T.);
#2914 = VERTEX_POINT('',#2915);
#2915 = CARTESIAN_POINT('',(25.072490474981,65.100772817086,0.));
#2916 = LINE('',#2917,#2918);
#2917 = CARTESIAN_POINT('',(25.072490474981,65.00590739627,0.));
#2918 = VECTOR('',#2919,1.);
#2919 = DIRECTION('',(3.745003867844E-14,1.,0.));
#2920 = ORIENTED_EDGE('',*,*,#2921,.T.);
#2921 = EDGE_CURVE('',#2914,#2922,#2924,.T.);
#2922 = VERTEX_POINT('',#2923);
#2923 = CARTESIAN_POINT('',(25.041755121972,65.180463112574,0.));
#2924 = CIRCLE('',#2925,0.634629151505);
#2925 = AXIS2_PLACEMENT_3D('',#2926,#2927,#2928);
#2926 = CARTESIAN_POINT('',(24.466349096448,64.91276539923,0.));
#2927 = DIRECTION('',(0.,0.,1.));
#2928 = DIRECTION('',(0.95511114971,0.296247686402,-0.));
#2929 = ORIENTED_EDGE('',*,*,#2930,.T.);
#2930 = EDGE_CURVE('',#2922,#2931,#2933,.T.);
#2931 = VERTEX_POINT('',#2932);
#2932 = CARTESIAN_POINT('',(25.019711708117,65.202506526429,0.));
#2933 = LINE('',#2934,#2935);
#2934 = CARTESIAN_POINT('',(25.041755121972,65.180463112574,0.));
#2935 = VECTOR('',#2936,1.);
#2936 = DIRECTION('',(-0.707106781186,0.707106781187,0.));
#2937 = ORIENTED_EDGE('',*,*,#2938,.T.);
#2938 = EDGE_CURVE('',#2931,#2863,#2939,.T.);
#2939 = LINE('',#2940,#2941);
#2940 = CARTESIAN_POINT('',(25.019711708117,65.202506526429,0.));
#2941 = VECTOR('',#2942,1.);
#2942 = DIRECTION('',(-0.945372981626,0.325990683319,0.));
#2943 = PLANE('',#2944);
#2944 = AXIS2_PLACEMENT_3D('',#2945,#2946,#2947);
#2945 = CARTESIAN_POINT('',(24.971755331814,65.054234500675,0.));
#2946 = DIRECTION('',(-0.,-0.,-1.));
#2947 = DIRECTION('',(-1.,0.,0.));
#2948 = SHELL_BASED_SURFACE_MODEL('',(#2949));
#2949 = OPEN_SHELL('',(#2950));
#2950 = ADVANCED_FACE('',(#2951,#3125),#3209,.T.);
#2951 = FACE_BOUND('',#2952,.T.);
#2952 = EDGE_LOOP('',(#2953,#2963,#2972,#2980,#2989,#2997,#3006,#3014,
    #3023,#3031,#3040,#3049,#3058,#3066,#3075,#3084,#3093,#3101,#3110,
    #3118));
#2953 = ORIENTED_EDGE('',*,*,#2954,.T.);
#2954 = EDGE_CURVE('',#2955,#2957,#2959,.T.);
#2955 = VERTEX_POINT('',#2956);
#2956 = CARTESIAN_POINT('',(25.671831343663,64.691489712979,0.));
#2957 = VERTEX_POINT('',#2958);
#2958 = CARTESIAN_POINT('',(25.496570993142,64.691489712979,0.));
#2959 = LINE('',#2960,#2961);
#2960 = CARTESIAN_POINT('',(25.671831343663,64.691489712979,0.));
#2961 = VECTOR('',#2962,1.);
#2962 = DIRECTION('',(-1.,0.,0.));
#2963 = ORIENTED_EDGE('',*,*,#2964,.T.);
#2964 = EDGE_CURVE('',#2957,#2965,#2967,.T.);
#2965 = VERTEX_POINT('',#2966);
#2966 = CARTESIAN_POINT('',(25.395071120142,64.792989585979,0.));
#2967 = CIRCLE('',#2968,0.101499873);
#2968 = AXIS2_PLACEMENT_3D('',#2969,#2970,#2971);
#2969 = CARTESIAN_POINT('',(25.496570993142,64.792989585979,0.));
#2970 = DIRECTION('',(0.,0.,-1.));
#2971 = DIRECTION('',(-4.940383314503E-14,-1.,-0.));
#2972 = ORIENTED_EDGE('',*,*,#2973,.T.);
#2973 = EDGE_CURVE('',#2965,#2974,#2976,.T.);
#2974 = VERTEX_POINT('',#2975);
#2975 = CARTESIAN_POINT('',(25.395071120142,65.316230632461,0.));
#2976 = LINE('',#2977,#2978);
#2977 = CARTESIAN_POINT('',(25.395071120142,64.792989585979,0.));
#2978 = VECTOR('',#2979,1.);
#2979 = DIRECTION('',(-6.789822210407E-15,1.,0.));
#2980 = ORIENTED_EDGE('',*,*,#2981,.T.);
#2981 = EDGE_CURVE('',#2974,#2982,#2984,.T.);
#2982 = VERTEX_POINT('',#2983);
#2983 = CARTESIAN_POINT('',(25.496570993142,65.417730505461,0.));
#2984 = CIRCLE('',#2985,0.101499873);
#2985 = AXIS2_PLACEMENT_3D('',#2986,#2987,#2988);
#2986 = CARTESIAN_POINT('',(25.496570993142,65.316230632461,0.));
#2987 = DIRECTION('',(0.,0.,-1.));
#2988 = DIRECTION('',(-1.,-1.740252439551E-14,-0.));
#2989 = ORIENTED_EDGE('',*,*,#2990,.T.);
#2990 = EDGE_CURVE('',#2982,#2991,#2993,.T.);
#2991 = VERTEX_POINT('',#2992);
#2992 = CARTESIAN_POINT('',(25.671831343663,65.417730505461,0.));
#2993 = LINE('',#2994,#2995);
#2994 = CARTESIAN_POINT('',(25.496570993142,65.417730505461,0.));
#2995 = VECTOR('',#2996,1.);
#2996 = DIRECTION('',(1.,-8.108425364312E-14,0.));
#2997 = ORIENTED_EDGE('',*,*,#2998,.T.);
#2998 = EDGE_CURVE('',#2991,#2999,#3001,.T.);
#2999 = VERTEX_POINT('',#3000);
#3000 = CARTESIAN_POINT('',(25.704919356619,65.412185870034,0.));
#3001 = CIRCLE('',#3002,0.101499873);
#3002 = AXIS2_PLACEMENT_3D('',#3003,#3004,#3005);
#3003 = CARTESIAN_POINT('',(25.671831343663,65.316230632461,0.));
#3004 = DIRECTION('',(0.,0.,-1.));
#3005 = DIRECTION('',(-1.237856087775E-13,1.,0.));
#3006 = ORIENTED_EDGE('',*,*,#3007,.T.);
#3007 = EDGE_CURVE('',#2999,#3008,#3010,.T.);
#3008 = VERTEX_POINT('',#3009);
#3009 = CARTESIAN_POINT('',(25.778579503939,65.386785819234,0.));
#3010 = LINE('',#3011,#3012);
#3011 = CARTESIAN_POINT('',(25.704919356619,65.412185870034,0.));
#3012 = VECTOR('',#3013,1.);
#3013 = DIRECTION('',(0.945372981626,-0.325990683319,0.));
#3014 = ORIENTED_EDGE('',*,*,#3015,.T.);
#3015 = EDGE_CURVE('',#3008,#3016,#3018,.T.);
#3016 = VERTEX_POINT('',#3017);
#3017 = CARTESIAN_POINT('',(25.817262739471,65.362601830149,0.));
#3018 = CIRCLE('',#3019,0.101499873);
#3019 = AXIS2_PLACEMENT_3D('',#3020,#3021,#3022);
#3020 = CARTESIAN_POINT('',(25.745491490983,65.290830581661,0.));
#3021 = DIRECTION('',(0.,0.,-1.));
#3022 = DIRECTION('',(0.325990683319,0.945372981626,0.));
#3023 = ORIENTED_EDGE('',*,*,#3024,.T.);
#3024 = EDGE_CURVE('',#3016,#3025,#3027,.T.);
#3025 = VERTEX_POINT('',#3026);
#3026 = CARTESIAN_POINT('',(25.868062841071,65.311801728549,0.));
#3027 = LINE('',#3028,#3029);
#3028 = CARTESIAN_POINT('',(25.817262739471,65.362601830149,0.));
#3029 = VECTOR('',#3030,1.);
#3030 = DIRECTION('',(0.707106781187,-0.707106781187,0.));
#3031 = ORIENTED_EDGE('',*,*,#3032,.T.);
#3032 = EDGE_CURVE('',#3025,#3033,#3035,.T.);
#3033 = VERTEX_POINT('',#3034);
#3034 = CARTESIAN_POINT('',(25.887209218793,65.285154857766,0.));
#3035 = CIRCLE('',#3036,0.101499873);
#3036 = AXIS2_PLACEMENT_3D('',#3037,#3038,#3039);
#3037 = CARTESIAN_POINT('',(25.796291592583,65.240030480061,0.));
#3038 = DIRECTION('',(0.,0.,-1.));
#3039 = DIRECTION('',(0.707106781186,0.707106781187,0.));
#3040 = ORIENTED_EDGE('',*,*,#3041,.T.);
#3041 = EDGE_CURVE('',#3033,#3042,#3044,.T.);
#3042 = VERTEX_POINT('',#3043);
#3043 = CARTESIAN_POINT('',(25.942123574967,65.143533623423,0.));
#3044 = CIRCLE('',#3045,0.837628897504);
#3045 = AXIS2_PLACEMENT_3D('',#3046,#3047,#3048);
#3046 = CARTESIAN_POINT('',(25.13691043757,64.91276539923,0.));
#3047 = DIRECTION('',(0.,0.,-1.));
#3048 = DIRECTION('',(0.895741280487,0.444575706075,0.));
#3049 = ORIENTED_EDGE('',*,*,#3050,.T.);
#3050 = EDGE_CURVE('',#3042,#3051,#3053,.T.);
#3051 = VERTEX_POINT('',#3052);
#3052 = CARTESIAN_POINT('',(25.946051562103,65.11557023114,0.));
#3053 = CIRCLE('',#3054,0.101499873);
#3054 = AXIS2_PLACEMENT_3D('',#3055,#3056,#3057);
#3055 = CARTESIAN_POINT('',(25.844551689103,65.11557023114,0.));
#3056 = DIRECTION('',(0.,0.,-1.));
#3057 = DIRECTION('',(0.961300570929,0.275501746514,0.));
#3058 = ORIENTED_EDGE('',*,*,#3059,.T.);
#3059 = EDGE_CURVE('',#3051,#3060,#3062,.T.);
#3060 = VERTEX_POINT('',#3061);
#3061 = CARTESIAN_POINT('',(25.946051562103,64.99110998222,0.));
#3062 = LINE('',#3063,#3064);
#3063 = CARTESIAN_POINT('',(25.946051562103,65.11557023114,0.));
#3064 = VECTOR('',#3065,1.);
#3065 = DIRECTION('',(0.,-1.,0.));
#3066 = ORIENTED_EDGE('',*,*,#3067,.T.);
#3067 = EDGE_CURVE('',#3060,#3068,#3070,.T.);
#3068 = VERTEX_POINT('',#3069);
#3069 = CARTESIAN_POINT('',(25.942123574969,64.963146589945,0.));
#3070 = CIRCLE('',#3071,0.101499873);
#3071 = AXIS2_PLACEMENT_3D('',#3072,#3073,#3074);
#3072 = CARTESIAN_POINT('',(25.844551689103,64.99110998222,0.));
#3073 = DIRECTION('',(0.,0.,-1.));
#3074 = DIRECTION('',(1.,2.183921809482E-14,0.));
#3075 = ORIENTED_EDGE('',*,*,#3076,.T.);
#3076 = EDGE_CURVE('',#3068,#3077,#3079,.T.);
#3077 = VERTEX_POINT('',#3078);
#3078 = CARTESIAN_POINT('',(25.88720921879,64.821525355587,0.));
#3079 = CIRCLE('',#3080,0.83762889687);
#3080 = AXIS2_PLACEMENT_3D('',#3081,#3082,#3083);
#3081 = CARTESIAN_POINT('',(25.136910438164,65.193914813901,0.));
#3082 = DIRECTION('',(0.,0.,-1.));
#3083 = DIRECTION('',(0.96130057095,-0.275501746439,0.));
#3084 = ORIENTED_EDGE('',*,*,#3085,.T.);
#3085 = EDGE_CURVE('',#3077,#3086,#3088,.T.);
#3086 = VERTEX_POINT('',#3087);
#3087 = CARTESIAN_POINT('',(25.868062841071,64.794878484812,0.));
#3088 = CIRCLE('',#3089,0.101499873);
#3089 = AXIS2_PLACEMENT_3D('',#3090,#3091,#3092);
#3090 = CARTESIAN_POINT('',(25.796291592583,64.866649733299,0.));
#3091 = DIRECTION('',(0.,0.,-1.));
#3092 = DIRECTION('',(0.895741280452,-0.444575706146,0.));
#3093 = ORIENTED_EDGE('',*,*,#3094,.T.);
#3094 = EDGE_CURVE('',#3086,#3095,#3097,.T.);
#3095 = VERTEX_POINT('',#3096);
#3096 = CARTESIAN_POINT('',(25.817262739471,64.744078383212,0.));
#3097 = LINE('',#3098,#3099);
#3098 = CARTESIAN_POINT('',(25.868062841071,64.794878484812,0.));
#3099 = VECTOR('',#3100,1.);
#3100 = DIRECTION('',(-0.707106781187,-0.707106781187,0.));
#3101 = ORIENTED_EDGE('',*,*,#3102,.T.);
#3102 = EDGE_CURVE('',#3095,#3103,#3105,.T.);
#3103 = VERTEX_POINT('',#3104);
#3104 = CARTESIAN_POINT('',(25.77557597365,64.718910743106,0.));
#3105 = CIRCLE('',#3106,0.101499873);
#3106 = AXIS2_PLACEMENT_3D('',#3107,#3108,#3109);
#3107 = CARTESIAN_POINT('',(25.745491490983,64.815849631699,0.));
#3108 = DIRECTION('',(0.,0.,-1.));
#3109 = DIRECTION('',(0.707106781186,-0.707106781187,0.));
#3110 = ORIENTED_EDGE('',*,*,#3111,.T.);
#3111 = EDGE_CURVE('',#3103,#3112,#3114,.T.);
#3112 = VERTEX_POINT('',#3113);
#3113 = CARTESIAN_POINT('',(25.701915826329,64.696050697386,0.));
#3114 = LINE('',#3115,#3116);
#3115 = CARTESIAN_POINT('',(25.77557597365,64.718910743106,0.));
#3116 = VECTOR('',#3117,1.);
#3117 = DIRECTION('',(-0.955064136811,-0.296399214873,0.));
#3118 = ORIENTED_EDGE('',*,*,#3119,.T.);
#3119 = EDGE_CURVE('',#3112,#2955,#3120,.T.);
#3120 = CIRCLE('',#3121,0.101499873);
#3121 = AXIS2_PLACEMENT_3D('',#3122,#3123,#3124);
#3122 = CARTESIAN_POINT('',(25.671831343663,64.792989585979,0.));
#3123 = DIRECTION('',(0.,0.,-1.));
#3124 = DIRECTION('',(0.296399214872,-0.955064136811,0.));
#3125 = FACE_BOUND('',#3126,.T.);
#3126 = EDGE_LOOP('',(#3127,#3137,#3145,#3153,#3161,#3169,#3178,#3186,
    #3195,#3203));
#3127 = ORIENTED_EDGE('',*,*,#3128,.T.);
#3128 = EDGE_CURVE('',#3129,#3131,#3133,.T.);
#3129 = VERTEX_POINT('',#3130);
#3130 = CARTESIAN_POINT('',(25.654822773446,65.214730759462,0.));
#3131 = VERTEX_POINT('',#3132);
#3132 = CARTESIAN_POINT('',(25.598070866142,65.214730759462,0.));
#3133 = LINE('',#3134,#3135);
#3134 = CARTESIAN_POINT('',(25.654822773446,65.214730759462,0.));
#3135 = VECTOR('',#3136,1.);
#3136 = DIRECTION('',(-1.,0.,0.));
#3137 = ORIENTED_EDGE('',*,*,#3138,.T.);
#3138 = EDGE_CURVE('',#3131,#3139,#3141,.T.);
#3139 = VERTEX_POINT('',#3140);
#3140 = CARTESIAN_POINT('',(25.598070866142,64.894489458979,0.));
#3141 = LINE('',#3142,#3143);
#3142 = CARTESIAN_POINT('',(25.598070866142,65.214730759462,0.));
#3143 = VECTOR('',#3144,1.);
#3144 = DIRECTION('',(0.,-1.,0.));
#3145 = ORIENTED_EDGE('',*,*,#3146,.T.);
#3146 = EDGE_CURVE('',#3139,#3147,#3149,.T.);
#3147 = VERTEX_POINT('',#3148);
#3148 = CARTESIAN_POINT('',(25.656443366307,64.894489458979,0.));
#3149 = LINE('',#3150,#3151);
#3150 = CARTESIAN_POINT('',(25.598070866142,64.894489458979,0.));
#3151 = VECTOR('',#3152,1.);
#3152 = DIRECTION('',(1.,0.,0.));
#3153 = ORIENTED_EDGE('',*,*,#3154,.T.);
#3154 = EDGE_CURVE('',#3147,#3155,#3157,.T.);
#3155 = VERTEX_POINT('',#3156);
#3156 = CARTESIAN_POINT('',(25.691454276029,64.90535491372,0.));
#3157 = LINE('',#3158,#3159);
#3158 = CARTESIAN_POINT('',(25.656443366307,64.894489458979,0.));
#3159 = VECTOR('',#3160,1.);
#3160 = DIRECTION('',(0.955064136811,0.296399214872,0.));
#3161 = ORIENTED_EDGE('',*,*,#3162,.T.);
#3162 = EDGE_CURVE('',#3155,#3163,#3165,.T.);
#3163 = VERTEX_POINT('',#3164);
#3164 = CARTESIAN_POINT('',(25.712316463097,64.926217100789,0.));
#3165 = LINE('',#3166,#3167);
#3166 = CARTESIAN_POINT('',(25.691454276029,64.90535491372,0.));
#3167 = VECTOR('',#3168,1.);
#3168 = DIRECTION('',(0.707106781186,0.707106781187,0.));
#3169 = ORIENTED_EDGE('',*,*,#3170,.T.);
#3170 = EDGE_CURVE('',#3163,#3171,#3173,.T.);
#3171 = VERTEX_POINT('',#3172);
#3172 = CARTESIAN_POINT('',(25.743051816104,65.00590739627,0.));
#3173 = CIRCLE('',#3174,0.634629150871);
#3174 = AXIS2_PLACEMENT_3D('',#3175,#3176,#3177);
#3175 = CARTESIAN_POINT('',(25.136910438164,65.193914813901,0.));
#3176 = DIRECTION('',(0.,0.,1.));
#3177 = DIRECTION('',(0.906680734952,-0.421817549265,0.));
#3178 = ORIENTED_EDGE('',*,*,#3179,.T.);
#3179 = EDGE_CURVE('',#3171,#3180,#3182,.T.);
#3180 = VERTEX_POINT('',#3181);
#3181 = CARTESIAN_POINT('',(25.743051816104,65.100772817086,0.));
#3182 = LINE('',#3183,#3184);
#3183 = CARTESIAN_POINT('',(25.743051816104,65.00590739627,0.));
#3184 = VECTOR('',#3185,1.);
#3185 = DIRECTION('',(0.,1.,0.));
#3186 = ORIENTED_EDGE('',*,*,#3187,.T.);
#3187 = EDGE_CURVE('',#3180,#3188,#3190,.T.);
#3188 = VERTEX_POINT('',#3189);
#3189 = CARTESIAN_POINT('',(25.712316463094,65.180463112574,0.));
#3190 = CIRCLE('',#3191,0.634629151505);
#3191 = AXIS2_PLACEMENT_3D('',#3192,#3193,#3194);
#3192 = CARTESIAN_POINT('',(25.13691043757,64.91276539923,0.));
#3193 = DIRECTION('',(0.,0.,1.));
#3194 = DIRECTION('',(0.95511114971,0.296247686402,-0.));
#3195 = ORIENTED_EDGE('',*,*,#3196,.T.);
#3196 = EDGE_CURVE('',#3188,#3197,#3199,.T.);
#3197 = VERTEX_POINT('',#3198);
#3198 = CARTESIAN_POINT('',(25.69027304924,65.202506526429,0.));
#3199 = LINE('',#3200,#3201);
#3200 = CARTESIAN_POINT('',(25.712316463094,65.180463112574,0.));
#3201 = VECTOR('',#3202,1.);
#3202 = DIRECTION('',(-0.707106781187,0.707106781186,0.));
#3203 = ORIENTED_EDGE('',*,*,#3204,.T.);
#3204 = EDGE_CURVE('',#3197,#3129,#3205,.T.);
#3205 = LINE('',#3206,#3207);
#3206 = CARTESIAN_POINT('',(25.69027304924,65.202506526429,0.));
#3207 = VECTOR('',#3208,1.);
#3208 = DIRECTION('',(-0.945372981626,0.325990683319,0.));
#3209 = PLANE('',#3210);
#3210 = AXIS2_PLACEMENT_3D('',#3211,#3212,#3213);
#3211 = CARTESIAN_POINT('',(25.642316672936,65.054234500675,0.));
#3212 = DIRECTION('',(-0.,-0.,-1.));
#3213 = DIRECTION('',(-1.,0.,0.));
#3214 = ( GEOMETRIC_REPRESENTATION_CONTEXT(3) 
GLOBAL_UNCERTAINTY_ASSIGNED_CONTEXT((#3218)) 
GLOBAL_UNIT_ASSIGNED_CONTEXT((#3215,#3216,#3217)) REPRESENTATION_CONTEXT
('Context #1','3D Context with UNIT and UNCERTAINTY') );
#3215 = ( LENGTH_UNIT() NAMED_UNIT(*) SI_UNIT(.MILLI.,.METRE.) );
#3216 = ( NAMED_UNIT(*) PLANE_ANGLE_UNIT() SI_UNIT($,.RADIAN.) );
#3217 = ( NAMED_UNIT(*) SI_UNIT($,.STERADIAN.) SOLID_ANGLE_UNIT() );
#3218 = UNCERTAINTY_MEASURE_WITH_UNIT(LENGTH_MEASURE(1.E-07),#3215,
  'distance_accuracy_value','confusion accuracy');
#3219 = CONTEXT_DEPENDENT_SHAPE_REPRESENTATION(#3220,#3222);
#3220 = ( REPRESENTATION_RELATIONSHIP('','',#946,#10) 
REPRESENTATION_RELATIONSHIP_WITH_TRANSFORMATION(#3221) 
SHAPE_REPRESENTATION_RELATIONSHIP() );
#3221 = ITEM_DEFINED_TRANSFORMATION('','',#11,#27);
#3222 = PRODUCT_DEFINITION_SHAPE('Placement','Placement of an item',
  #3223);
#3223 = NEXT_ASSEMBLY_USAGE_OCCURRENCE('4','=>[0:1:1:5]','',#5,#941,$);
#3224 = PRODUCT_RELATED_PRODUCT_CATEGORY('part',$,(#943));
#3225 = SHAPE_DEFINITION_REPRESENTATION(#3226,#3232);
#3226 = PRODUCT_DEFINITION_SHAPE('','',#3227);
#3227 = PRODUCT_DEFINITION('design','',#3228,#3231);
#3228 = PRODUCT_DEFINITION_FORMATION('','',#3229);
#3229 = PRODUCT('BottomSilkscreen~Cyqx','BottomSilkscreen~Cyqx','',(
    #3230));
#3230 = PRODUCT_CONTEXT('',#2,'mechanical');
#3231 = PRODUCT_DEFINITION_CONTEXT('part definition',#2,'design');
#3232 = SHAPE_REPRESENTATION('',(#11,#3233,#3501,#3860,#4219,#4539,#4898
    ,#4942,#5045,#5311,#5405),#5735);
#3233 = SHELL_BASED_SURFACE_MODEL('',(#3234));
#3234 = OPEN_SHELL('',(#3235));
#3235 = ADVANCED_FACE('',(#3236,#3411),#3496,.T.);
#3236 = FACE_BOUND('',#3237,.T.);
#3237 = EDGE_LOOP('',(#3238,#3248,#3257,#3266,#3275,#3283,#3292,#3300,
    #3309,#3317,#3326,#3334,#3343,#3351,#3360,#3369,#3378,#3386,#3395,
    #3404));
#3238 = ORIENTED_EDGE('',*,*,#3239,.T.);
#3239 = EDGE_CURVE('',#3240,#3242,#3244,.T.);
#3240 = VERTEX_POINT('',#3241);
#3241 = CARTESIAN_POINT('',(13.437238017098,64.761541913411,0.));
#3242 = VERTEX_POINT('',#3243);
#3243 = CARTESIAN_POINT('',(13.388977920577,64.837742065811,0.));
#3244 = LINE('',#3245,#3246);
#3245 = CARTESIAN_POINT('',(13.437238017098,64.761541913411,0.));
#3246 = VECTOR('',#3247,1.);
#3247 = DIRECTION('',(-0.535052081184,0.844819075554,0.));
#3248 = ORIENTED_EDGE('',*,*,#3249,.T.);
#3249 = EDGE_CURVE('',#3242,#3250,#3252,.T.);
#3250 = VERTEX_POINT('',#3251);
#3251 = CARTESIAN_POINT('',(13.378665246521,64.859272147689,0.));
#3252 = CIRCLE('',#3253,0.101499873);
#3253 = AXIS2_PLACEMENT_3D('',#3254,#3255,#3256);
#3254 = CARTESIAN_POINT('',(13.474726949454,64.8920497841,0.));
#3255 = DIRECTION('',(0.,0.,-1.));
#3256 = DIRECTION('',(-0.844819075554,-0.535052081185,-0.));
#3257 = ORIENTED_EDGE('',*,*,#3258,.T.);
#3258 = EDGE_CURVE('',#3250,#3259,#3261,.T.);
#3259 = VERTEX_POINT('',#3260);
#3260 = CARTESIAN_POINT('',(13.378665246521,65.247408065671,0.));
#3261 = CIRCLE('',#3262,0.600954655312);
#3262 = AXIS2_PLACEMENT_3D('',#3263,#3264,#3265);
#3263 = CARTESIAN_POINT('',(13.947421894865,65.05334010668,0.));
#3264 = DIRECTION('',(0.,0.,-1.));
#3265 = DIRECTION('',(-0.946421902743,-0.322932782491,-0.));
#3266 = ORIENTED_EDGE('',*,*,#3267,.T.);
#3267 = EDGE_CURVE('',#3259,#3268,#3270,.T.);
#3268 = VERTEX_POINT('',#3269);
#3269 = CARTESIAN_POINT('',(13.388977920577,65.268938147549,0.));
#3270 = CIRCLE('',#3271,0.101499873);
#3271 = AXIS2_PLACEMENT_3D('',#3272,#3273,#3274);
#3272 = CARTESIAN_POINT('',(13.474726949454,65.214630429261,0.));
#3273 = DIRECTION('',(0.,0.,-1.));
#3274 = DIRECTION('',(-0.946421902743,0.322932782491,0.));
#3275 = ORIENTED_EDGE('',*,*,#3276,.T.);
#3276 = EDGE_CURVE('',#3268,#3277,#3279,.T.);
#3277 = VERTEX_POINT('',#3278);
#3278 = CARTESIAN_POINT('',(13.437238017098,65.34513829995,0.));
#3279 = LINE('',#3280,#3281);
#3280 = CARTESIAN_POINT('',(13.388977920577,65.268938147549,0.));
#3281 = VECTOR('',#3282,1.);
#3282 = DIRECTION('',(0.535052081184,0.844819075554,0.));
#3283 = ORIENTED_EDGE('',*,*,#3284,.T.);
#3284 = EDGE_CURVE('',#3277,#3285,#3287,.T.);
#3285 = VERTEX_POINT('',#3286);
#3286 = CARTESIAN_POINT('',(13.490889967884,65.38712181593,0.));
#3287 = CIRCLE('',#3288,0.101499873);
#3288 = AXIS2_PLACEMENT_3D('',#3289,#3290,#3291);
#3289 = CARTESIAN_POINT('',(13.522987045974,65.290830581661,0.));
#3290 = DIRECTION('',(0.,0.,-1.));
#3291 = DIRECTION('',(-0.844819075554,0.535052081184,0.));
#3292 = ORIENTED_EDGE('',*,*,#3293,.T.);
#3293 = EDGE_CURVE('',#3285,#3294,#3296,.T.);
#3294 = VERTEX_POINT('',#3295);
#3295 = CARTESIAN_POINT('',(13.567090120285,65.41252186673,0.));
#3296 = LINE('',#3297,#3298);
#3297 = CARTESIAN_POINT('',(13.490889967884,65.38712181593,0.));
#3298 = VECTOR('',#3299,1.);
#3299 = DIRECTION('',(0.948683298051,0.316227766017,0.));
#3300 = ORIENTED_EDGE('',*,*,#3301,.T.);
#3301 = EDGE_CURVE('',#3294,#3302,#3304,.T.);
#3302 = VERTEX_POINT('',#3303);
#3303 = CARTESIAN_POINT('',(13.599187198374,65.417730505461,0.));
#3304 = CIRCLE('',#3305,0.101499873);
#3305 = AXIS2_PLACEMENT_3D('',#3306,#3307,#3308);
#3306 = CARTESIAN_POINT('',(13.599187198374,65.316230632461,0.));
#3307 = DIRECTION('',(0.,0.,-1.));
#3308 = DIRECTION('',(-0.316227766016,0.948683298051,0.));
#3309 = ORIENTED_EDGE('',*,*,#3310,.T.);
#3310 = EDGE_CURVE('',#3302,#3311,#3313,.T.);
#3311 = VERTEX_POINT('',#3312);
#3312 = CARTESIAN_POINT('',(13.647447294895,65.417730505461,0.));
#3313 = LINE('',#3314,#3315);
#3314 = CARTESIAN_POINT('',(13.599187198374,65.417730505461,0.));
#3315 = VECTOR('',#3316,1.);
#3316 = DIRECTION('',(1.,2.944638684934E-13,0.));
#3317 = ORIENTED_EDGE('',*,*,#3318,.T.);
#3318 = EDGE_CURVE('',#3311,#3319,#3321,.T.);
#3319 = VERTEX_POINT('',#3320);
#3320 = CARTESIAN_POINT('',(13.679544372984,65.41252186673,0.));
#3321 = CIRCLE('',#3322,0.101499873);
#3322 = AXIS2_PLACEMENT_3D('',#3323,#3324,#3325);
#3323 = CARTESIAN_POINT('',(13.647447294895,65.316230632461,0.));
#3324 = DIRECTION('',(0.,0.,-1.));
#3325 = DIRECTION('',(3.96964522848E-13,1.,0.));
#3326 = ORIENTED_EDGE('',*,*,#3327,.T.);
#3327 = EDGE_CURVE('',#3319,#3328,#3330,.T.);
#3328 = VERTEX_POINT('',#3329);
#3329 = CARTESIAN_POINT('',(13.755744525385,65.38712181593,0.));
#3330 = LINE('',#3331,#3332);
#3331 = CARTESIAN_POINT('',(13.679544372984,65.41252186673,0.));
#3332 = VECTOR('',#3333,1.);
#3333 = DIRECTION('',(0.948683298051,-0.316227766017,0.));
#3334 = ORIENTED_EDGE('',*,*,#3335,.T.);
#3335 = EDGE_CURVE('',#3328,#3336,#3338,.T.);
#3336 = VERTEX_POINT('',#3337);
#3337 = CARTESIAN_POINT('',(13.809396476171,65.34513829995,0.));
#3338 = CIRCLE('',#3339,0.101499873);
#3339 = AXIS2_PLACEMENT_3D('',#3340,#3341,#3342);
#3340 = CARTESIAN_POINT('',(13.723647447295,65.290830581661,0.));
#3341 = DIRECTION('',(0.,0.,-1.));
#3342 = DIRECTION('',(0.316227766017,0.94868329805,0.));
#3343 = ORIENTED_EDGE('',*,*,#3344,.T.);
#3344 = EDGE_CURVE('',#3336,#3345,#3347,.T.);
#3345 = VERTEX_POINT('',#3346);
#3346 = CARTESIAN_POINT('',(13.857656572692,65.268938147549,0.));
#3347 = LINE('',#3348,#3349);
#3348 = CARTESIAN_POINT('',(13.809396476171,65.34513829995,0.));
#3349 = VECTOR('',#3350,1.);
#3350 = DIRECTION('',(0.535052081184,-0.844819075554,0.));
#3351 = ORIENTED_EDGE('',*,*,#3352,.T.);
#3352 = EDGE_CURVE('',#3345,#3353,#3355,.T.);
#3353 = VERTEX_POINT('',#3354);
#3354 = CARTESIAN_POINT('',(13.867969246748,65.24740806567,0.));
#3355 = CIRCLE('',#3356,0.101499873);
#3356 = AXIS2_PLACEMENT_3D('',#3357,#3358,#3359);
#3357 = CARTESIAN_POINT('',(13.771907543815,65.214630429261,0.));
#3358 = DIRECTION('',(0.,0.,-1.));
#3359 = DIRECTION('',(0.844819075554,0.535052081184,0.));
#3360 = ORIENTED_EDGE('',*,*,#3361,.T.);
#3361 = EDGE_CURVE('',#3353,#3362,#3364,.T.);
#3362 = VERTEX_POINT('',#3363);
#3363 = CARTESIAN_POINT('',(13.867969246748,64.85927214769,0.));
#3364 = CIRCLE('',#3365,0.600954655323);
#3365 = AXIS2_PLACEMENT_3D('',#3366,#3367,#3368);
#3366 = CARTESIAN_POINT('',(13.299212598393,65.05334010668,0.));
#3367 = DIRECTION('',(0.,0.,-1.));
#3368 = DIRECTION('',(0.946421902746,0.322932782484,0.));
#3369 = ORIENTED_EDGE('',*,*,#3370,.T.);
#3370 = EDGE_CURVE('',#3362,#3371,#3373,.T.);
#3371 = VERTEX_POINT('',#3372);
#3372 = CARTESIAN_POINT('',(13.857656572692,64.837742065811,0.));
#3373 = CIRCLE('',#3374,0.101499873);
#3374 = AXIS2_PLACEMENT_3D('',#3375,#3376,#3377);
#3375 = CARTESIAN_POINT('',(13.771907543815,64.8920497841,0.));
#3376 = DIRECTION('',(0.,0.,-1.));
#3377 = DIRECTION('',(0.946421902746,-0.322932782484,0.));
#3378 = ORIENTED_EDGE('',*,*,#3379,.T.);
#3379 = EDGE_CURVE('',#3371,#3380,#3382,.T.);
#3380 = VERTEX_POINT('',#3381);
#3381 = CARTESIAN_POINT('',(13.809396476171,64.761541913411,0.));
#3382 = LINE('',#3383,#3384);
#3383 = CARTESIAN_POINT('',(13.857656572692,64.837742065811,0.));
#3384 = VECTOR('',#3385,1.);
#3385 = DIRECTION('',(-0.535052081184,-0.844819075554,0.));
#3386 = ORIENTED_EDGE('',*,*,#3387,.T.);
#3387 = EDGE_CURVE('',#3380,#3388,#3390,.T.);
#3388 = VERTEX_POINT('',#3389);
#3389 = CARTESIAN_POINT('',(13.7698961662,64.725498758884,0.));
#3390 = CIRCLE('',#3391,0.101499873);
#3391 = AXIS2_PLACEMENT_3D('',#3392,#3393,#3394);
#3392 = CARTESIAN_POINT('',(13.723647447295,64.815849631699,0.));
#3393 = DIRECTION('',(0.,0.,-1.));
#3394 = DIRECTION('',(0.844819075554,-0.535052081184,0.));
#3395 = ORIENTED_EDGE('',*,*,#3396,.T.);
#3396 = EDGE_CURVE('',#3388,#3397,#3399,.T.);
#3397 = VERTEX_POINT('',#3398);
#3398 = CARTESIAN_POINT('',(13.476738327069,64.725498758883,0.));
#3399 = CIRCLE('',#3400,0.321689812658);
#3400 = AXIS2_PLACEMENT_3D('',#3401,#3402,#3403);
#3401 = CARTESIAN_POINT('',(13.623317246634,65.011853357078,0.));
#3402 = DIRECTION('',(0.,0.,-1.));
#3403 = DIRECTION('',(0.455652973138,-0.890157496217,0.));
#3404 = ORIENTED_EDGE('',*,*,#3405,.T.);
#3405 = EDGE_CURVE('',#3397,#3240,#3406,.T.);
#3406 = CIRCLE('',#3407,0.101499873);
#3407 = AXIS2_PLACEMENT_3D('',#3408,#3409,#3410);
#3408 = CARTESIAN_POINT('',(13.522987045974,64.815849631699,0.));
#3409 = DIRECTION('',(0.,0.,-1.));
#3410 = DIRECTION('',(-0.455652973138,-0.890157496217,-0.));
#3411 = FACE_BOUND('',#3412,.T.);
#3412 = EDGE_LOOP('',(#3413,#3423,#3432,#3440,#3449,#3457,#3466,#3474,
    #3482,#3490));
#3413 = ORIENTED_EDGE('',*,*,#3414,.T.);
#3414 = EDGE_CURVE('',#3415,#3417,#3419,.T.);
#3415 = VERTEX_POINT('',#3416);
#3416 = CARTESIAN_POINT('',(13.589388562936,65.205974160349,0.));
#3417 = VERTEX_POINT('',#3418);
#3418 = CARTESIAN_POINT('',(13.56727771836,65.171062300493,0.));
#3419 = LINE('',#3420,#3421);
#3420 = CARTESIAN_POINT('',(13.589388562936,65.205974160349,0.));
#3421 = VECTOR('',#3422,1.);
#3422 = DIRECTION('',(-0.535052081184,-0.844819075554,0.));
#3423 = ORIENTED_EDGE('',*,*,#3424,.T.);
#3424 = EDGE_CURVE('',#3417,#3425,#3427,.T.);
#3425 = VERTEX_POINT('',#3426);
#3426 = CARTESIAN_POINT('',(13.56727771836,64.935617912867,0.));
#3427 = CIRCLE('',#3428,0.397954909313);
#3428 = AXIS2_PLACEMENT_3D('',#3429,#3430,#3431);
#3429 = CARTESIAN_POINT('',(13.947421894865,65.05334010668,0.));
#3430 = DIRECTION('',(0.,0.,1.));
#3431 = DIRECTION('',(-0.955244344543,0.29581792072,0.));
#3432 = ORIENTED_EDGE('',*,*,#3433,.T.);
#3433 = EDGE_CURVE('',#3425,#3434,#3436,.T.);
#3434 = VERTEX_POINT('',#3435);
#3435 = CARTESIAN_POINT('',(13.591396009471,64.897536400586,0.));
#3436 = LINE('',#3437,#3438);
#3437 = CARTESIAN_POINT('',(13.56727771836,64.935617912867,0.));
#3438 = VECTOR('',#3439,1.);
#3439 = DIRECTION('',(0.535052081185,-0.844819075554,0.));
#3440 = ORIENTED_EDGE('',*,*,#3441,.T.);
#3441 = EDGE_CURVE('',#3434,#3442,#3444,.T.);
#3442 = VERTEX_POINT('',#3443);
#3443 = CARTESIAN_POINT('',(13.655238483798,64.897536400586,0.));
#3444 = CIRCLE('',#3445,0.118690066659);
#3445 = AXIS2_PLACEMENT_3D('',#3446,#3447,#3448);
#3446 = CARTESIAN_POINT('',(13.623317246635,65.011853357078,0.));
#3447 = DIRECTION('',(0.,0.,1.));
#3448 = DIRECTION('',(-0.26894615583,-0.963155213485,0.));
#3449 = ORIENTED_EDGE('',*,*,#3450,.T.);
#3450 = EDGE_CURVE('',#3442,#3451,#3453,.T.);
#3451 = VERTEX_POINT('',#3452);
#3452 = CARTESIAN_POINT('',(13.679356774908,64.935617912867,0.));
#3453 = LINE('',#3454,#3455);
#3454 = CARTESIAN_POINT('',(13.655238483798,64.897536400586,0.));
#3455 = VECTOR('',#3456,1.);
#3456 = DIRECTION('',(0.535052081184,0.844819075554,0.));
#3457 = ORIENTED_EDGE('',*,*,#3458,.T.);
#3458 = EDGE_CURVE('',#3451,#3459,#3461,.T.);
#3459 = VERTEX_POINT('',#3460);
#3460 = CARTESIAN_POINT('',(13.679356774908,65.171062300494,0.));
#3461 = CIRCLE('',#3462,0.397954909323);
#3462 = AXIS2_PLACEMENT_3D('',#3463,#3464,#3465);
#3463 = CARTESIAN_POINT('',(13.299212598393,65.05334010668,0.));
#3464 = DIRECTION('',(0.,-0.,1.));
#3465 = DIRECTION('',(0.955244344545,-0.295817920713,-0.));
#3466 = ORIENTED_EDGE('',*,*,#3467,.T.);
#3467 = EDGE_CURVE('',#3459,#3468,#3470,.T.);
#3468 = VERTEX_POINT('',#3469);
#3469 = CARTESIAN_POINT('',(13.657245930333,65.205974160349,0.));
#3470 = LINE('',#3471,#3472);
#3471 = CARTESIAN_POINT('',(13.679356774908,65.171062300494,0.));
#3472 = VECTOR('',#3473,1.);
#3473 = DIRECTION('',(-0.535052081184,0.844819075554,0.));
#3474 = ORIENTED_EDGE('',*,*,#3475,.T.);
#3475 = EDGE_CURVE('',#3468,#3476,#3478,.T.);
#3476 = VERTEX_POINT('',#3477);
#3477 = CARTESIAN_POINT('',(13.630976132997,65.214730759462,0.));
#3478 = LINE('',#3479,#3480);
#3479 = CARTESIAN_POINT('',(13.657245930333,65.205974160349,0.));
#3480 = VECTOR('',#3481,1.);
#3481 = DIRECTION('',(-0.948683298051,0.316227766017,0.));
#3482 = ORIENTED_EDGE('',*,*,#3483,.T.);
#3483 = EDGE_CURVE('',#3476,#3484,#3486,.T.);
#3484 = VERTEX_POINT('',#3485);
#3485 = CARTESIAN_POINT('',(13.615658360272,65.214730759462,0.));
#3486 = LINE('',#3487,#3488);
#3487 = CARTESIAN_POINT('',(13.630976132997,65.214730759462,0.));
#3488 = VECTOR('',#3489,1.);
#3489 = DIRECTION('',(-1.,0.,0.));
#3490 = ORIENTED_EDGE('',*,*,#3491,.T.);
#3491 = EDGE_CURVE('',#3484,#3415,#3492,.T.);
#3492 = LINE('',#3493,#3494);
#3493 = CARTESIAN_POINT('',(13.615658360272,65.214730759462,0.));
#3494 = VECTOR('',#3495,1.);
#3495 = DIRECTION('',(-0.948683298051,-0.316227766017,0.));
#3496 = PLANE('',#3497);
#3497 = AXIS2_PLACEMENT_3D('',#3498,#3499,#3500);
#3498 = CARTESIAN_POINT('',(13.623317246634,65.053966406304,0.));
#3499 = DIRECTION('',(-0.,-0.,-1.));
#3500 = DIRECTION('',(-1.,0.,0.));
#3501 = SHELL_BASED_SURFACE_MODEL('',(#3502));
#3502 = OPEN_SHELL('',(#3503));
#3503 = ADVANCED_FACE('',(#3504),#3855,.T.);
#3504 = FACE_BOUND('',#3505,.T.);
#3505 = EDGE_LOOP('',(#3506,#3516,#3525,#3533,#3542,#3551,#3559,#3567,
    #3575,#3583,#3592,#3600,#3609,#3617,#3626,#3634,#3643,#3651,#3660,
    #3668,#3677,#3685,#3694,#3703,#3711,#3719,#3728,#3736,#3744,#3753,
    #3761,#3770,#3778,#3787,#3796,#3805,#3813,#3822,#3830,#3839,#3848));
#3506 = ORIENTED_EDGE('',*,*,#3507,.T.);
#3507 = EDGE_CURVE('',#3508,#3510,#3512,.T.);
#3508 = VERTEX_POINT('',#3509);
#3509 = CARTESIAN_POINT('',(14.12275621315,65.107294279314,0.));
#3510 = VERTEX_POINT('',#3511);
#3511 = CARTESIAN_POINT('',(14.17355631475,65.132694330114,0.));
#3512 = LINE('',#3513,#3514);
#3513 = CARTESIAN_POINT('',(14.12275621315,65.107294279314,0.));
#3514 = VECTOR('',#3515,1.);
#3515 = DIRECTION('',(0.894427191,0.4472135955,0.));
#3516 = ORIENTED_EDGE('',*,*,#3517,.T.);
#3517 = EDGE_CURVE('',#3510,#3518,#3520,.T.);
#3518 = VERTEX_POINT('',#3519);
#3519 = CARTESIAN_POINT('',(14.187835543168,65.138523809556,0.));
#3520 = CIRCLE('',#3521,0.101499873);
#3521 = AXIS2_PLACEMENT_3D('',#3522,#3523,#3524);
#3522 = CARTESIAN_POINT('',(14.218948437897,65.04191008382,0.));
#3523 = DIRECTION('',(0.,0.,-1.));
#3524 = DIRECTION('',(-0.4472135955,0.894427191,0.));
#3525 = ORIENTED_EDGE('',*,*,#3526,.T.);
#3526 = EDGE_CURVE('',#3518,#3527,#3529,.T.);
#3527 = VERTEX_POINT('',#3528);
#3528 = CARTESIAN_POINT('',(14.337695842889,65.186783906076,0.));
#3529 = LINE('',#3530,#3531);
#3530 = CARTESIAN_POINT('',(14.187835543168,65.138523809556,0.));
#3531 = VECTOR('',#3532,1.);
#3532 = DIRECTION('',(0.951860557857,0.30653136609,0.));
#3533 = ORIENTED_EDGE('',*,*,#3534,.T.);
#3534 = EDGE_CURVE('',#3527,#3535,#3537,.T.);
#3535 = VERTEX_POINT('',#3536);
#3536 = CARTESIAN_POINT('',(14.338539266647,65.187051465149,0.));
#3537 = CIRCLE('',#3538,0.101499873);
#3538 = AXIS2_PLACEMENT_3D('',#3539,#3540,#3541);
#3539 = CARTESIAN_POINT('',(14.368808737617,65.09017018034,0.));
#3540 = DIRECTION('',(0.,0.,-1.));
#3541 = DIRECTION('',(-0.306531366082,0.951860557859,0.));
#3542 = ORIENTED_EDGE('',*,*,#3543,.T.);
#3543 = EDGE_CURVE('',#3535,#3544,#3546,.T.);
#3544 = VERTEX_POINT('',#3545);
#3545 = CARTESIAN_POINT('',(14.361738410407,65.202545140908,0.));
#3546 = CIRCLE('',#3547,4.944328481699E-02);
#3547 = AXIS2_PLACEMENT_3D('',#3548,#3549,#3550);
#3548 = CARTESIAN_POINT('',(14.323794203129,65.23424491295,0.));
#3549 = DIRECTION('',(0.,0.,1.));
#3550 = DIRECTION('',(0.298221762019,-0.95449661113,0.));
#3551 = ORIENTED_EDGE('',*,*,#3552,.T.);
#3552 = EDGE_CURVE('',#3544,#3553,#3555,.T.);
#3553 = VERTEX_POINT('',#3554);
#3554 = CARTESIAN_POINT('',(14.326400116601,65.214730759462,0.));
#3555 = LINE('',#3556,#3557);
#3556 = CARTESIAN_POINT('',(14.361738410407,65.202545140908,0.));
#3557 = VECTOR('',#3558,1.);
#3558 = DIRECTION('',(-0.945372981626,0.32599068332,0.));
#3559 = ORIENTED_EDGE('',*,*,#3560,.T.);
#3560 = EDGE_CURVE('',#3553,#3561,#3563,.T.);
#3561 = VERTEX_POINT('',#3562);
#3562 = CARTESIAN_POINT('',(14.260819650595,65.214730759462,0.));
#3563 = LINE('',#3564,#3565);
#3564 = CARTESIAN_POINT('',(14.326400116601,65.214730759462,0.));
#3565 = VECTOR('',#3566,1.);
#3566 = DIRECTION('',(-1.,0.,0.));
#3567 = ORIENTED_EDGE('',*,*,#3568,.T.);
#3568 = EDGE_CURVE('',#3561,#3569,#3571,.T.);
#3569 = VERTEX_POINT('',#3570);
#3570 = CARTESIAN_POINT('',(14.224283731786,65.202552119859,0.));
#3571 = LINE('',#3572,#3573);
#3572 = CARTESIAN_POINT('',(14.260819650595,65.214730759462,0.));
#3573 = VECTOR('',#3574,1.);
#3574 = DIRECTION('',(-0.948683298051,-0.316227766017,0.));
#3575 = ORIENTED_EDGE('',*,*,#3576,.T.);
#3576 = EDGE_CURVE('',#3569,#3577,#3579,.T.);
#3577 = VERTEX_POINT('',#3578);
#3578 = CARTESIAN_POINT('',(14.193475590211,65.170122497148,0.));
#3579 = LINE('',#3580,#3581);
#3580 = CARTESIAN_POINT('',(14.224283731786,65.202552119859,0.));
#3581 = VECTOR('',#3582,1.);
#3582 = DIRECTION('',(-0.688749461915,-0.724999433594,0.));
#3583 = ORIENTED_EDGE('',*,*,#3584,.T.);
#3584 = EDGE_CURVE('',#3577,#3585,#3587,.T.);
#3585 = VERTEX_POINT('',#3586);
#3586 = CARTESIAN_POINT('',(14.046300889342,65.309938462974,0.));
#3587 = CIRCLE('',#3588,0.101499873);
#3588 = AXIS2_PLACEMENT_3D('',#3589,#3590,#3591);
#3589 = CARTESIAN_POINT('',(14.119888239776,65.240030480061,0.));
#3590 = DIRECTION('',(-0.,0.,-1.));
#3591 = DIRECTION('',(0.724999433594,-0.688749461915,-0.));
#3592 = ORIENTED_EDGE('',*,*,#3593,.T.);
#3593 = EDGE_CURVE('',#3585,#3594,#3596,.T.);
#3594 = VERTEX_POINT('',#3595);
#3595 = CARTESIAN_POINT('',(14.094560985862,65.360738564574,0.));
#3596 = LINE('',#3597,#3598);
#3597 = CARTESIAN_POINT('',(14.046300889342,65.309938462974,0.));
#3598 = VECTOR('',#3599,1.);
#3599 = DIRECTION('',(0.688749461915,0.724999433594,0.));
#3600 = ORIENTED_EDGE('',*,*,#3601,.T.);
#3601 = EDGE_CURVE('',#3594,#3602,#3604,.T.);
#3602 = VERTEX_POINT('',#3603);
#3603 = CARTESIAN_POINT('',(14.136051258207,65.38712181593,0.));
#3604 = CIRCLE('',#3605,0.101499873);
#3605 = AXIS2_PLACEMENT_3D('',#3606,#3607,#3608);
#3606 = CARTESIAN_POINT('',(14.168148336297,65.290830581661,0.));
#3607 = DIRECTION('',(0.,0.,-1.));
#3608 = DIRECTION('',(-0.724999433594,0.688749461915,0.));
#3609 = ORIENTED_EDGE('',*,*,#3610,.T.);
#3610 = EDGE_CURVE('',#3602,#3611,#3613,.T.);
#3611 = VERTEX_POINT('',#3612);
#3612 = CARTESIAN_POINT('',(14.212251410607,65.41252186673,0.));
#3613 = LINE('',#3614,#3615);
#3614 = CARTESIAN_POINT('',(14.136051258207,65.38712181593,0.));
#3615 = VECTOR('',#3616,1.);
#3616 = DIRECTION('',(0.94868329805,0.316227766017,0.));
#3617 = ORIENTED_EDGE('',*,*,#3618,.T.);
#3618 = EDGE_CURVE('',#3611,#3619,#3621,.T.);
#3619 = VERTEX_POINT('',#3620);
#3620 = CARTESIAN_POINT('',(14.244348488697,65.417730505461,0.));
#3621 = CIRCLE('',#3622,0.101499873);
#3622 = AXIS2_PLACEMENT_3D('',#3623,#3624,#3625);
#3623 = CARTESIAN_POINT('',(14.244348488697,65.316230632461,0.));
#3624 = DIRECTION('',(0.,0.,-1.));
#3625 = DIRECTION('',(-0.316227766016,0.948683298051,0.));
#3626 = ORIENTED_EDGE('',*,*,#3627,.T.);
#3627 = EDGE_CURVE('',#3619,#3628,#3630,.T.);
#3628 = VERTEX_POINT('',#3629);
#3629 = CARTESIAN_POINT('',(14.343408686817,65.417730505461,0.));
#3630 = LINE('',#3631,#3632);
#3631 = CARTESIAN_POINT('',(14.244348488697,65.417730505461,0.));
#3632 = VECTOR('',#3633,1.);
#3633 = DIRECTION('',(1.,0.,0.));
#3634 = ORIENTED_EDGE('',*,*,#3635,.T.);
#3635 = EDGE_CURVE('',#3628,#3636,#3638,.T.);
#3636 = VERTEX_POINT('',#3637);
#3637 = CARTESIAN_POINT('',(14.376496699773,65.412185870034,0.));
#3638 = CIRCLE('',#3639,0.101499873);
#3639 = AXIS2_PLACEMENT_3D('',#3640,#3641,#3642);
#3640 = CARTESIAN_POINT('',(14.343408686817,65.316230632461,0.));
#3641 = DIRECTION('',(0.,0.,-1.));
#3642 = DIRECTION('',(-1.237856087775E-13,1.,0.));
#3643 = ORIENTED_EDGE('',*,*,#3644,.T.);
#3644 = EDGE_CURVE('',#3636,#3645,#3647,.T.);
#3645 = VERTEX_POINT('',#3646);
#3646 = CARTESIAN_POINT('',(14.450156847094,65.386785819234,0.));
#3647 = LINE('',#3648,#3649);
#3648 = CARTESIAN_POINT('',(14.376496699773,65.412185870034,0.));
#3649 = VECTOR('',#3650,1.);
#3650 = DIRECTION('',(0.945372981626,-0.325990683319,0.));
#3651 = ORIENTED_EDGE('',*,*,#3652,.T.);
#3652 = EDGE_CURVE('',#3645,#3653,#3655,.T.);
#3653 = VERTEX_POINT('',#3654);
#3654 = CARTESIAN_POINT('',(14.488840082625,65.362601830149,0.));
#3655 = CIRCLE('',#3656,0.101499873);
#3656 = AXIS2_PLACEMENT_3D('',#3657,#3658,#3659);
#3657 = CARTESIAN_POINT('',(14.417068834138,65.290830581661,0.));
#3658 = DIRECTION('',(0.,0.,-1.));
#3659 = DIRECTION('',(0.325990683319,0.945372981626,0.));
#3660 = ORIENTED_EDGE('',*,*,#3661,.T.);
#3661 = EDGE_CURVE('',#3653,#3662,#3664,.T.);
#3662 = VERTEX_POINT('',#3663);
#3663 = CARTESIAN_POINT('',(14.539640184226,65.311801728549,0.));
#3664 = LINE('',#3665,#3666);
#3665 = CARTESIAN_POINT('',(14.488840082625,65.362601830149,0.));
#3666 = VECTOR('',#3667,1.);
#3667 = DIRECTION('',(0.707106781187,-0.707106781187,0.));
#3668 = ORIENTED_EDGE('',*,*,#3669,.T.);
#3669 = EDGE_CURVE('',#3662,#3670,#3672,.T.);
#3670 = VERTEX_POINT('',#3671);
#3671 = CARTESIAN_POINT('',(14.569368808738,65.240030480061,0.));
#3672 = CIRCLE('',#3673,0.101499873);
#3673 = AXIS2_PLACEMENT_3D('',#3674,#3675,#3676);
#3674 = CARTESIAN_POINT('',(14.467868935738,65.240030480061,0.));
#3675 = DIRECTION('',(0.,0.,-1.));
#3676 = DIRECTION('',(0.707106781186,0.707106781187,0.));
#3677 = ORIENTED_EDGE('',*,*,#3678,.T.);
#3678 = EDGE_CURVE('',#3670,#3679,#3681,.T.);
#3679 = VERTEX_POINT('',#3680);
#3680 = CARTESIAN_POINT('',(14.569368808738,65.189230378461,0.));
#3681 = LINE('',#3682,#3683);
#3682 = CARTESIAN_POINT('',(14.569368808738,65.240030480061,0.));
#3683 = VECTOR('',#3684,1.);
#3684 = DIRECTION('',(3.496758438359E-14,-1.,0.));
#3685 = ORIENTED_EDGE('',*,*,#3686,.T.);
#3686 = EDGE_CURVE('',#3679,#3687,#3689,.T.);
#3687 = VERTEX_POINT('',#3688);
#3688 = CARTESIAN_POINT('',(14.564750220546,65.15896090749,0.));
#3689 = CIRCLE('',#3690,0.101499873);
#3690 = AXIS2_PLACEMENT_3D('',#3691,#3692,#3693);
#3691 = CARTESIAN_POINT('',(14.467868935738,65.189230378461,0.));
#3692 = DIRECTION('',(0.,0.,-1.));
#3693 = DIRECTION('',(1.,-5.600213211574E-14,0.));
#3694 = ORIENTED_EDGE('',*,*,#3695,.T.);
#3695 = EDGE_CURVE('',#3687,#3696,#3698,.T.);
#3696 = VERTEX_POINT('',#3697);
#3697 = CARTESIAN_POINT('',(14.399554352768,64.99343817813,0.));
#3698 = CIRCLE('',#3699,0.252443030817);
#3699 = AXIS2_PLACEMENT_3D('',#3700,#3701,#3702);
#3700 = CARTESIAN_POINT('',(14.323794203129,65.23424491295,0.));
#3701 = DIRECTION('',(0.,0.,-1.));
#3702 = DIRECTION('',(0.95449661113,-0.298221762019,0.));
#3703 = ORIENTED_EDGE('',*,*,#3704,.T.);
#3704 = EDGE_CURVE('',#3696,#3705,#3707,.T.);
#3705 = VERTEX_POINT('',#3706);
#3706 = CARTESIAN_POINT('',(14.25742304227,64.947667078139,0.));
#3707 = LINE('',#3708,#3709);
#3708 = CARTESIAN_POINT('',(14.399554352768,64.99343817813,0.));
#3709 = VECTOR('',#3710,1.);
#3710 = DIRECTION('',(-0.951860557857,-0.306531366089,0.));
#3711 = ORIENTED_EDGE('',*,*,#3712,.T.);
#3712 = EDGE_CURVE('',#3705,#3713,#3715,.T.);
#3713 = VERTEX_POINT('',#3714);
#3714 = CARTESIAN_POINT('',(14.228914557673,64.933412835841,0.));
#3715 = LINE('',#3716,#3717);
#3716 = CARTESIAN_POINT('',(14.25742304227,64.947667078139,0.));
#3717 = VECTOR('',#3718,1.);
#3718 = DIRECTION('',(-0.894427191,-0.4472135955,0.));
#3719 = ORIENTED_EDGE('',*,*,#3720,.T.);
#3720 = EDGE_CURVE('',#3713,#3721,#3723,.T.);
#3721 = VERTEX_POINT('',#3722);
#3722 = CARTESIAN_POINT('',(14.221388112776,64.92170144649,0.));
#3723 = CIRCLE('',#3724,6.808864124958E-02);
#3724 = AXIS2_PLACEMENT_3D('',#3725,#3726,#3727);
#3725 = CARTESIAN_POINT('',(14.28213106424,64.890938531891,0.));
#3726 = DIRECTION('',(0.,0.,1.));
#3727 = DIRECTION('',(-0.781576862016,0.623808952133,0.));
#3728 = ORIENTED_EDGE('',*,*,#3729,.T.);
#3729 = EDGE_CURVE('',#3721,#3730,#3732,.T.);
#3730 = VERTEX_POINT('',#3731);
#3731 = CARTESIAN_POINT('',(14.221388112776,64.907176113512,0.));
#3732 = LINE('',#3733,#3734);
#3733 = CARTESIAN_POINT('',(14.221388112776,64.92170144649,0.));
#3734 = VECTOR('',#3735,1.);
#3735 = DIRECTION('',(2.445874173219E-13,-1.,0.));
#3736 = ORIENTED_EDGE('',*,*,#3737,.T.);
#3737 = EDGE_CURVE('',#3730,#3738,#3740,.T.);
#3738 = VERTEX_POINT('',#3739);
#3739 = CARTESIAN_POINT('',(14.226676835579,64.901609036878,0.));
#3740 = LINE('',#3741,#3742);
#3741 = CARTESIAN_POINT('',(14.221388112776,64.907176113512,0.));
#3742 = VECTOR('',#3743,1.);
#3743 = DIRECTION('',(0.688749461914,-0.724999433595,0.));
#3744 = ORIENTED_EDGE('',*,*,#3745,.T.);
#3745 = EDGE_CURVE('',#3738,#3746,#3748,.T.);
#3746 = VERTEX_POINT('',#3747);
#3747 = CARTESIAN_POINT('',(14.359694744683,64.90201803922,0.));
#3748 = CIRCLE('',#3749,0.199156296783);
#3749 = AXIS2_PLACEMENT_3D('',#3750,#3751,#3752);
#3750 = CARTESIAN_POINT('',(14.292608585217,65.08953517912,0.));
#3751 = DIRECTION('',(0.,0.,1.));
#3752 = DIRECTION('',(-0.331055310345,-0.943611350871,0.));
#3753 = ORIENTED_EDGE('',*,*,#3754,.T.);
#3754 = EDGE_CURVE('',#3746,#3755,#3757,.T.);
#3755 = VERTEX_POINT('',#3756);
#3756 = CARTESIAN_POINT('',(14.39609768725,64.938420981787,0.));
#3757 = LINE('',#3758,#3759);
#3758 = CARTESIAN_POINT('',(14.359694744683,64.90201803922,0.));
#3759 = VECTOR('',#3760,1.);
#3760 = DIRECTION('',(0.707106781186,0.707106781187,0.));
#3761 = ORIENTED_EDGE('',*,*,#3762,.T.);
#3762 = EDGE_CURVE('',#3755,#3763,#3765,.T.);
#3763 = VERTEX_POINT('',#3764);
#3764 = CARTESIAN_POINT('',(14.539640184226,64.794878484812,0.));
#3765 = CIRCLE('',#3766,0.101499873);
#3766 = AXIS2_PLACEMENT_3D('',#3767,#3768,#3769);
#3767 = CARTESIAN_POINT('',(14.467868935738,64.866649733299,0.));
#3768 = DIRECTION('',(0.,0.,-1.));
#3769 = DIRECTION('',(-0.707106781187,0.707106781187,0.));
#3770 = ORIENTED_EDGE('',*,*,#3771,.T.);
#3771 = EDGE_CURVE('',#3763,#3772,#3774,.T.);
#3772 = VERTEX_POINT('',#3773);
#3773 = CARTESIAN_POINT('',(14.488840082625,64.744078383212,0.));
#3774 = LINE('',#3775,#3776);
#3775 = CARTESIAN_POINT('',(14.539640184226,64.794878484812,0.));
#3776 = VECTOR('',#3777,1.);
#3777 = DIRECTION('',(-0.707106781187,-0.707106781187,0.));
#3778 = ORIENTED_EDGE('',*,*,#3779,.T.);
#3779 = EDGE_CURVE('',#3772,#3780,#3782,.T.);
#3780 = VERTEX_POINT('',#3781);
#3781 = CARTESIAN_POINT('',(14.459085931169,64.723454892802,0.));
#3782 = CIRCLE('',#3783,0.101499873);
#3783 = AXIS2_PLACEMENT_3D('',#3784,#3785,#3786);
#3784 = CARTESIAN_POINT('',(14.417068834138,64.815849631699,0.));
#3785 = DIRECTION('',(0.,0.,-1.));
#3786 = DIRECTION('',(0.707106781187,-0.707106781187,0.));
#3787 = ORIENTED_EDGE('',*,*,#3788,.T.);
#3788 = EDGE_CURVE('',#3780,#3789,#3791,.T.);
#3789 = VERTEX_POINT('',#3790);
#3790 = CARTESIAN_POINT('',(14.126131239265,64.723454892802,0.));
#3791 = CIRCLE('',#3792,0.402156042782);
#3792 = AXIS2_PLACEMENT_3D('',#3793,#3794,#3795);
#3793 = CARTESIAN_POINT('',(14.292608585217,65.08953517912,0.));
#3794 = DIRECTION('',(-0.,0.,-1.));
#3795 = DIRECTION('',(0.413962065074,-0.910294133058,-0.));
#3796 = ORIENTED_EDGE('',*,*,#3797,.T.);
#3797 = EDGE_CURVE('',#3789,#3798,#3800,.T.);
#3798 = VERTEX_POINT('',#3799);
#3799 = CARTESIAN_POINT('',(14.094560985862,64.745941648786,0.));
#3800 = CIRCLE('',#3801,0.101499873);
#3801 = AXIS2_PLACEMENT_3D('',#3802,#3803,#3804);
#3802 = CARTESIAN_POINT('',(14.168148336297,64.815849631699,0.));
#3803 = DIRECTION('',(0.,0.,-1.));
#3804 = DIRECTION('',(-0.413962065074,-0.910294133058,-0.));
#3805 = ORIENTED_EDGE('',*,*,#3806,.T.);
#3806 = EDGE_CURVE('',#3798,#3807,#3809,.T.);
#3807 = VERTEX_POINT('',#3808);
#3808 = CARTESIAN_POINT('',(14.046300889342,64.796741750387,0.));
#3809 = LINE('',#3810,#3811);
#3810 = CARTESIAN_POINT('',(14.094560985862,64.745941648786,0.));
#3811 = VECTOR('',#3812,1.);
#3812 = DIRECTION('',(-0.688749461915,0.724999433594,0.));
#3813 = ORIENTED_EDGE('',*,*,#3814,.T.);
#3814 = EDGE_CURVE('',#3807,#3815,#3817,.T.);
#3815 = VERTEX_POINT('',#3816);
#3816 = CARTESIAN_POINT('',(14.018388366777,64.866649733299,0.));
#3817 = CIRCLE('',#3818,0.101499873);
#3818 = AXIS2_PLACEMENT_3D('',#3819,#3820,#3821);
#3819 = CARTESIAN_POINT('',(14.119888239776,64.866649733299,0.));
#3820 = DIRECTION('',(0.,0.,-1.));
#3821 = DIRECTION('',(-0.724999433594,-0.688749461915,-0.));
#3822 = ORIENTED_EDGE('',*,*,#3823,.T.);
#3823 = EDGE_CURVE('',#3815,#3824,#3826,.T.);
#3824 = VERTEX_POINT('',#3825);
#3825 = CARTESIAN_POINT('',(14.018388366777,64.94030988062,0.));
#3826 = LINE('',#3827,#3828);
#3827 = CARTESIAN_POINT('',(14.018388366777,64.866649733299,0.));
#3828 = VECTOR('',#3829,1.);
#3829 = DIRECTION('',(2.411557543697E-14,1.,0.));
#3830 = ORIENTED_EDGE('',*,*,#3831,.T.);
#3831 = EDGE_CURVE('',#3824,#3832,#3834,.T.);
#3832 = VERTEX_POINT('',#3833);
#3833 = CARTESIAN_POINT('',(14.022784811805,64.969858966818,0.));
#3834 = CIRCLE('',#3835,0.101499873);
#3835 = AXIS2_PLACEMENT_3D('',#3836,#3837,#3838);
#3836 = CARTESIAN_POINT('',(14.119888239777,64.94030988062,0.));
#3837 = DIRECTION('',(0.,0.,-1.));
#3838 = DIRECTION('',(-1.,2.122360069936E-14,0.));
#3839 = ORIENTED_EDGE('',*,*,#3840,.T.);
#3840 = EDGE_CURVE('',#3832,#3841,#3843,.T.);
#3841 = VERTEX_POINT('',#3842);
#3842 = CARTESIAN_POINT('',(14.099928902559,65.091665425904,0.));
#3843 = CIRCLE('',#3844,0.271088387249);
#3844 = AXIS2_PLACEMENT_3D('',#3845,#3846,#3847);
#3845 = CARTESIAN_POINT('',(14.28213106424,64.890938531891,0.));
#3846 = DIRECTION('',(0.,0.,-1.));
#3847 = DIRECTION('',(-0.95668521646,0.291124366219,0.));
#3848 = ORIENTED_EDGE('',*,*,#3849,.T.);
#3849 = EDGE_CURVE('',#3841,#3508,#3850,.T.);
#3850 = CIRCLE('',#3851,0.101499873);
#3851 = AXIS2_PLACEMENT_3D('',#3852,#3853,#3854);
#3852 = CARTESIAN_POINT('',(14.168148336297,65.01651003302,0.));
#3853 = DIRECTION('',(0.,0.,-1.));
#3854 = DIRECTION('',(-0.672113488629,0.740448147005,0.));
#3855 = PLANE('',#3856);
#3856 = AXIS2_PLACEMENT_3D('',#3857,#3858,#3859);
#3857 = CARTESIAN_POINT('',(14.290884302249,65.055245053521,0.));
#3858 = DIRECTION('',(-0.,-0.,-1.));
#3859 = DIRECTION('',(-1.,0.,0.));
#3860 = SHELL_BASED_SURFACE_MODEL('',(#3861));
#3861 = OPEN_SHELL('',(#3862));
#3862 = ADVANCED_FACE('',(#3863),#4214,.T.);
#3863 = FACE_BOUND('',#3864,.T.);
#3864 = EDGE_LOOP('',(#3865,#3875,#3884,#3892,#3901,#3910,#3918,#3926,
    #3934,#3942,#3951,#3959,#3968,#3976,#3985,#3993,#4002,#4010,#4019,
    #4027,#4036,#4044,#4053,#4062,#4070,#4078,#4087,#4095,#4103,#4112,
    #4120,#4129,#4137,#4146,#4155,#4164,#4172,#4181,#4189,#4198,#4207));
#3865 = ORIENTED_EDGE('',*,*,#3866,.T.);
#3866 = EDGE_CURVE('',#3867,#3869,#3871,.T.);
#3867 = VERTEX_POINT('',#3868);
#3868 = CARTESIAN_POINT('',(14.793317554272,65.107294279314,0.));
#3869 = VERTEX_POINT('',#3870);
#3870 = CARTESIAN_POINT('',(14.844117655873,65.132694330114,0.));
#3871 = LINE('',#3872,#3873);
#3872 = CARTESIAN_POINT('',(14.793317554272,65.107294279314,0.));
#3873 = VECTOR('',#3874,1.);
#3874 = DIRECTION('',(0.894427191,0.4472135955,0.));
#3875 = ORIENTED_EDGE('',*,*,#3876,.T.);
#3876 = EDGE_CURVE('',#3869,#3877,#3879,.T.);
#3877 = VERTEX_POINT('',#3878);
#3878 = CARTESIAN_POINT('',(14.858396884291,65.138523809556,0.));
#3879 = CIRCLE('',#3880,0.101499873);
#3880 = AXIS2_PLACEMENT_3D('',#3881,#3882,#3883);
#3881 = CARTESIAN_POINT('',(14.88950977902,65.04191008382,0.));
#3882 = DIRECTION('',(0.,0.,-1.));
#3883 = DIRECTION('',(-0.4472135955,0.894427191,0.));
#3884 = ORIENTED_EDGE('',*,*,#3885,.T.);
#3885 = EDGE_CURVE('',#3877,#3886,#3888,.T.);
#3886 = VERTEX_POINT('',#3887);
#3887 = CARTESIAN_POINT('',(15.008257184012,65.186783906076,0.));
#3888 = LINE('',#3889,#3890);
#3889 = CARTESIAN_POINT('',(14.858396884291,65.138523809556,0.));
#3890 = VECTOR('',#3891,1.);
#3891 = DIRECTION('',(0.951860557857,0.306531366089,0.));
#3892 = ORIENTED_EDGE('',*,*,#3893,.T.);
#3893 = EDGE_CURVE('',#3886,#3894,#3896,.T.);
#3894 = VERTEX_POINT('',#3895);
#3895 = CARTESIAN_POINT('',(15.009100607769,65.187051465149,0.));
#3896 = CIRCLE('',#3897,0.101499873002);
#3897 = AXIS2_PLACEMENT_3D('',#3898,#3899,#3900);
#3898 = CARTESIAN_POINT('',(15.039370078742,65.090170180338,0.));
#3899 = DIRECTION('',(0.,0.,-1.));
#3900 = DIRECTION('',(-0.306531366099,0.951860557854,0.));
#3901 = ORIENTED_EDGE('',*,*,#3902,.T.);
#3902 = EDGE_CURVE('',#3894,#3903,#3905,.T.);
#3903 = VERTEX_POINT('',#3904);
#3904 = CARTESIAN_POINT('',(15.03229975153,65.202545140908,0.));
#3905 = CIRCLE('',#3906,4.9443284817E-02);
#3906 = AXIS2_PLACEMENT_3D('',#3907,#3908,#3909);
#3907 = CARTESIAN_POINT('',(14.994355544251,65.23424491295,0.));
#3908 = DIRECTION('',(0.,0.,1.));
#3909 = DIRECTION('',(0.298221762019,-0.95449661113,0.));
#3910 = ORIENTED_EDGE('',*,*,#3911,.T.);
#3911 = EDGE_CURVE('',#3903,#3912,#3914,.T.);
#3912 = VERTEX_POINT('',#3913);
#3913 = CARTESIAN_POINT('',(14.996961457723,65.214730759462,0.));
#3914 = LINE('',#3915,#3916);
#3915 = CARTESIAN_POINT('',(15.03229975153,65.202545140908,0.));
#3916 = VECTOR('',#3917,1.);
#3917 = DIRECTION('',(-0.945372981626,0.32599068332,0.));
#3918 = ORIENTED_EDGE('',*,*,#3919,.T.);
#3919 = EDGE_CURVE('',#3912,#3920,#3922,.T.);
#3920 = VERTEX_POINT('',#3921);
#3921 = CARTESIAN_POINT('',(14.931380991717,65.214730759462,0.));
#3922 = LINE('',#3923,#3924);
#3923 = CARTESIAN_POINT('',(14.996961457723,65.214730759462,0.));
#3924 = VECTOR('',#3925,1.);
#3925 = DIRECTION('',(-1.,0.,0.));
#3926 = ORIENTED_EDGE('',*,*,#3927,.T.);
#3927 = EDGE_CURVE('',#3920,#3928,#3930,.T.);
#3928 = VERTEX_POINT('',#3929);
#3929 = CARTESIAN_POINT('',(14.894845072909,65.202552119859,0.));
#3930 = LINE('',#3931,#3932);
#3931 = CARTESIAN_POINT('',(14.931380991717,65.214730759462,0.));
#3932 = VECTOR('',#3933,1.);
#3933 = DIRECTION('',(-0.948683298051,-0.316227766017,0.));
#3934 = ORIENTED_EDGE('',*,*,#3935,.T.);
#3935 = EDGE_CURVE('',#3928,#3936,#3938,.T.);
#3936 = VERTEX_POINT('',#3937);
#3937 = CARTESIAN_POINT('',(14.864036931334,65.170122497148,0.));
#3938 = LINE('',#3939,#3940);
#3939 = CARTESIAN_POINT('',(14.894845072909,65.202552119859,0.));
#3940 = VECTOR('',#3941,1.);
#3941 = DIRECTION('',(-0.688749461915,-0.724999433594,0.));
#3942 = ORIENTED_EDGE('',*,*,#3943,.T.);
#3943 = EDGE_CURVE('',#3936,#3944,#3946,.T.);
#3944 = VERTEX_POINT('',#3945);
#3945 = CARTESIAN_POINT('',(14.716862230464,65.309938462974,0.));
#3946 = CIRCLE('',#3947,0.101499873);
#3947 = AXIS2_PLACEMENT_3D('',#3948,#3949,#3950);
#3948 = CARTESIAN_POINT('',(14.790449580899,65.240030480061,0.));
#3949 = DIRECTION('',(-0.,0.,-1.));
#3950 = DIRECTION('',(0.724999433594,-0.688749461915,-0.));
#3951 = ORIENTED_EDGE('',*,*,#3952,.T.);
#3952 = EDGE_CURVE('',#3944,#3953,#3955,.T.);
#3953 = VERTEX_POINT('',#3954);
#3954 = CARTESIAN_POINT('',(14.765122326985,65.360738564574,0.));
#3955 = LINE('',#3956,#3957);
#3956 = CARTESIAN_POINT('',(14.716862230464,65.309938462974,0.));
#3957 = VECTOR('',#3958,1.);
#3958 = DIRECTION('',(0.688749461915,0.724999433594,0.));
#3959 = ORIENTED_EDGE('',*,*,#3960,.T.);
#3960 = EDGE_CURVE('',#3953,#3961,#3963,.T.);
#3961 = VERTEX_POINT('',#3962);
#3962 = CARTESIAN_POINT('',(14.80661259933,65.38712181593,0.));
#3963 = CIRCLE('',#3964,0.101499873);
#3964 = AXIS2_PLACEMENT_3D('',#3965,#3966,#3967);
#3965 = CARTESIAN_POINT('',(14.838709677419,65.290830581661,0.));
#3966 = DIRECTION('',(0.,0.,-1.));
#3967 = DIRECTION('',(-0.724999433594,0.688749461915,0.));
#3968 = ORIENTED_EDGE('',*,*,#3969,.T.);
#3969 = EDGE_CURVE('',#3961,#3970,#3972,.T.);
#3970 = VERTEX_POINT('',#3971);
#3971 = CARTESIAN_POINT('',(14.88281275173,65.41252186673,0.));
#3972 = LINE('',#3973,#3974);
#3973 = CARTESIAN_POINT('',(14.80661259933,65.38712181593,0.));
#3974 = VECTOR('',#3975,1.);
#3975 = DIRECTION('',(0.94868329805,0.316227766017,0.));
#3976 = ORIENTED_EDGE('',*,*,#3977,.T.);
#3977 = EDGE_CURVE('',#3970,#3978,#3980,.T.);
#3978 = VERTEX_POINT('',#3979);
#3979 = CARTESIAN_POINT('',(14.91490982982,65.417730505461,0.));
#3980 = CIRCLE('',#3981,0.101499873);
#3981 = AXIS2_PLACEMENT_3D('',#3982,#3983,#3984);
#3982 = CARTESIAN_POINT('',(14.91490982982,65.316230632461,0.));
#3983 = DIRECTION('',(0.,0.,-1.));
#3984 = DIRECTION('',(-0.316227766016,0.948683298051,0.));
#3985 = ORIENTED_EDGE('',*,*,#3986,.T.);
#3986 = EDGE_CURVE('',#3978,#3987,#3989,.T.);
#3987 = VERTEX_POINT('',#3988);
#3988 = CARTESIAN_POINT('',(15.01397002794,65.417730505461,0.));
#3989 = LINE('',#3990,#3991);
#3990 = CARTESIAN_POINT('',(14.91490982982,65.417730505461,0.));
#3991 = VECTOR('',#3992,1.);
#3992 = DIRECTION('',(1.,0.,0.));
#3993 = ORIENTED_EDGE('',*,*,#3994,.T.);
#3994 = EDGE_CURVE('',#3987,#3995,#3997,.T.);
#3995 = VERTEX_POINT('',#3996);
#3996 = CARTESIAN_POINT('',(15.047058040896,65.412185870034,0.));
#3997 = CIRCLE('',#3998,0.101499873);
#3998 = AXIS2_PLACEMENT_3D('',#3999,#4000,#4001);
#3999 = CARTESIAN_POINT('',(15.01397002794,65.316230632461,0.));
#4000 = DIRECTION('',(0.,0.,-1.));
#4001 = DIRECTION('',(-1.237856087775E-13,1.,0.));
#4002 = ORIENTED_EDGE('',*,*,#4003,.T.);
#4003 = EDGE_CURVE('',#3995,#4004,#4006,.T.);
#4004 = VERTEX_POINT('',#4005);
#4005 = CARTESIAN_POINT('',(15.120718188216,65.386785819234,0.));
#4006 = LINE('',#4007,#4008);
#4007 = CARTESIAN_POINT('',(15.047058040896,65.412185870034,0.));
#4008 = VECTOR('',#4009,1.);
#4009 = DIRECTION('',(0.945372981626,-0.325990683319,0.));
#4010 = ORIENTED_EDGE('',*,*,#4011,.T.);
#4011 = EDGE_CURVE('',#4004,#4012,#4014,.T.);
#4012 = VERTEX_POINT('',#4013);
#4013 = CARTESIAN_POINT('',(15.159401423748,65.362601830149,0.));
#4014 = CIRCLE('',#4015,0.101499873);
#4015 = AXIS2_PLACEMENT_3D('',#4016,#4017,#4018);
#4016 = CARTESIAN_POINT('',(15.08763017526,65.290830581661,0.));
#4017 = DIRECTION('',(0.,0.,-1.));
#4018 = DIRECTION('',(0.325990683319,0.945372981626,0.));
#4019 = ORIENTED_EDGE('',*,*,#4020,.T.);
#4020 = EDGE_CURVE('',#4012,#4021,#4023,.T.);
#4021 = VERTEX_POINT('',#4022);
#4022 = CARTESIAN_POINT('',(15.210201525348,65.311801728549,0.));
#4023 = LINE('',#4024,#4025);
#4024 = CARTESIAN_POINT('',(15.159401423748,65.362601830149,0.));
#4025 = VECTOR('',#4026,1.);
#4026 = DIRECTION('',(0.707106781187,-0.707106781187,0.));
#4027 = ORIENTED_EDGE('',*,*,#4028,.T.);
#4028 = EDGE_CURVE('',#4021,#4029,#4031,.T.);
#4029 = VERTEX_POINT('',#4030);
#4030 = CARTESIAN_POINT('',(15.23993014986,65.240030480061,0.));
#4031 = CIRCLE('',#4032,0.101499873);
#4032 = AXIS2_PLACEMENT_3D('',#4033,#4034,#4035);
#4033 = CARTESIAN_POINT('',(15.138430276861,65.240030480061,0.));
#4034 = DIRECTION('',(0.,0.,-1.));
#4035 = DIRECTION('',(0.707106781186,0.707106781187,0.));
#4036 = ORIENTED_EDGE('',*,*,#4037,.T.);
#4037 = EDGE_CURVE('',#4029,#4038,#4040,.T.);
#4038 = VERTEX_POINT('',#4039);
#4039 = CARTESIAN_POINT('',(15.23993014986,65.189230378461,0.));
#4040 = LINE('',#4041,#4042);
#4041 = CARTESIAN_POINT('',(15.23993014986,65.240030480061,0.));
#4042 = VECTOR('',#4043,1.);
#4043 = DIRECTION('',(3.496758438359E-14,-1.,0.));
#4044 = ORIENTED_EDGE('',*,*,#4045,.T.);
#4045 = EDGE_CURVE('',#4038,#4046,#4048,.T.);
#4046 = VERTEX_POINT('',#4047);
#4047 = CARTESIAN_POINT('',(15.235311561669,65.15896090749,0.));
#4048 = CIRCLE('',#4049,0.101499873);
#4049 = AXIS2_PLACEMENT_3D('',#4050,#4051,#4052);
#4050 = CARTESIAN_POINT('',(15.138430276861,65.189230378461,0.));
#4051 = DIRECTION('',(0.,0.,-1.));
#4052 = DIRECTION('',(1.,-5.600213211574E-14,0.));
#4053 = ORIENTED_EDGE('',*,*,#4054,.T.);
#4054 = EDGE_CURVE('',#4046,#4055,#4057,.T.);
#4055 = VERTEX_POINT('',#4056);
#4056 = CARTESIAN_POINT('',(15.07011569389,64.99343817813,0.));
#4057 = CIRCLE('',#4058,0.252443030816);
#4058 = AXIS2_PLACEMENT_3D('',#4059,#4060,#4061);
#4059 = CARTESIAN_POINT('',(14.994355544251,65.23424491295,0.));
#4060 = DIRECTION('',(0.,0.,-1.));
#4061 = DIRECTION('',(0.95449661113,-0.29822176202,0.));
#4062 = ORIENTED_EDGE('',*,*,#4063,.T.);
#4063 = EDGE_CURVE('',#4055,#4064,#4066,.T.);
#4064 = VERTEX_POINT('',#4065);
#4065 = CARTESIAN_POINT('',(14.927984383393,64.947667078139,0.));
#4066 = LINE('',#4067,#4068);
#4067 = CARTESIAN_POINT('',(15.07011569389,64.99343817813,0.));
#4068 = VECTOR('',#4069,1.);
#4069 = DIRECTION('',(-0.951860557857,-0.306531366089,0.));
#4070 = ORIENTED_EDGE('',*,*,#4071,.T.);
#4071 = EDGE_CURVE('',#4064,#4072,#4074,.T.);
#4072 = VERTEX_POINT('',#4073);
#4073 = CARTESIAN_POINT('',(14.899475898796,64.933412835841,0.));
#4074 = LINE('',#4075,#4076);
#4075 = CARTESIAN_POINT('',(14.927984383393,64.947667078139,0.));
#4076 = VECTOR('',#4077,1.);
#4077 = DIRECTION('',(-0.894427191,-0.447213595501,0.));
#4078 = ORIENTED_EDGE('',*,*,#4079,.T.);
#4079 = EDGE_CURVE('',#4072,#4080,#4082,.T.);
#4080 = VERTEX_POINT('',#4081);
#4081 = CARTESIAN_POINT('',(14.891949453899,64.92170144649,0.));
#4082 = CIRCLE('',#4083,6.808864124947E-02);
#4083 = AXIS2_PLACEMENT_3D('',#4084,#4085,#4086);
#4084 = CARTESIAN_POINT('',(14.952692405363,64.890938531891,0.));
#4085 = DIRECTION('',(0.,0.,1.));
#4086 = DIRECTION('',(-0.781576862016,0.623808952132,0.));
#4087 = ORIENTED_EDGE('',*,*,#4088,.T.);
#4088 = EDGE_CURVE('',#4080,#4089,#4091,.T.);
#4089 = VERTEX_POINT('',#4090);
#4090 = CARTESIAN_POINT('',(14.891949453899,64.907176113512,0.));
#4091 = LINE('',#4092,#4093);
#4092 = CARTESIAN_POINT('',(14.891949453899,64.92170144649,0.));
#4093 = VECTOR('',#4094,1.);
#4094 = DIRECTION('',(-1.222937086609E-13,-1.,0.));
#4095 = ORIENTED_EDGE('',*,*,#4096,.T.);
#4096 = EDGE_CURVE('',#4089,#4097,#4099,.T.);
#4097 = VERTEX_POINT('',#4098);
#4098 = CARTESIAN_POINT('',(14.897238176701,64.901609036878,0.));
#4099 = LINE('',#4100,#4101);
#4100 = CARTESIAN_POINT('',(14.891949453899,64.907176113512,0.));
#4101 = VECTOR('',#4102,1.);
#4102 = DIRECTION('',(0.688749461915,-0.724999433594,0.));
#4103 = ORIENTED_EDGE('',*,*,#4104,.T.);
#4104 = EDGE_CURVE('',#4097,#4105,#4107,.T.);
#4105 = VERTEX_POINT('',#4106);
#4106 = CARTESIAN_POINT('',(15.030256085805,64.90201803922,0.));
#4107 = CIRCLE('',#4108,0.199156296783);
#4108 = AXIS2_PLACEMENT_3D('',#4109,#4110,#4111);
#4109 = CARTESIAN_POINT('',(14.96316992634,65.08953517912,0.));
#4110 = DIRECTION('',(0.,0.,1.));
#4111 = DIRECTION('',(-0.331055310345,-0.943611350871,0.));
#4112 = ORIENTED_EDGE('',*,*,#4113,.T.);
#4113 = EDGE_CURVE('',#4105,#4114,#4116,.T.);
#4114 = VERTEX_POINT('',#4115);
#4115 = CARTESIAN_POINT('',(15.066659028373,64.938420981787,0.));
#4116 = LINE('',#4117,#4118);
#4117 = CARTESIAN_POINT('',(15.030256085805,64.90201803922,0.));
#4118 = VECTOR('',#4119,1.);
#4119 = DIRECTION('',(0.707106781186,0.707106781187,0.));
#4120 = ORIENTED_EDGE('',*,*,#4121,.T.);
#4121 = EDGE_CURVE('',#4114,#4122,#4124,.T.);
#4122 = VERTEX_POINT('',#4123);
#4123 = CARTESIAN_POINT('',(15.210201525348,64.794878484812,0.));
#4124 = CIRCLE('',#4125,0.101499873);
#4125 = AXIS2_PLACEMENT_3D('',#4126,#4127,#4128);
#4126 = CARTESIAN_POINT('',(15.138430276861,64.866649733299,0.));
#4127 = DIRECTION('',(0.,0.,-1.));
#4128 = DIRECTION('',(-0.707106781187,0.707106781187,0.));
#4129 = ORIENTED_EDGE('',*,*,#4130,.T.);
#4130 = EDGE_CURVE('',#4122,#4131,#4133,.T.);
#4131 = VERTEX_POINT('',#4132);
#4132 = CARTESIAN_POINT('',(15.159401423748,64.744078383212,0.));
#4133 = LINE('',#4134,#4135);
#4134 = CARTESIAN_POINT('',(15.210201525348,64.794878484812,0.));
#4135 = VECTOR('',#4136,1.);
#4136 = DIRECTION('',(-0.707106781187,-0.707106781187,0.));
#4137 = ORIENTED_EDGE('',*,*,#4138,.T.);
#4138 = EDGE_CURVE('',#4131,#4139,#4141,.T.);
#4139 = VERTEX_POINT('',#4140);
#4140 = CARTESIAN_POINT('',(15.129647272292,64.723454892802,0.));
#4141 = CIRCLE('',#4142,0.101499873);
#4142 = AXIS2_PLACEMENT_3D('',#4143,#4144,#4145);
#4143 = CARTESIAN_POINT('',(15.08763017526,64.815849631699,0.));
#4144 = DIRECTION('',(0.,0.,-1.));
#4145 = DIRECTION('',(0.707106781186,-0.707106781187,0.));
#4146 = ORIENTED_EDGE('',*,*,#4147,.T.);
#4147 = EDGE_CURVE('',#4139,#4148,#4150,.T.);
#4148 = VERTEX_POINT('',#4149);
#4149 = CARTESIAN_POINT('',(14.796692580388,64.723454892801,0.));
#4150 = CIRCLE('',#4151,0.402156042782);
#4151 = AXIS2_PLACEMENT_3D('',#4152,#4153,#4154);
#4152 = CARTESIAN_POINT('',(14.96316992634,65.08953517912,0.));
#4153 = DIRECTION('',(0.,0.,-1.));
#4154 = DIRECTION('',(0.413962065074,-0.910294133058,0.));
#4155 = ORIENTED_EDGE('',*,*,#4156,.T.);
#4156 = EDGE_CURVE('',#4148,#4157,#4159,.T.);
#4157 = VERTEX_POINT('',#4158);
#4158 = CARTESIAN_POINT('',(14.765122326985,64.745941648786,0.));
#4159 = CIRCLE('',#4160,0.101499873);
#4160 = AXIS2_PLACEMENT_3D('',#4161,#4162,#4163);
#4161 = CARTESIAN_POINT('',(14.838709677419,64.815849631699,0.));
#4162 = DIRECTION('',(0.,0.,-1.));
#4163 = DIRECTION('',(-0.413962065075,-0.910294133058,-0.));
#4164 = ORIENTED_EDGE('',*,*,#4165,.T.);
#4165 = EDGE_CURVE('',#4157,#4166,#4168,.T.);
#4166 = VERTEX_POINT('',#4167);
#4167 = CARTESIAN_POINT('',(14.716862230464,64.796741750387,0.));
#4168 = LINE('',#4169,#4170);
#4169 = CARTESIAN_POINT('',(14.765122326985,64.745941648786,0.));
#4170 = VECTOR('',#4171,1.);
#4171 = DIRECTION('',(-0.688749461915,0.724999433594,0.));
#4172 = ORIENTED_EDGE('',*,*,#4173,.T.);
#4173 = EDGE_CURVE('',#4166,#4174,#4176,.T.);
#4174 = VERTEX_POINT('',#4175);
#4175 = CARTESIAN_POINT('',(14.688949707899,64.866649733299,0.));
#4176 = CIRCLE('',#4177,0.101499873);
#4177 = AXIS2_PLACEMENT_3D('',#4178,#4179,#4180);
#4178 = CARTESIAN_POINT('',(14.790449580899,64.866649733299,0.));
#4179 = DIRECTION('',(0.,0.,-1.));
#4180 = DIRECTION('',(-0.724999433594,-0.688749461915,-0.));
#4181 = ORIENTED_EDGE('',*,*,#4182,.T.);
#4182 = EDGE_CURVE('',#4174,#4183,#4185,.T.);
#4183 = VERTEX_POINT('',#4184);
#4184 = CARTESIAN_POINT('',(14.688949707899,64.94030988062,0.));
#4185 = LINE('',#4186,#4187);
#4186 = CARTESIAN_POINT('',(14.688949707899,64.866649733299,0.));
#4187 = VECTOR('',#4188,1.);
#4188 = DIRECTION('',(-2.411557543697E-14,1.,0.));
#4189 = ORIENTED_EDGE('',*,*,#4190,.T.);
#4190 = EDGE_CURVE('',#4183,#4191,#4193,.T.);
#4191 = VERTEX_POINT('',#4192);
#4192 = CARTESIAN_POINT('',(14.693346152928,64.969858966818,0.));
#4193 = CIRCLE('',#4194,0.101499873);
#4194 = AXIS2_PLACEMENT_3D('',#4195,#4196,#4197);
#4195 = CARTESIAN_POINT('',(14.790449580899,64.94030988062,0.));
#4196 = DIRECTION('',(0.,0.,-1.));
#4197 = DIRECTION('',(-1.,-1.016177872062E-13,-0.));
#4198 = ORIENTED_EDGE('',*,*,#4199,.T.);
#4199 = EDGE_CURVE('',#4191,#4200,#4202,.T.);
#4200 = VERTEX_POINT('',#4201);
#4201 = CARTESIAN_POINT('',(14.770490243682,65.091665425904,0.));
#4202 = CIRCLE('',#4203,0.271088387249);
#4203 = AXIS2_PLACEMENT_3D('',#4204,#4205,#4206);
#4204 = CARTESIAN_POINT('',(14.952692405363,64.890938531891,0.));
#4205 = DIRECTION('',(0.,0.,-1.));
#4206 = DIRECTION('',(-0.95668521646,0.291124366219,0.));
#4207 = ORIENTED_EDGE('',*,*,#4208,.T.);
#4208 = EDGE_CURVE('',#4200,#3867,#4209,.T.);
#4209 = CIRCLE('',#4210,0.101499873);
#4210 = AXIS2_PLACEMENT_3D('',#4211,#4212,#4213);
#4211 = CARTESIAN_POINT('',(14.838709677419,65.01651003302,0.));
#4212 = DIRECTION('',(0.,0.,-1.));
#4213 = DIRECTION('',(-0.672113488629,0.740448147005,0.));
#4214 = PLANE('',#4215);
#4215 = AXIS2_PLACEMENT_3D('',#4216,#4217,#4218);
#4216 = CARTESIAN_POINT('',(14.961445643372,65.055245053521,0.));
#4217 = DIRECTION('',(-0.,-0.,-1.));
#4218 = DIRECTION('',(-1.,0.,0.));
#4219 = SHELL_BASED_SURFACE_MODEL('',(#4220));
#4220 = OPEN_SHELL('',(#4221));
#4221 = ADVANCED_FACE('',(#4222,#4432),#4534,.T.);
#4222 = FACE_BOUND('',#4223,.T.);
#4223 = EDGE_LOOP('',(#4224,#4235,#4244,#4252,#4261,#4270,#4279,#4287,
    #4296,#4304,#4313,#4321,#4330,#4339,#4348,#4356,#4365,#4374,#4383,
    #4391,#4400,#4408,#4417,#4425));
#4224 = ORIENTED_EDGE('',*,*,#4225,.T.);
#4225 = EDGE_CURVE('',#4226,#4228,#4230,.T.);
#4226 = VERTEX_POINT('',#4227);
#4227 = CARTESIAN_POINT('',(18.391036425808,64.739764114692,0.));
#4228 = VERTEX_POINT('',#4229);
#4229 = CARTESIAN_POINT('',(18.259322741529,64.972796017648,0.));
#4230 = CIRCLE('',#4231,0.409417915185);
#4231 = AXIS2_PLACEMENT_3D('',#4232,#4233,#4234);
#4232 = CARTESIAN_POINT('',(18.662020965987,65.046668673567,0.));
#4233 = DIRECTION('',(0.,0.,-1.));
#4234 = DIRECTION('',(-0.661877583096,-0.749611942938,-0.));
#4235 = ORIENTED_EDGE('',*,*,#4236,.T.);
#4236 = EDGE_CURVE('',#4228,#4237,#4239,.T.);
#4237 = VERTEX_POINT('',#4238);
#4238 = CARTESIAN_POINT('',(18.257656845314,64.99110998222,0.));
#4239 = CIRCLE('',#4240,0.101499873);
#4240 = AXIS2_PLACEMENT_3D('',#4241,#4242,#4243);
#4241 = CARTESIAN_POINT('',(18.359156718314,64.99110998222,0.));
#4242 = DIRECTION('',(0.,0.,-1.));
#4243 = DIRECTION('',(-0.98358720887,-0.180433374261,-0.));
#4244 = ORIENTED_EDGE('',*,*,#4245,.T.);
#4245 = EDGE_CURVE('',#4237,#4246,#4248,.T.);
#4246 = VERTEX_POINT('',#4247);
#4247 = CARTESIAN_POINT('',(18.257656845314,65.11557023114,0.));
#4248 = LINE('',#4249,#4250);
#4249 = CARTESIAN_POINT('',(18.257656845314,64.99110998222,0.));
#4250 = VECTOR('',#4251,1.);
#4251 = DIRECTION('',(-2.854496684375E-14,1.,0.));
#4252 = ORIENTED_EDGE('',*,*,#4253,.T.);
#4253 = EDGE_CURVE('',#4246,#4254,#4256,.T.);
#4254 = VERTEX_POINT('',#4255);
#4255 = CARTESIAN_POINT('',(18.25932274153,65.133884195717,0.));
#4256 = CIRCLE('',#4257,0.101499873);
#4257 = AXIS2_PLACEMENT_3D('',#4258,#4259,#4260);
#4258 = CARTESIAN_POINT('',(18.359156718313,65.11557023114,0.));
#4259 = DIRECTION('',(0.,0.,-1.));
#4260 = DIRECTION('',(-1.,8.353088894612E-14,0.));
#4261 = ORIENTED_EDGE('',*,*,#4262,.T.);
#4262 = EDGE_CURVE('',#4254,#4263,#4265,.T.);
#4263 = VERTEX_POINT('',#4264);
#4264 = CARTESIAN_POINT('',(18.391036425805,65.366916098666,0.));
#4265 = CIRCLE('',#4266,0.409417915218);
#4266 = AXIS2_PLACEMENT_3D('',#4267,#4268,#4269);
#4267 = CARTESIAN_POINT('',(18.662020966018,65.060011539776,0.));
#4268 = DIRECTION('',(0.,0.,-1.));
#4269 = DIRECTION('',(-0.983587208863,0.180433374298,0.));
#4270 = ORIENTED_EDGE('',*,*,#4271,.T.);
#4271 = EDGE_CURVE('',#4263,#4272,#4274,.T.);
#4272 = VERTEX_POINT('',#4273);
#4273 = CARTESIAN_POINT('',(18.412824793287,65.381614827955,0.));
#4274 = CIRCLE('',#4275,0.101499873);
#4275 = AXIS2_PLACEMENT_3D('',#4276,#4277,#4278);
#4276 = CARTESIAN_POINT('',(18.458216916434,65.290830581661,0.));
#4277 = DIRECTION('',(0.,0.,-1.));
#4278 = DIRECTION('',(-0.661877583124,0.749611942913,0.));
#4279 = ORIENTED_EDGE('',*,*,#4280,.T.);
#4280 = EDGE_CURVE('',#4272,#4281,#4283,.T.);
#4281 = VERTEX_POINT('',#4282);
#4282 = CARTESIAN_POINT('',(18.463624894887,65.407014878755,0.));
#4283 = LINE('',#4284,#4285);
#4284 = CARTESIAN_POINT('',(18.412824793287,65.381614827955,0.));
#4285 = VECTOR('',#4286,1.);
#4286 = DIRECTION('',(0.894427191,0.4472135955,0.));
#4287 = ORIENTED_EDGE('',*,*,#4288,.T.);
#4288 = EDGE_CURVE('',#4281,#4289,#4291,.T.);
#4289 = VERTEX_POINT('',#4290);
#4290 = CARTESIAN_POINT('',(18.509017018034,65.417730505461,0.));
#4291 = CIRCLE('',#4292,0.101499873);
#4292 = AXIS2_PLACEMENT_3D('',#4293,#4294,#4295);
#4293 = CARTESIAN_POINT('',(18.509017018034,65.316230632461,0.));
#4294 = DIRECTION('',(0.,0.,-1.));
#4295 = DIRECTION('',(-0.4472135955,0.894427191,0.));
#4296 = ORIENTED_EDGE('',*,*,#4297,.T.);
#4297 = EDGE_CURVE('',#4289,#4298,#4300,.T.);
#4298 = VERTEX_POINT('',#4299);
#4299 = CARTESIAN_POINT('',(18.608077216154,65.417730505461,0.));
#4300 = LINE('',#4301,#4302);
#4301 = CARTESIAN_POINT('',(18.509017018034,65.417730505461,0.));
#4302 = VECTOR('',#4303,1.);
#4303 = DIRECTION('',(1.,0.,0.));
#4304 = ORIENTED_EDGE('',*,*,#4305,.T.);
#4305 = EDGE_CURVE('',#4298,#4306,#4308,.T.);
#4306 = VERTEX_POINT('',#4307);
#4307 = CARTESIAN_POINT('',(18.653469339301,65.407014878755,0.));
#4308 = CIRCLE('',#4309,0.101499873);
#4309 = AXIS2_PLACEMENT_3D('',#4310,#4311,#4312);
#4310 = CARTESIAN_POINT('',(18.608077216154,65.316230632461,0.));
#4311 = DIRECTION('',(0.,0.,-1.));
#4312 = DIRECTION('',(-5.627463005063E-14,1.,0.));
#4313 = ORIENTED_EDGE('',*,*,#4314,.T.);
#4314 = EDGE_CURVE('',#4306,#4315,#4317,.T.);
#4315 = VERTEX_POINT('',#4316);
#4316 = CARTESIAN_POINT('',(18.704269440902,65.381614827955,0.));
#4317 = LINE('',#4318,#4319);
#4318 = CARTESIAN_POINT('',(18.653469339301,65.407014878755,0.));
#4319 = VECTOR('',#4320,1.);
#4320 = DIRECTION('',(0.894427191,-0.4472135955,0.));
#4321 = ORIENTED_EDGE('',*,*,#4322,.T.);
#4322 = EDGE_CURVE('',#4315,#4323,#4325,.T.);
#4323 = VERTEX_POINT('',#4324);
#4324 = CARTESIAN_POINT('',(18.726057808383,65.366916098666,0.));
#4325 = CIRCLE('',#4326,0.101499873);
#4326 = AXIS2_PLACEMENT_3D('',#4327,#4328,#4329);
#4327 = CARTESIAN_POINT('',(18.658877317755,65.290830581661,0.));
#4328 = DIRECTION('',(0.,0.,-1.));
#4329 = DIRECTION('',(0.4472135955,0.894427191,0.));
#4330 = ORIENTED_EDGE('',*,*,#4331,.T.);
#4331 = EDGE_CURVE('',#4323,#4332,#4334,.T.);
#4332 = VERTEX_POINT('',#4333);
#4333 = CARTESIAN_POINT('',(18.857771492659,65.133884195717,0.));
#4334 = CIRCLE('',#4335,0.40941791522);
#4335 = AXIS2_PLACEMENT_3D('',#4336,#4337,#4338);
#4336 = CARTESIAN_POINT('',(18.455073268169,65.060011539775,0.));
#4337 = DIRECTION('',(0.,0.,-1.));
#4338 = DIRECTION('',(0.661877583126,0.749611942912,0.));
#4339 = ORIENTED_EDGE('',*,*,#4340,.T.);
#4340 = EDGE_CURVE('',#4332,#4341,#4343,.T.);
#4341 = VERTEX_POINT('',#4342);
#4342 = CARTESIAN_POINT('',(18.859437388875,65.11557023114,0.));
#4343 = CIRCLE('',#4344,0.101499873);
#4344 = AXIS2_PLACEMENT_3D('',#4345,#4346,#4347);
#4345 = CARTESIAN_POINT('',(18.757937515875,65.11557023114,0.));
#4346 = DIRECTION('',(0.,0.,-1.));
#4347 = DIRECTION('',(0.983587208863,0.1804333743,0.));
#4348 = ORIENTED_EDGE('',*,*,#4349,.T.);
#4349 = EDGE_CURVE('',#4341,#4350,#4352,.T.);
#4350 = VERTEX_POINT('',#4351);
#4351 = CARTESIAN_POINT('',(18.859437388875,64.99110998222,0.));
#4352 = LINE('',#4353,#4354);
#4353 = CARTESIAN_POINT('',(18.859437388875,65.11557023114,0.));
#4354 = VECTOR('',#4355,1.);
#4355 = DIRECTION('',(2.854496684375E-14,-1.,0.));
#4356 = ORIENTED_EDGE('',*,*,#4357,.T.);
#4357 = EDGE_CURVE('',#4350,#4358,#4360,.T.);
#4358 = VERTEX_POINT('',#4359);
#4359 = CARTESIAN_POINT('',(18.857771492659,64.972796017647,0.));
#4360 = CIRCLE('',#4361,0.101499873);
#4361 = AXIS2_PLACEMENT_3D('',#4362,#4363,#4364);
#4362 = CARTESIAN_POINT('',(18.757937515875,64.99110998222,0.));
#4363 = DIRECTION('',(0.,0.,-1.));
#4364 = DIRECTION('',(1.,-8.213949357608E-14,0.));
#4365 = ORIENTED_EDGE('',*,*,#4366,.T.);
#4366 = EDGE_CURVE('',#4358,#4367,#4369,.T.);
#4367 = VERTEX_POINT('',#4368);
#4368 = CARTESIAN_POINT('',(18.726057808381,64.739764114693,0.));
#4369 = CIRCLE('',#4370,0.409417915192);
#4370 = AXIS2_PLACEMENT_3D('',#4371,#4372,#4373);
#4371 = CARTESIAN_POINT('',(18.455073268195,65.046668673571,0.));
#4372 = DIRECTION('',(0.,0.,-1.));
#4373 = DIRECTION('',(0.983587208869,-0.180433374269,0.));
#4374 = ORIENTED_EDGE('',*,*,#4375,.T.);
#4375 = EDGE_CURVE('',#4367,#4376,#4378,.T.);
#4376 = VERTEX_POINT('',#4377);
#4377 = CARTESIAN_POINT('',(18.700529280387,64.723289714738,0.));
#4378 = CIRCLE('',#4379,0.101499873);
#4379 = AXIS2_PLACEMENT_3D('',#4380,#4381,#4382);
#4380 = CARTESIAN_POINT('',(18.658877317755,64.815849631699,0.));
#4381 = DIRECTION('',(0.,0.,-1.));
#4382 = DIRECTION('',(0.661877583102,-0.749611942932,0.));
#4383 = ORIENTED_EDGE('',*,*,#4384,.T.);
#4384 = EDGE_CURVE('',#4376,#4385,#4387,.T.);
#4385 = VERTEX_POINT('',#4386);
#4386 = CARTESIAN_POINT('',(18.649729178787,64.700429669018,0.));
#4387 = LINE('',#4388,#4389);
#4388 = CARTESIAN_POINT('',(18.700529280387,64.723289714738,0.));
#4389 = VECTOR('',#4390,1.);
#4390 = DIRECTION('',(-0.911921505175,-0.410364677329,0.));
#4391 = ORIENTED_EDGE('',*,*,#4392,.T.);
#4392 = EDGE_CURVE('',#4385,#4393,#4395,.T.);
#4393 = VERTEX_POINT('',#4394);
#4394 = CARTESIAN_POINT('',(18.608077216154,64.691489712979,0.));
#4395 = CIRCLE('',#4396,0.101499873);
#4396 = AXIS2_PLACEMENT_3D('',#4397,#4398,#4399);
#4397 = CARTESIAN_POINT('',(18.608077216154,64.792989585979,0.));
#4398 = DIRECTION('',(0.,0.,-1.));
#4399 = DIRECTION('',(0.410364677329,-0.911921505175,0.));
#4400 = ORIENTED_EDGE('',*,*,#4401,.T.);
#4401 = EDGE_CURVE('',#4393,#4402,#4404,.T.);
#4402 = VERTEX_POINT('',#4403);
#4403 = CARTESIAN_POINT('',(18.509017018034,64.691489712979,0.));
#4404 = LINE('',#4405,#4406);
#4405 = CARTESIAN_POINT('',(18.608077216154,64.691489712979,0.));
#4406 = VECTOR('',#4407,1.);
#4407 = DIRECTION('',(-1.,1.434567564455E-13,0.));
#4408 = ORIENTED_EDGE('',*,*,#4409,.T.);
#4409 = EDGE_CURVE('',#4402,#4410,#4412,.T.);
#4410 = VERTEX_POINT('',#4411);
#4411 = CARTESIAN_POINT('',(18.467365055402,64.700429669018,0.));
#4412 = CIRCLE('',#4413,0.101499873);
#4413 = AXIS2_PLACEMENT_3D('',#4414,#4415,#4416);
#4414 = CARTESIAN_POINT('',(18.509017018034,64.792989585979,0.));
#4415 = DIRECTION('',(-0.,0.,-1.));
#4416 = DIRECTION('',(1.764426232505E-13,-1.,-0.));
#4417 = ORIENTED_EDGE('',*,*,#4418,.T.);
#4418 = EDGE_CURVE('',#4410,#4419,#4421,.T.);
#4419 = VERTEX_POINT('',#4420);
#4420 = CARTESIAN_POINT('',(18.416564953801,64.723289714738,0.));
#4421 = LINE('',#4422,#4423);
#4422 = CARTESIAN_POINT('',(18.467365055402,64.700429669018,0.));
#4423 = VECTOR('',#4424,1.);
#4424 = DIRECTION('',(-0.911921505175,0.410364677329,0.));
#4425 = ORIENTED_EDGE('',*,*,#4426,.T.);
#4426 = EDGE_CURVE('',#4419,#4226,#4427,.T.);
#4427 = CIRCLE('',#4428,0.101499873);
#4428 = AXIS2_PLACEMENT_3D('',#4429,#4430,#4431);
#4429 = CARTESIAN_POINT('',(18.458216916434,64.815849631699,0.));
#4430 = DIRECTION('',(0.,0.,-1.));
#4431 = DIRECTION('',(-0.410364677329,-0.911921505175,-0.));
#4432 = FACE_BOUND('',#4433,.T.);
#4433 = EDGE_LOOP('',(#4434,#4445,#4453,#4462,#4470,#4478,#4486,#4495,
    #4503,#4512,#4520,#4528));
#4434 = ORIENTED_EDGE('',*,*,#4435,.T.);
#4435 = EDGE_CURVE('',#4436,#4438,#4440,.T.);
#4436 = VERTEX_POINT('',#4437);
#4437 = CARTESIAN_POINT('',(18.516668770689,65.206576200921,0.));
#4438 = VERTEX_POINT('',#4439);
#4439 = CARTESIAN_POINT('',(18.460656591313,65.105408116557,0.));
#4440 = CIRCLE('',#4441,0.206418169219);
#4441 = AXIS2_PLACEMENT_3D('',#4442,#4443,#4444);
#4442 = CARTESIAN_POINT('',(18.662020966018,65.060011539776,0.));
#4443 = DIRECTION('',(0.,0.,1.));
#4444 = DIRECTION('',(-0.704163765619,0.710037598434,0.));
#4445 = ORIENTED_EDGE('',*,*,#4446,.T.);
#4446 = EDGE_CURVE('',#4438,#4447,#4449,.T.);
#4447 = VERTEX_POINT('',#4448);
#4448 = CARTESIAN_POINT('',(18.460656591313,65.001272096801,0.));
#4449 = LINE('',#4450,#4451);
#4450 = CARTESIAN_POINT('',(18.460656591313,65.105408116557,0.));
#4451 = VECTOR('',#4452,1.);
#4452 = DIRECTION('',(0.,-1.,0.));
#4453 = ORIENTED_EDGE('',*,*,#4454,.T.);
#4454 = EDGE_CURVE('',#4447,#4455,#4457,.T.);
#4455 = VERTEX_POINT('',#4456);
#4456 = CARTESIAN_POINT('',(18.515315546578,64.90145854828,0.));
#4457 = CIRCLE('',#4458,0.206418169185);
#4458 = AXIS2_PLACEMENT_3D('',#4459,#4460,#4461);
#4459 = CARTESIAN_POINT('',(18.662020965987,65.046668673567,0.));
#4460 = DIRECTION('',(0.,0.,1.));
#4461 = DIRECTION('',(-0.975516716714,-0.219925295069,0.));
#4462 = ORIENTED_EDGE('',*,*,#4463,.T.);
#4463 = EDGE_CURVE('',#4455,#4464,#4466,.T.);
#4464 = VERTEX_POINT('',#4465);
#4465 = CARTESIAN_POINT('',(18.530802411692,64.894489458979,0.));
#4466 = LINE('',#4467,#4468);
#4467 = CARTESIAN_POINT('',(18.515315546578,64.90145854828,0.));
#4468 = VECTOR('',#4469,1.);
#4469 = DIRECTION('',(0.911921505175,-0.410364677329,0.));
#4470 = ORIENTED_EDGE('',*,*,#4471,.T.);
#4471 = EDGE_CURVE('',#4464,#4472,#4474,.T.);
#4472 = VERTEX_POINT('',#4473);
#4473 = CARTESIAN_POINT('',(18.586291822497,64.894489458979,0.));
#4474 = LINE('',#4475,#4476);
#4475 = CARTESIAN_POINT('',(18.530802411692,64.894489458979,0.));
#4476 = VECTOR('',#4477,1.);
#4477 = DIRECTION('',(1.,0.,0.));
#4478 = ORIENTED_EDGE('',*,*,#4479,.T.);
#4479 = EDGE_CURVE('',#4472,#4480,#4482,.T.);
#4480 = VERTEX_POINT('',#4481);
#4481 = CARTESIAN_POINT('',(18.60177868761,64.90145854828,0.));
#4482 = LINE('',#4483,#4484);
#4483 = CARTESIAN_POINT('',(18.586291822497,64.894489458979,0.));
#4484 = VECTOR('',#4485,1.);
#4485 = DIRECTION('',(0.911921505175,0.410364677329,0.));
#4486 = ORIENTED_EDGE('',*,*,#4487,.T.);
#4487 = EDGE_CURVE('',#4480,#4488,#4490,.T.);
#4488 = VERTEX_POINT('',#4489);
#4489 = CARTESIAN_POINT('',(18.656437642875,65.001272096802,0.));
#4490 = CIRCLE('',#4491,0.206418169193);
#4491 = AXIS2_PLACEMENT_3D('',#4492,#4493,#4494);
#4492 = CARTESIAN_POINT('',(18.455073268195,65.046668673571,0.));
#4493 = DIRECTION('',(0.,0.,1.));
#4494 = DIRECTION('',(0.710719506857,-0.703475502468,0.));
#4495 = ORIENTED_EDGE('',*,*,#4496,.T.);
#4496 = EDGE_CURVE('',#4488,#4497,#4499,.T.);
#4497 = VERTEX_POINT('',#4498);
#4498 = CARTESIAN_POINT('',(18.656437642875,65.105408116557,0.));
#4499 = LINE('',#4500,#4501);
#4500 = CARTESIAN_POINT('',(18.656437642875,65.001272096802,0.));
#4501 = VECTOR('',#4502,1.);
#4502 = DIRECTION('',(0.,1.,0.));
#4503 = ORIENTED_EDGE('',*,*,#4504,.T.);
#4504 = EDGE_CURVE('',#4497,#4505,#4507,.T.);
#4505 = VERTEX_POINT('',#4506);
#4506 = CARTESIAN_POINT('',(18.6004254635,65.206576200921,0.));
#4507 = CIRCLE('',#4508,0.20641816922);
#4508 = AXIS2_PLACEMENT_3D('',#4509,#4510,#4511);
#4509 = CARTESIAN_POINT('',(18.455073268169,65.060011539775,0.));
#4510 = DIRECTION('',(0.,0.,1.));
#4511 = DIRECTION('',(0.975516716705,0.21992529511,-0.));
#4512 = ORIENTED_EDGE('',*,*,#4513,.T.);
#4513 = EDGE_CURVE('',#4505,#4514,#4516,.T.);
#4514 = VERTEX_POINT('',#4515);
#4515 = CARTESIAN_POINT('',(18.584116346419,65.214730759462,0.));
#4516 = LINE('',#4517,#4518);
#4517 = CARTESIAN_POINT('',(18.6004254635,65.206576200921,0.));
#4518 = VECTOR('',#4519,1.);
#4519 = DIRECTION('',(-0.894427191,0.4472135955,0.));
#4520 = ORIENTED_EDGE('',*,*,#4521,.T.);
#4521 = EDGE_CURVE('',#4514,#4522,#4524,.T.);
#4522 = VERTEX_POINT('',#4523);
#4523 = CARTESIAN_POINT('',(18.53297788777,65.214730759462,0.));
#4524 = LINE('',#4525,#4526);
#4525 = CARTESIAN_POINT('',(18.584116346419,65.214730759462,0.));
#4526 = VECTOR('',#4527,1.);
#4527 = DIRECTION('',(-1.,0.,0.));
#4528 = ORIENTED_EDGE('',*,*,#4529,.T.);
#4529 = EDGE_CURVE('',#4522,#4436,#4530,.T.);
#4530 = LINE('',#4531,#4532);
#4531 = CARTESIAN_POINT('',(18.53297788777,65.214730759462,0.));
#4532 = VECTOR('',#4533,1.);
#4533 = DIRECTION('',(-0.894427191,-0.4472135955,0.));
#4534 = PLANE('',#4535);
#4535 = AXIS2_PLACEMENT_3D('',#4536,#4537,#4538);
#4536 = CARTESIAN_POINT('',(18.558547117094,65.053978620074,0.));
#4537 = DIRECTION('',(-0.,-0.,-1.));
#4538 = DIRECTION('',(-1.,0.,0.));
#4539 = SHELL_BASED_SURFACE_MODEL('',(#4540));
#4540 = OPEN_SHELL('',(#4541));
#4541 = ADVANCED_FACE('',(#4542),#4893,.T.);
#4542 = FACE_BOUND('',#4543,.T.);
#4543 = EDGE_LOOP('',(#4544,#4554,#4563,#4571,#4580,#4589,#4597,#4605,
    #4613,#4621,#4630,#4638,#4647,#4655,#4664,#4672,#4681,#4689,#4698,
    #4706,#4715,#4723,#4732,#4741,#4749,#4757,#4766,#4774,#4782,#4791,
    #4799,#4808,#4816,#4825,#4834,#4843,#4851,#4860,#4868,#4877,#4886));
#4544 = ORIENTED_EDGE('',*,*,#4545,.T.);
#4545 = EDGE_CURVE('',#4546,#4548,#4550,.T.);
#4546 = VERTEX_POINT('',#4547);
#4547 = CARTESIAN_POINT('',(19.08338613441,65.107294279314,0.));
#4548 = VERTEX_POINT('',#4549);
#4549 = CARTESIAN_POINT('',(19.13418623601,65.132694330114,0.));
#4550 = LINE('',#4551,#4552);
#4551 = CARTESIAN_POINT('',(19.08338613441,65.107294279314,0.));
#4552 = VECTOR('',#4553,1.);
#4553 = DIRECTION('',(0.894427191,0.4472135955,0.));
#4554 = ORIENTED_EDGE('',*,*,#4555,.T.);
#4555 = EDGE_CURVE('',#4548,#4556,#4558,.T.);
#4556 = VERTEX_POINT('',#4557);
#4557 = CARTESIAN_POINT('',(19.148465464428,65.138523809556,0.));
#4558 = CIRCLE('',#4559,0.101499873);
#4559 = AXIS2_PLACEMENT_3D('',#4560,#4561,#4562);
#4560 = CARTESIAN_POINT('',(19.179578359157,65.04191008382,0.));
#4561 = DIRECTION('',(0.,0.,-1.));
#4562 = DIRECTION('',(-0.4472135955,0.894427191,0.));
#4563 = ORIENTED_EDGE('',*,*,#4564,.T.);
#4564 = EDGE_CURVE('',#4556,#4565,#4567,.T.);
#4565 = VERTEX_POINT('',#4566);
#4566 = CARTESIAN_POINT('',(19.298325764149,65.186783906076,0.));
#4567 = LINE('',#4568,#4569);
#4568 = CARTESIAN_POINT('',(19.148465464428,65.138523809556,0.));
#4569 = VECTOR('',#4570,1.);
#4570 = DIRECTION('',(0.951860557857,0.30653136609,0.));
#4571 = ORIENTED_EDGE('',*,*,#4572,.T.);
#4572 = EDGE_CURVE('',#4565,#4573,#4575,.T.);
#4573 = VERTEX_POINT('',#4574);
#4574 = CARTESIAN_POINT('',(19.299169187907,65.187051465149,0.));
#4575 = CIRCLE('',#4576,0.101499873);
#4576 = AXIS2_PLACEMENT_3D('',#4577,#4578,#4579);
#4577 = CARTESIAN_POINT('',(19.329438658877,65.09017018034,0.));
#4578 = DIRECTION('',(0.,0.,-1.));
#4579 = DIRECTION('',(-0.306531366082,0.951860557859,0.));
#4580 = ORIENTED_EDGE('',*,*,#4581,.T.);
#4581 = EDGE_CURVE('',#4573,#4582,#4584,.T.);
#4582 = VERTEX_POINT('',#4583);
#4583 = CARTESIAN_POINT('',(19.322368331667,65.202545140908,0.));
#4584 = CIRCLE('',#4585,4.9443284817E-02);
#4585 = AXIS2_PLACEMENT_3D('',#4586,#4587,#4588);
#4586 = CARTESIAN_POINT('',(19.284424124388,65.23424491295,0.));
#4587 = DIRECTION('',(0.,0.,1.));
#4588 = DIRECTION('',(0.298221762019,-0.95449661113,0.));
#4589 = ORIENTED_EDGE('',*,*,#4590,.T.);
#4590 = EDGE_CURVE('',#4582,#4591,#4593,.T.);
#4591 = VERTEX_POINT('',#4592);
#4592 = CARTESIAN_POINT('',(19.28703003786,65.214730759462,0.));
#4593 = LINE('',#4594,#4595);
#4594 = CARTESIAN_POINT('',(19.322368331667,65.202545140908,0.));
#4595 = VECTOR('',#4596,1.);
#4596 = DIRECTION('',(-0.945372981626,0.32599068332,0.));
#4597 = ORIENTED_EDGE('',*,*,#4598,.T.);
#4598 = EDGE_CURVE('',#4591,#4599,#4601,.T.);
#4599 = VERTEX_POINT('',#4600);
#4600 = CARTESIAN_POINT('',(19.221449571855,65.214730759462,0.));
#4601 = LINE('',#4602,#4603);
#4602 = CARTESIAN_POINT('',(19.28703003786,65.214730759462,0.));
#4603 = VECTOR('',#4604,1.);
#4604 = DIRECTION('',(-1.,0.,0.));
#4605 = ORIENTED_EDGE('',*,*,#4606,.T.);
#4606 = EDGE_CURVE('',#4599,#4607,#4609,.T.);
#4607 = VERTEX_POINT('',#4608);
#4608 = CARTESIAN_POINT('',(19.184913653046,65.202552119859,0.));
#4609 = LINE('',#4610,#4611);
#4610 = CARTESIAN_POINT('',(19.221449571855,65.214730759462,0.));
#4611 = VECTOR('',#4612,1.);
#4612 = DIRECTION('',(-0.948683298051,-0.316227766017,0.));
#4613 = ORIENTED_EDGE('',*,*,#4614,.T.);
#4614 = EDGE_CURVE('',#4607,#4615,#4617,.T.);
#4615 = VERTEX_POINT('',#4616);
#4616 = CARTESIAN_POINT('',(19.154105511471,65.170122497148,0.));
#4617 = LINE('',#4618,#4619);
#4618 = CARTESIAN_POINT('',(19.184913653046,65.202552119859,0.));
#4619 = VECTOR('',#4620,1.);
#4620 = DIRECTION('',(-0.688749461915,-0.724999433594,0.));
#4621 = ORIENTED_EDGE('',*,*,#4622,.T.);
#4622 = EDGE_CURVE('',#4615,#4623,#4625,.T.);
#4623 = VERTEX_POINT('',#4624);
#4624 = CARTESIAN_POINT('',(19.006930810602,65.309938462974,0.));
#4625 = CIRCLE('',#4626,0.101499873);
#4626 = AXIS2_PLACEMENT_3D('',#4627,#4628,#4629);
#4627 = CARTESIAN_POINT('',(19.080518161036,65.240030480061,0.));
#4628 = DIRECTION('',(-0.,0.,-1.));
#4629 = DIRECTION('',(0.724999433594,-0.688749461915,-0.));
#4630 = ORIENTED_EDGE('',*,*,#4631,.T.);
#4631 = EDGE_CURVE('',#4623,#4632,#4634,.T.);
#4632 = VERTEX_POINT('',#4633);
#4633 = CARTESIAN_POINT('',(19.055190907122,65.360738564574,0.));
#4634 = LINE('',#4635,#4636);
#4635 = CARTESIAN_POINT('',(19.006930810602,65.309938462974,0.));
#4636 = VECTOR('',#4637,1.);
#4637 = DIRECTION('',(0.688749461915,0.724999433594,0.));
#4638 = ORIENTED_EDGE('',*,*,#4639,.T.);
#4639 = EDGE_CURVE('',#4632,#4640,#4642,.T.);
#4640 = VERTEX_POINT('',#4641);
#4641 = CARTESIAN_POINT('',(19.096681179467,65.38712181593,0.));
#4642 = CIRCLE('',#4643,0.101499873);
#4643 = AXIS2_PLACEMENT_3D('',#4644,#4645,#4646);
#4644 = CARTESIAN_POINT('',(19.128778257557,65.290830581661,0.));
#4645 = DIRECTION('',(0.,0.,-1.));
#4646 = DIRECTION('',(-0.724999433595,0.688749461915,0.));
#4647 = ORIENTED_EDGE('',*,*,#4648,.T.);
#4648 = EDGE_CURVE('',#4640,#4649,#4651,.T.);
#4649 = VERTEX_POINT('',#4650);
#4650 = CARTESIAN_POINT('',(19.172881331867,65.41252186673,0.));
#4651 = LINE('',#4652,#4653);
#4652 = CARTESIAN_POINT('',(19.096681179467,65.38712181593,0.));
#4653 = VECTOR('',#4654,1.);
#4654 = DIRECTION('',(0.948683298051,0.316227766017,0.));
#4655 = ORIENTED_EDGE('',*,*,#4656,.T.);
#4656 = EDGE_CURVE('',#4649,#4657,#4659,.T.);
#4657 = VERTEX_POINT('',#4658);
#4658 = CARTESIAN_POINT('',(19.204978409957,65.417730505461,0.));
#4659 = CIRCLE('',#4660,0.101499873);
#4660 = AXIS2_PLACEMENT_3D('',#4661,#4662,#4663);
#4661 = CARTESIAN_POINT('',(19.204978409957,65.316230632461,0.));
#4662 = DIRECTION('',(0.,0.,-1.));
#4663 = DIRECTION('',(-0.316227766016,0.948683298051,0.));
#4664 = ORIENTED_EDGE('',*,*,#4665,.T.);
#4665 = EDGE_CURVE('',#4657,#4666,#4668,.T.);
#4666 = VERTEX_POINT('',#4667);
#4667 = CARTESIAN_POINT('',(19.304038608077,65.417730505461,0.));
#4668 = LINE('',#4669,#4670);
#4669 = CARTESIAN_POINT('',(19.204978409957,65.417730505461,0.));
#4670 = VECTOR('',#4671,1.);
#4671 = DIRECTION('',(1.,0.,0.));
#4672 = ORIENTED_EDGE('',*,*,#4673,.T.);
#4673 = EDGE_CURVE('',#4666,#4674,#4676,.T.);
#4674 = VERTEX_POINT('',#4675);
#4675 = CARTESIAN_POINT('',(19.337126621033,65.412185870034,0.));
#4676 = CIRCLE('',#4677,0.101499873);
#4677 = AXIS2_PLACEMENT_3D('',#4678,#4679,#4680);
#4678 = CARTESIAN_POINT('',(19.304038608077,65.316230632461,0.));
#4679 = DIRECTION('',(0.,0.,-1.));
#4680 = DIRECTION('',(-1.237856087775E-13,1.,0.));
#4681 = ORIENTED_EDGE('',*,*,#4682,.T.);
#4682 = EDGE_CURVE('',#4674,#4683,#4685,.T.);
#4683 = VERTEX_POINT('',#4684);
#4684 = CARTESIAN_POINT('',(19.410786768354,65.386785819234,0.));
#4685 = LINE('',#4686,#4687);
#4686 = CARTESIAN_POINT('',(19.337126621033,65.412185870034,0.));
#4687 = VECTOR('',#4688,1.);
#4688 = DIRECTION('',(0.945372981626,-0.325990683319,0.));
#4689 = ORIENTED_EDGE('',*,*,#4690,.T.);
#4690 = EDGE_CURVE('',#4683,#4691,#4693,.T.);
#4691 = VERTEX_POINT('',#4692);
#4692 = CARTESIAN_POINT('',(19.449470003885,65.362601830149,0.));
#4693 = CIRCLE('',#4694,0.101499873);
#4694 = AXIS2_PLACEMENT_3D('',#4695,#4696,#4697);
#4695 = CARTESIAN_POINT('',(19.377698755398,65.290830581661,0.));
#4696 = DIRECTION('',(0.,0.,-1.));
#4697 = DIRECTION('',(0.325990683319,0.945372981626,0.));
#4698 = ORIENTED_EDGE('',*,*,#4699,.T.);
#4699 = EDGE_CURVE('',#4691,#4700,#4702,.T.);
#4700 = VERTEX_POINT('',#4701);
#4701 = CARTESIAN_POINT('',(19.500270105485,65.311801728549,0.));
#4702 = LINE('',#4703,#4704);
#4703 = CARTESIAN_POINT('',(19.449470003885,65.362601830149,0.));
#4704 = VECTOR('',#4705,1.);
#4705 = DIRECTION('',(0.707106781187,-0.707106781187,0.));
#4706 = ORIENTED_EDGE('',*,*,#4707,.T.);
#4707 = EDGE_CURVE('',#4700,#4708,#4710,.T.);
#4708 = VERTEX_POINT('',#4709);
#4709 = CARTESIAN_POINT('',(19.529998729997,65.240030480061,0.));
#4710 = CIRCLE('',#4711,0.101499873);
#4711 = AXIS2_PLACEMENT_3D('',#4712,#4713,#4714);
#4712 = CARTESIAN_POINT('',(19.428498856998,65.240030480061,0.));
#4713 = DIRECTION('',(0.,0.,-1.));
#4714 = DIRECTION('',(0.707106781186,0.707106781187,0.));
#4715 = ORIENTED_EDGE('',*,*,#4716,.T.);
#4716 = EDGE_CURVE('',#4708,#4717,#4719,.T.);
#4717 = VERTEX_POINT('',#4718);
#4718 = CARTESIAN_POINT('',(19.529998729997,65.189230378461,0.));
#4719 = LINE('',#4720,#4721);
#4720 = CARTESIAN_POINT('',(19.529998729997,65.240030480061,0.));
#4721 = VECTOR('',#4722,1.);
#4722 = DIRECTION('',(0.,-1.,0.));
#4723 = ORIENTED_EDGE('',*,*,#4724,.T.);
#4724 = EDGE_CURVE('',#4717,#4725,#4727,.T.);
#4725 = VERTEX_POINT('',#4726);
#4726 = CARTESIAN_POINT('',(19.525380141806,65.15896090749,0.));
#4727 = CIRCLE('',#4728,0.101499873);
#4728 = AXIS2_PLACEMENT_3D('',#4729,#4730,#4731);
#4729 = CARTESIAN_POINT('',(19.428498856998,65.189230378461,0.));
#4730 = DIRECTION('',(0.,0.,-1.));
#4731 = DIRECTION('',(1.,1.331360753384E-15,0.));
#4732 = ORIENTED_EDGE('',*,*,#4733,.T.);
#4733 = EDGE_CURVE('',#4725,#4734,#4736,.T.);
#4734 = VERTEX_POINT('',#4735);
#4735 = CARTESIAN_POINT('',(19.360184274028,64.99343817813,0.));
#4736 = CIRCLE('',#4737,0.252443030817);
#4737 = AXIS2_PLACEMENT_3D('',#4738,#4739,#4740);
#4738 = CARTESIAN_POINT('',(19.284424124388,65.23424491295,0.));
#4739 = DIRECTION('',(0.,0.,-1.));
#4740 = DIRECTION('',(0.95449661113,-0.298221762019,0.));
#4741 = ORIENTED_EDGE('',*,*,#4742,.T.);
#4742 = EDGE_CURVE('',#4734,#4743,#4745,.T.);
#4743 = VERTEX_POINT('',#4744);
#4744 = CARTESIAN_POINT('',(19.21805296353,64.947667078139,0.));
#4745 = LINE('',#4746,#4747);
#4746 = CARTESIAN_POINT('',(19.360184274028,64.99343817813,0.));
#4747 = VECTOR('',#4748,1.);
#4748 = DIRECTION('',(-0.951860557857,-0.306531366089,0.));
#4749 = ORIENTED_EDGE('',*,*,#4750,.T.);
#4750 = EDGE_CURVE('',#4743,#4751,#4753,.T.);
#4751 = VERTEX_POINT('',#4752);
#4752 = CARTESIAN_POINT('',(19.189544478933,64.933412835841,0.));
#4753 = LINE('',#4754,#4755);
#4754 = CARTESIAN_POINT('',(19.21805296353,64.947667078139,0.));
#4755 = VECTOR('',#4756,1.);
#4756 = DIRECTION('',(-0.894427191,-0.4472135955,0.));
#4757 = ORIENTED_EDGE('',*,*,#4758,.T.);
#4758 = EDGE_CURVE('',#4751,#4759,#4761,.T.);
#4759 = VERTEX_POINT('',#4760);
#4760 = CARTESIAN_POINT('',(19.182018034036,64.92170144649,0.));
#4761 = CIRCLE('',#4762,6.808864124949E-02);
#4762 = AXIS2_PLACEMENT_3D('',#4763,#4764,#4765);
#4763 = CARTESIAN_POINT('',(19.2427609855,64.890938531891,0.));
#4764 = DIRECTION('',(0.,0.,1.));
#4765 = DIRECTION('',(-0.781576862016,0.623808952133,0.));
#4766 = ORIENTED_EDGE('',*,*,#4767,.T.);
#4767 = EDGE_CURVE('',#4759,#4768,#4770,.T.);
#4768 = VERTEX_POINT('',#4769);
#4769 = CARTESIAN_POINT('',(19.182018034036,64.907176113512,0.));
#4770 = LINE('',#4771,#4772);
#4771 = CARTESIAN_POINT('',(19.182018034036,64.92170144649,0.));
#4772 = VECTOR('',#4773,1.);
#4773 = DIRECTION('',(0.,-1.,0.));
#4774 = ORIENTED_EDGE('',*,*,#4775,.T.);
#4775 = EDGE_CURVE('',#4768,#4776,#4778,.T.);
#4776 = VERTEX_POINT('',#4777);
#4777 = CARTESIAN_POINT('',(19.187306756839,64.901609036878,0.));
#4778 = LINE('',#4779,#4780);
#4779 = CARTESIAN_POINT('',(19.182018034036,64.907176113512,0.));
#4780 = VECTOR('',#4781,1.);
#4781 = DIRECTION('',(0.688749461915,-0.724999433594,0.));
#4782 = ORIENTED_EDGE('',*,*,#4783,.T.);
#4783 = EDGE_CURVE('',#4776,#4784,#4786,.T.);
#4784 = VERTEX_POINT('',#4785);
#4785 = CARTESIAN_POINT('',(19.320324665942,64.90201803922,0.));
#4786 = CIRCLE('',#4787,0.199156296783);
#4787 = AXIS2_PLACEMENT_3D('',#4788,#4789,#4790);
#4788 = CARTESIAN_POINT('',(19.253238506477,65.08953517912,0.));
#4789 = DIRECTION('',(0.,0.,1.));
#4790 = DIRECTION('',(-0.331055310344,-0.943611350871,0.));
#4791 = ORIENTED_EDGE('',*,*,#4792,.T.);
#4792 = EDGE_CURVE('',#4784,#4793,#4795,.T.);
#4793 = VERTEX_POINT('',#4794);
#4794 = CARTESIAN_POINT('',(19.35672760851,64.938420981787,0.));
#4795 = LINE('',#4796,#4797);
#4796 = CARTESIAN_POINT('',(19.320324665942,64.90201803922,0.));
#4797 = VECTOR('',#4798,1.);
#4798 = DIRECTION('',(0.707106781186,0.707106781187,0.));
#4799 = ORIENTED_EDGE('',*,*,#4800,.T.);
#4800 = EDGE_CURVE('',#4793,#4801,#4803,.T.);
#4801 = VERTEX_POINT('',#4802);
#4802 = CARTESIAN_POINT('',(19.500270105485,64.794878484812,0.));
#4803 = CIRCLE('',#4804,0.101499873);
#4804 = AXIS2_PLACEMENT_3D('',#4805,#4806,#4807);
#4805 = CARTESIAN_POINT('',(19.428498856998,64.866649733299,0.));
#4806 = DIRECTION('',(0.,0.,-1.));
#4807 = DIRECTION('',(-0.707106781187,0.707106781187,0.));
#4808 = ORIENTED_EDGE('',*,*,#4809,.T.);
#4809 = EDGE_CURVE('',#4801,#4810,#4812,.T.);
#4810 = VERTEX_POINT('',#4811);
#4811 = CARTESIAN_POINT('',(19.449470003885,64.744078383212,0.));
#4812 = LINE('',#4813,#4814);
#4813 = CARTESIAN_POINT('',(19.500270105485,64.794878484812,0.));
#4814 = VECTOR('',#4815,1.);
#4815 = DIRECTION('',(-0.707106781187,-0.707106781187,0.));
#4816 = ORIENTED_EDGE('',*,*,#4817,.T.);
#4817 = EDGE_CURVE('',#4810,#4818,#4820,.T.);
#4818 = VERTEX_POINT('',#4819);
#4819 = CARTESIAN_POINT('',(19.419715852429,64.723454892802,0.));
#4820 = CIRCLE('',#4821,0.101499873);
#4821 = AXIS2_PLACEMENT_3D('',#4822,#4823,#4824);
#4822 = CARTESIAN_POINT('',(19.377698755398,64.815849631699,0.));
#4823 = DIRECTION('',(0.,0.,-1.));
#4824 = DIRECTION('',(0.707106781187,-0.707106781187,0.));
#4825 = ORIENTED_EDGE('',*,*,#4826,.T.);
#4826 = EDGE_CURVE('',#4818,#4827,#4829,.T.);
#4827 = VERTEX_POINT('',#4828);
#4828 = CARTESIAN_POINT('',(19.086761160525,64.723454892801,0.));
#4829 = CIRCLE('',#4830,0.402156042782);
#4830 = AXIS2_PLACEMENT_3D('',#4831,#4832,#4833);
#4831 = CARTESIAN_POINT('',(19.253238506477,65.08953517912,0.));
#4832 = DIRECTION('',(0.,0.,-1.));
#4833 = DIRECTION('',(0.413962065074,-0.910294133058,0.));
#4834 = ORIENTED_EDGE('',*,*,#4835,.T.);
#4835 = EDGE_CURVE('',#4827,#4836,#4838,.T.);
#4836 = VERTEX_POINT('',#4837);
#4837 = CARTESIAN_POINT('',(19.055190907122,64.745941648786,0.));
#4838 = CIRCLE('',#4839,0.101499873);
#4839 = AXIS2_PLACEMENT_3D('',#4840,#4841,#4842);
#4840 = CARTESIAN_POINT('',(19.128778257557,64.815849631699,0.));
#4841 = DIRECTION('',(0.,0.,-1.));
#4842 = DIRECTION('',(-0.413962065075,-0.910294133058,-0.));
#4843 = ORIENTED_EDGE('',*,*,#4844,.T.);
#4844 = EDGE_CURVE('',#4836,#4845,#4847,.T.);
#4845 = VERTEX_POINT('',#4846);
#4846 = CARTESIAN_POINT('',(19.006930810602,64.796741750387,0.));
#4847 = LINE('',#4848,#4849);
#4848 = CARTESIAN_POINT('',(19.055190907122,64.745941648786,0.));
#4849 = VECTOR('',#4850,1.);
#4850 = DIRECTION('',(-0.688749461915,0.724999433594,0.));
#4851 = ORIENTED_EDGE('',*,*,#4852,.T.);
#4852 = EDGE_CURVE('',#4845,#4853,#4855,.T.);
#4853 = VERTEX_POINT('',#4854);
#4854 = CARTESIAN_POINT('',(18.979018288037,64.866649733299,0.));
#4855 = CIRCLE('',#4856,0.101499873);
#4856 = AXIS2_PLACEMENT_3D('',#4857,#4858,#4859);
#4857 = CARTESIAN_POINT('',(19.080518161036,64.866649733299,0.));
#4858 = DIRECTION('',(0.,0.,-1.));
#4859 = DIRECTION('',(-0.724999433594,-0.688749461915,-0.));
#4860 = ORIENTED_EDGE('',*,*,#4861,.T.);
#4861 = EDGE_CURVE('',#4853,#4862,#4864,.T.);
#4862 = VERTEX_POINT('',#4863);
#4863 = CARTESIAN_POINT('',(18.979018288037,64.94030988062,0.));
#4864 = LINE('',#4865,#4866);
#4865 = CARTESIAN_POINT('',(18.979018288037,64.866649733299,0.));
#4866 = VECTOR('',#4867,1.);
#4867 = DIRECTION('',(9.646230174786E-14,1.,0.));
#4868 = ORIENTED_EDGE('',*,*,#4869,.T.);
#4869 = EDGE_CURVE('',#4862,#4870,#4872,.T.);
#4870 = VERTEX_POINT('',#4871);
#4871 = CARTESIAN_POINT('',(18.983414733065,64.969858966818,0.));
#4872 = CIRCLE('',#4873,0.101499873);
#4873 = AXIS2_PLACEMENT_3D('',#4874,#4875,#4876);
#4874 = CARTESIAN_POINT('',(19.080518161036,64.94030988062,0.));
#4875 = DIRECTION('',(0.,0.,-1.));
#4876 = DIRECTION('',(-1.,-3.301997411133E-13,-0.));
#4877 = ORIENTED_EDGE('',*,*,#4878,.T.);
#4878 = EDGE_CURVE('',#4870,#4879,#4881,.T.);
#4879 = VERTEX_POINT('',#4880);
#4880 = CARTESIAN_POINT('',(19.060558823819,65.091665425904,0.));
#4881 = CIRCLE('',#4882,0.271088387249);
#4882 = AXIS2_PLACEMENT_3D('',#4883,#4884,#4885);
#4883 = CARTESIAN_POINT('',(19.2427609855,64.890938531891,0.));
#4884 = DIRECTION('',(0.,0.,-1.));
#4885 = DIRECTION('',(-0.95668521646,0.291124366219,0.));
#4886 = ORIENTED_EDGE('',*,*,#4887,.T.);
#4887 = EDGE_CURVE('',#4879,#4546,#4888,.T.);
#4888 = CIRCLE('',#4889,0.101499873);
#4889 = AXIS2_PLACEMENT_3D('',#4890,#4891,#4892);
#4890 = CARTESIAN_POINT('',(19.128778257557,65.01651003302,0.));
#4891 = DIRECTION('',(0.,0.,-1.));
#4892 = DIRECTION('',(-0.672113488629,0.740448147005,0.));
#4893 = PLANE('',#4894);
#4894 = AXIS2_PLACEMENT_3D('',#4895,#4896,#4897);
#4895 = CARTESIAN_POINT('',(19.251514223509,65.055245053521,0.));
#4896 = DIRECTION('',(-0.,-0.,-1.));
#4897 = DIRECTION('',(-1.,0.,0.));
#4898 = SHELL_BASED_SURFACE_MODEL('',(#4899));
#4899 = OPEN_SHELL('',(#4900));
#4900 = ADVANCED_FACE('',(#4901),#4937,.T.);
#4901 = FACE_BOUND('',#4902,.T.);
#4902 = EDGE_LOOP('',(#4903,#4914,#4922,#4931));
#4903 = ORIENTED_EDGE('',*,*,#4904,.T.);
#4904 = EDGE_CURVE('',#4905,#4907,#4909,.T.);
#4905 = VERTEX_POINT('',#4906);
#4906 = CARTESIAN_POINT('',(19.852579375159,64.792989585979,0.));
#4907 = VERTEX_POINT('',#4908);
#4908 = CARTESIAN_POINT('',(19.649579629159,64.792989585979,0.));
#4909 = CIRCLE('',#4910,0.101499873);
#4910 = AXIS2_PLACEMENT_3D('',#4911,#4912,#4913);
#4911 = CARTESIAN_POINT('',(19.751079502159,64.792989585979,0.));
#4912 = DIRECTION('',(-0.,0.,-1.));
#4913 = DIRECTION('',(1.,-1.110223024625E-16,-0.));
#4914 = ORIENTED_EDGE('',*,*,#4915,.T.);
#4915 = EDGE_CURVE('',#4907,#4916,#4918,.T.);
#4916 = VERTEX_POINT('',#4917);
#4917 = CARTESIAN_POINT('',(19.649579629159,65.316230632461,0.));
#4918 = LINE('',#4919,#4920);
#4919 = CARTESIAN_POINT('',(19.649579629159,64.792989585979,0.));
#4920 = VECTOR('',#4921,1.);
#4921 = DIRECTION('',(0.,1.,0.));
#4922 = ORIENTED_EDGE('',*,*,#4923,.T.);
#4923 = EDGE_CURVE('',#4916,#4924,#4926,.T.);
#4924 = VERTEX_POINT('',#4925);
#4925 = CARTESIAN_POINT('',(19.852579375159,65.316230632461,0.));
#4926 = CIRCLE('',#4927,0.101499873);
#4927 = AXIS2_PLACEMENT_3D('',#4928,#4929,#4930);
#4928 = CARTESIAN_POINT('',(19.751079502159,65.316230632461,0.));
#4929 = DIRECTION('',(0.,0.,-1.));
#4930 = DIRECTION('',(-1.,1.110223024625E-16,0.));
#4931 = ORIENTED_EDGE('',*,*,#4932,.T.);
#4932 = EDGE_CURVE('',#4924,#4905,#4933,.T.);
#4933 = LINE('',#4934,#4935);
#4934 = CARTESIAN_POINT('',(19.852579375159,65.316230632461,0.));
#4935 = VECTOR('',#4936,1.);
#4936 = DIRECTION('',(0.,-1.,0.));
#4937 = PLANE('',#4938);
#4938 = AXIS2_PLACEMENT_3D('',#4939,#4940,#4941);
#4939 = CARTESIAN_POINT('',(19.751079502159,65.05461010922,0.));
#4940 = DIRECTION('',(-0.,-0.,-1.));
#4941 = DIRECTION('',(-1.,0.,0.));
#4942 = SHELL_BASED_SURFACE_MODEL('',(#4943));
#4943 = OPEN_SHELL('',(#4944));
#4944 = ADVANCED_FACE('',(#4945),#5040,.T.);
#4945 = FACE_BOUND('',#4946,.T.);
#4946 = EDGE_LOOP('',(#4947,#4957,#4966,#4974,#4983,#4991,#4999,#5008,
    #5016,#5025,#5033));
#4947 = ORIENTED_EDGE('',*,*,#4948,.T.);
#4948 = EDGE_CURVE('',#4949,#4951,#4953,.T.);
#4949 = VERTEX_POINT('',#4950);
#4950 = CARTESIAN_POINT('',(20.179550562532,64.756645756355,0.));
#4951 = VERTEX_POINT('',#4952);
#4952 = CARTESIAN_POINT('',(20.173208699075,64.773182767393,0.));
#4953 = LINE('',#4954,#4955);
#4954 = CARTESIAN_POINT('',(20.179550562532,64.756645756355,0.));
#4955 = VECTOR('',#4956,1.);
#4956 = DIRECTION('',(-0.358067734968,0.9336956127,0.));
#4957 = ORIENTED_EDGE('',*,*,#4958,.T.);
#4958 = EDGE_CURVE('',#4951,#4959,#4961,.T.);
#4959 = VERTEX_POINT('',#4960);
#4960 = CARTESIAN_POINT('',(19.972160274321,64.792989585979,0.));
#4961 = CIRCLE('',#4962,0.101499873);
#4962 = AXIS2_PLACEMENT_3D('',#4963,#4964,#4965);
#4963 = CARTESIAN_POINT('',(20.07366014732,64.792989585979,0.));
#4964 = DIRECTION('',(-0.,0.,-1.));
#4965 = DIRECTION('',(0.980775136093,-0.195141313979,-0.));
#4966 = ORIENTED_EDGE('',*,*,#4967,.T.);
#4967 = EDGE_CURVE('',#4959,#4968,#4970,.T.);
#4968 = VERTEX_POINT('',#4969);
#4969 = CARTESIAN_POINT('',(19.972160274321,65.316230632461,0.));
#4970 = LINE('',#4971,#4972);
#4971 = CARTESIAN_POINT('',(19.972160274321,64.792989585979,0.));
#4972 = VECTOR('',#4973,1.);
#4973 = DIRECTION('',(0.,1.,0.));
#4974 = ORIENTED_EDGE('',*,*,#4975,.T.);
#4975 = EDGE_CURVE('',#4968,#4976,#4978,.T.);
#4976 = VERTEX_POINT('',#4977);
#4977 = CARTESIAN_POINT('',(20.16843013343,65.352574462086,0.));
#4978 = CIRCLE('',#4979,0.101499873);
#4979 = AXIS2_PLACEMENT_3D('',#4980,#4981,#4982);
#4980 = CARTESIAN_POINT('',(20.07366014732,65.316230632461,0.));
#4981 = DIRECTION('',(0.,0.,-1.));
#4982 = DIRECTION('',(-1.,-2.721933161054E-14,-0.));
#4983 = ORIENTED_EDGE('',*,*,#4984,.T.);
#4984 = EDGE_CURVE('',#4976,#4985,#4987,.T.);
#4985 = VERTEX_POINT('',#4986);
#4986 = CARTESIAN_POINT('',(20.273716427533,65.078030454677,0.));
#4987 = LINE('',#4988,#4989);
#4988 = CARTESIAN_POINT('',(20.16843013343,65.352574462086,0.));
#4989 = VECTOR('',#4990,1.);
#4990 = DIRECTION('',(0.358067734967,-0.9336956127,0.));
#4991 = ORIENTED_EDGE('',*,*,#4992,.T.);
#4992 = EDGE_CURVE('',#4985,#4993,#4995,.T.);
#4993 = VERTEX_POINT('',#4994);
#4994 = CARTESIAN_POINT('',(20.377517755237,65.352172422715,0.));
#4995 = LINE('',#4996,#4997);
#4996 = CARTESIAN_POINT('',(20.273716427533,65.078030454677,0.));
#4997 = VECTOR('',#4998,1.);
#4998 = DIRECTION('',(0.35410675099,0.935205009024,0.));
#4999 = ORIENTED_EDGE('',*,*,#5000,.T.);
#5000 = EDGE_CURVE('',#4993,#5001,#5003,.T.);
#5001 = VERTEX_POINT('',#5002);
#5002 = CARTESIAN_POINT('',(20.573940817882,65.316230632461,0.));
#5003 = CIRCLE('',#5004,0.101499873);
#5004 = AXIS2_PLACEMENT_3D('',#5005,#5006,#5007);
#5005 = CARTESIAN_POINT('',(20.472440944882,65.316230632461,0.));
#5006 = DIRECTION('',(0.,0.,-1.));
#5007 = DIRECTION('',(-0.935205009024,0.35410675099,0.));
#5008 = ORIENTED_EDGE('',*,*,#5009,.T.);
#5009 = EDGE_CURVE('',#5001,#5010,#5012,.T.);
#5010 = VERTEX_POINT('',#5011);
#5011 = CARTESIAN_POINT('',(20.573940817882,64.792989585979,0.));
#5012 = LINE('',#5013,#5014);
#5013 = CARTESIAN_POINT('',(20.573940817882,65.316230632461,0.));
#5014 = VECTOR('',#5015,1.);
#5015 = DIRECTION('',(0.,-1.,0.));
#5016 = ORIENTED_EDGE('',*,*,#5017,.T.);
#5017 = EDGE_CURVE('',#5010,#5018,#5020,.T.);
#5018 = VERTEX_POINT('',#5019);
#5019 = CARTESIAN_POINT('',(20.373798245529,64.769076366136,0.));
#5020 = CIRCLE('',#5021,0.101499873);
#5021 = AXIS2_PLACEMENT_3D('',#5022,#5023,#5024);
#5022 = CARTESIAN_POINT('',(20.472440944882,64.792989585979,0.));
#5023 = DIRECTION('',(0.,0.,-1.));
#5024 = DIRECTION('',(1.,2.020741973801E-14,0.));
#5025 = ORIENTED_EDGE('',*,*,#5026,.T.);
#5026 = EDGE_CURVE('',#5018,#5027,#5029,.T.);
#5027 = VERTEX_POINT('',#5028);
#5028 = CARTESIAN_POINT('',(20.369243738286,64.757047795725,0.));
#5029 = LINE('',#5030,#5031);
#5030 = CARTESIAN_POINT('',(20.373798245529,64.769076366136,0.));
#5031 = VECTOR('',#5032,1.);
#5032 = DIRECTION('',(-0.354106750991,-0.935205009024,0.));
#5033 = ORIENTED_EDGE('',*,*,#5034,.T.);
#5034 = EDGE_CURVE('',#5027,#4949,#5035,.T.);
#5035 = CIRCLE('',#5036,0.101499873);
#5036 = AXIS2_PLACEMENT_3D('',#5037,#5038,#5039);
#5037 = CARTESIAN_POINT('',(20.274320548641,64.792989585979,0.));
#5038 = DIRECTION('',(0.,0.,-1.));
#5039 = DIRECTION('',(0.935205009024,-0.35410675099,0.));
#5040 = PLANE('',#5041);
#5041 = AXIS2_PLACEMENT_3D('',#5042,#5043,#5044);
#5042 = CARTESIAN_POINT('',(20.272949140629,65.053970498389,0.));
#5043 = DIRECTION('',(-0.,-0.,-1.));
#5044 = DIRECTION('',(-1.,0.,0.));
#5045 = SHELL_BASED_SURFACE_MODEL('',(#5046));
#5046 = OPEN_SHELL('',(#5047));
#5047 = ADVANCED_FACE('',(#5048,#5222),#5306,.T.);
#5048 = FACE_BOUND('',#5049,.T.);
#5049 = EDGE_LOOP('',(#5050,#5061,#5070,#5078,#5087,#5095,#5104,#5112,
    #5121,#5129,#5138,#5146,#5155,#5163,#5172,#5180,#5189,#5198,#5207,
    #5215));
#5050 = ORIENTED_EDGE('',*,*,#5051,.T.);
#5051 = EDGE_CURVE('',#5052,#5054,#5056,.T.);
#5052 = VERTEX_POINT('',#5053);
#5053 = CARTESIAN_POINT('',(24.121376552033,65.143533623423,0.));
#5054 = VERTEX_POINT('',#5055);
#5055 = CARTESIAN_POINT('',(24.176290908207,65.285154857766,0.));
#5056 = CIRCLE('',#5057,0.837628897503);
#5057 = AXIS2_PLACEMENT_3D('',#5058,#5059,#5060);
#5058 = CARTESIAN_POINT('',(24.926589689429,64.91276539923,0.));
#5059 = DIRECTION('',(0.,0.,-1.));
#5060 = DIRECTION('',(-0.961300570929,0.275501746514,0.));
#5061 = ORIENTED_EDGE('',*,*,#5062,.T.);
#5062 = EDGE_CURVE('',#5054,#5063,#5065,.T.);
#5063 = VERTEX_POINT('',#5064);
#5064 = CARTESIAN_POINT('',(24.195437285929,65.311801728549,0.));
#5065 = CIRCLE('',#5066,0.101499873);
#5066 = AXIS2_PLACEMENT_3D('',#5067,#5068,#5069);
#5067 = CARTESIAN_POINT('',(24.267208534417,65.240030480061,0.));
#5068 = DIRECTION('',(0.,0.,-1.));
#5069 = DIRECTION('',(-0.895741280487,0.444575706075,0.));
#5070 = ORIENTED_EDGE('',*,*,#5071,.T.);
#5071 = EDGE_CURVE('',#5063,#5072,#5074,.T.);
#5072 = VERTEX_POINT('',#5073);
#5073 = CARTESIAN_POINT('',(24.24623738753,65.362601830149,0.));
#5074 = LINE('',#5075,#5076);
#5075 = CARTESIAN_POINT('',(24.195437285929,65.311801728549,0.));
#5076 = VECTOR('',#5077,1.);
#5077 = DIRECTION('',(0.707106781187,0.707106781187,0.));
#5078 = ORIENTED_EDGE('',*,*,#5079,.T.);
#5079 = EDGE_CURVE('',#5072,#5080,#5082,.T.);
#5080 = VERTEX_POINT('',#5081);
#5081 = CARTESIAN_POINT('',(24.284920623061,65.386785819234,0.));
#5082 = CIRCLE('',#5083,0.101499873);
#5083 = AXIS2_PLACEMENT_3D('',#5084,#5085,#5086);
#5084 = CARTESIAN_POINT('',(24.318008636017,65.290830581661,0.));
#5085 = DIRECTION('',(0.,0.,-1.));
#5086 = DIRECTION('',(-0.707106781187,0.707106781187,0.));
#5087 = ORIENTED_EDGE('',*,*,#5088,.T.);
#5088 = EDGE_CURVE('',#5080,#5089,#5091,.T.);
#5089 = VERTEX_POINT('',#5090);
#5090 = CARTESIAN_POINT('',(24.358580770382,65.412185870034,0.));
#5091 = LINE('',#5092,#5093);
#5092 = CARTESIAN_POINT('',(24.284920623061,65.386785819234,0.));
#5093 = VECTOR('',#5094,1.);
#5094 = DIRECTION('',(0.945372981626,0.32599068332,0.));
#5095 = ORIENTED_EDGE('',*,*,#5096,.T.);
#5096 = EDGE_CURVE('',#5089,#5097,#5099,.T.);
#5097 = VERTEX_POINT('',#5098);
#5098 = CARTESIAN_POINT('',(24.391668783338,65.417730505461,0.));
#5099 = CIRCLE('',#5100,0.101499873);
#5100 = AXIS2_PLACEMENT_3D('',#5101,#5102,#5103);
#5101 = CARTESIAN_POINT('',(24.391668783338,65.316230632461,0.));
#5102 = DIRECTION('',(0.,0.,-1.));
#5103 = DIRECTION('',(-0.325990683319,0.945372981626,0.));
#5104 = ORIENTED_EDGE('',*,*,#5105,.T.);
#5105 = EDGE_CURVE('',#5097,#5106,#5108,.T.);
#5106 = VERTEX_POINT('',#5107);
#5107 = CARTESIAN_POINT('',(24.566929133858,65.417730505461,0.));
#5108 = LINE('',#5109,#5110);
#5109 = CARTESIAN_POINT('',(24.391668783338,65.417730505461,0.));
#5110 = VECTOR('',#5111,1.);
#5111 = DIRECTION('',(1.,-8.108425364312E-14,0.));
#5112 = ORIENTED_EDGE('',*,*,#5113,.T.);
#5113 = EDGE_CURVE('',#5106,#5114,#5116,.T.);
#5114 = VERTEX_POINT('',#5115);
#5115 = CARTESIAN_POINT('',(24.668429006858,65.316230632461,0.));
#5116 = CIRCLE('',#5117,0.101499873);
#5117 = AXIS2_PLACEMENT_3D('',#5118,#5119,#5120);
#5118 = CARTESIAN_POINT('',(24.566929133858,65.316230632461,0.));
#5119 = DIRECTION('',(0.,0.,-1.));
#5120 = DIRECTION('',(-4.940383314503E-14,1.,0.));
#5121 = ORIENTED_EDGE('',*,*,#5122,.T.);
#5122 = EDGE_CURVE('',#5114,#5123,#5125,.T.);
#5123 = VERTEX_POINT('',#5124);
#5124 = CARTESIAN_POINT('',(24.668429006858,64.792989585979,0.));
#5125 = LINE('',#5126,#5127);
#5126 = CARTESIAN_POINT('',(24.668429006858,65.316230632461,0.));
#5127 = VECTOR('',#5128,1.);
#5128 = DIRECTION('',(1.357964442081E-14,-1.,0.));
#5129 = ORIENTED_EDGE('',*,*,#5130,.T.);
#5130 = EDGE_CURVE('',#5123,#5131,#5133,.T.);
#5131 = VERTEX_POINT('',#5132);
#5132 = CARTESIAN_POINT('',(24.566929133858,64.691489712979,0.));
#5133 = CIRCLE('',#5134,0.101499873);
#5134 = AXIS2_PLACEMENT_3D('',#5135,#5136,#5137);
#5135 = CARTESIAN_POINT('',(24.566929133858,64.792989585979,0.));
#5136 = DIRECTION('',(0.,0.,-1.));
#5137 = DIRECTION('',(1.,-9.668069108616E-17,0.));
#5138 = ORIENTED_EDGE('',*,*,#5139,.T.);
#5139 = EDGE_CURVE('',#5131,#5140,#5142,.T.);
#5140 = VERTEX_POINT('',#5141);
#5141 = CARTESIAN_POINT('',(24.391668783338,64.691489712979,0.));
#5142 = LINE('',#5143,#5144);
#5143 = CARTESIAN_POINT('',(24.566929133858,64.691489712979,0.));
#5144 = VECTOR('',#5145,1.);
#5145 = DIRECTION('',(-1.,8.108425364312E-14,0.));
#5146 = ORIENTED_EDGE('',*,*,#5147,.T.);
#5147 = EDGE_CURVE('',#5140,#5148,#5150,.T.);
#5148 = VERTEX_POINT('',#5149);
#5149 = CARTESIAN_POINT('',(24.361584300671,64.696050697386,0.));
#5150 = CIRCLE('',#5151,0.101499873);
#5151 = AXIS2_PLACEMENT_3D('',#5152,#5153,#5154);
#5152 = CARTESIAN_POINT('',(24.391668783338,64.792989585979,0.));
#5153 = DIRECTION('',(0.,0.,-1.));
#5154 = DIRECTION('',(-2.893271982051E-14,-1.,-0.));
#5155 = ORIENTED_EDGE('',*,*,#5156,.T.);
#5156 = EDGE_CURVE('',#5148,#5157,#5159,.T.);
#5157 = VERTEX_POINT('',#5158);
#5158 = CARTESIAN_POINT('',(24.28792415335,64.718910743106,0.));
#5159 = LINE('',#5160,#5161);
#5160 = CARTESIAN_POINT('',(24.361584300671,64.696050697386,0.));
#5161 = VECTOR('',#5162,1.);
#5162 = DIRECTION('',(-0.955064136811,0.296399214872,0.));
#5163 = ORIENTED_EDGE('',*,*,#5164,.T.);
#5164 = EDGE_CURVE('',#5157,#5165,#5167,.T.);
#5165 = VERTEX_POINT('',#5166);
#5166 = CARTESIAN_POINT('',(24.24623738753,64.744078383212,0.));
#5167 = CIRCLE('',#5168,0.101499873);
#5168 = AXIS2_PLACEMENT_3D('',#5169,#5170,#5171);
#5169 = CARTESIAN_POINT('',(24.318008636017,64.815849631699,0.));
#5170 = DIRECTION('',(0.,0.,-1.));
#5171 = DIRECTION('',(-0.296399214873,-0.955064136811,-0.));
#5172 = ORIENTED_EDGE('',*,*,#5173,.T.);
#5173 = EDGE_CURVE('',#5165,#5174,#5176,.T.);
#5174 = VERTEX_POINT('',#5175);
#5175 = CARTESIAN_POINT('',(24.195437285929,64.794878484812,0.));
#5176 = LINE('',#5177,#5178);
#5177 = CARTESIAN_POINT('',(24.24623738753,64.744078383212,0.));
#5178 = VECTOR('',#5179,1.);
#5179 = DIRECTION('',(-0.707106781187,0.707106781187,0.));
#5180 = ORIENTED_EDGE('',*,*,#5181,.T.);
#5181 = EDGE_CURVE('',#5174,#5182,#5184,.T.);
#5182 = VERTEX_POINT('',#5183);
#5183 = CARTESIAN_POINT('',(24.176290908211,64.821525355587,0.));
#5184 = CIRCLE('',#5185,0.101499873);
#5185 = AXIS2_PLACEMENT_3D('',#5186,#5187,#5188);
#5186 = CARTESIAN_POINT('',(24.267208534417,64.866649733299,0.));
#5187 = DIRECTION('',(0.,0.,-1.));
#5188 = DIRECTION('',(-0.707106781187,-0.707106781187,-0.));
#5189 = ORIENTED_EDGE('',*,*,#5190,.T.);
#5190 = EDGE_CURVE('',#5182,#5191,#5193,.T.);
#5191 = VERTEX_POINT('',#5192);
#5192 = CARTESIAN_POINT('',(24.121376552031,64.963146589945,0.));
#5193 = CIRCLE('',#5194,0.837628896869);
#5194 = AXIS2_PLACEMENT_3D('',#5195,#5196,#5197);
#5195 = CARTESIAN_POINT('',(24.926589688836,65.1939148139,0.));
#5196 = DIRECTION('',(0.,0.,-1.));
#5197 = DIRECTION('',(-0.895741280452,-0.444575706145,-0.));
#5198 = ORIENTED_EDGE('',*,*,#5199,.T.);
#5199 = EDGE_CURVE('',#5191,#5200,#5202,.T.);
#5200 = VERTEX_POINT('',#5201);
#5201 = CARTESIAN_POINT('',(24.117448564897,64.99110998222,0.));
#5202 = CIRCLE('',#5203,0.101499873);
#5203 = AXIS2_PLACEMENT_3D('',#5204,#5205,#5206);
#5204 = CARTESIAN_POINT('',(24.218948437897,64.99110998222,0.));
#5205 = DIRECTION('',(0.,0.,-1.));
#5206 = DIRECTION('',(-0.96130057095,-0.275501746439,-0.));
#5207 = ORIENTED_EDGE('',*,*,#5208,.T.);
#5208 = EDGE_CURVE('',#5200,#5209,#5211,.T.);
#5209 = VERTEX_POINT('',#5210);
#5210 = CARTESIAN_POINT('',(24.117448564897,65.11557023114,0.));
#5211 = LINE('',#5212,#5213);
#5212 = CARTESIAN_POINT('',(24.117448564897,64.99110998222,0.));
#5213 = VECTOR('',#5214,1.);
#5214 = DIRECTION('',(0.,1.,0.));
#5215 = ORIENTED_EDGE('',*,*,#5216,.T.);
#5216 = EDGE_CURVE('',#5209,#5052,#5217,.T.);
#5217 = CIRCLE('',#5218,0.101499873);
#5218 = AXIS2_PLACEMENT_3D('',#5219,#5220,#5221);
#5219 = CARTESIAN_POINT('',(24.218948437897,65.11557023114,0.));
#5220 = DIRECTION('',(0.,0.,-1.));
#5221 = DIRECTION('',(-1.,1.30728146534E-13,0.));
#5222 = FACE_BOUND('',#5223,.T.);
#5223 = EDGE_LOOP('',(#5224,#5234,#5242,#5251,#5259,#5268,#5276,#5284,
    #5292,#5300));
#5224 = ORIENTED_EDGE('',*,*,#5225,.T.);
#5225 = EDGE_CURVE('',#5226,#5228,#5230,.T.);
#5226 = VERTEX_POINT('',#5227);
#5227 = CARTESIAN_POINT('',(24.408677353554,65.214730759462,0.));
#5228 = VERTEX_POINT('',#5229);
#5229 = CARTESIAN_POINT('',(24.373227077761,65.202506526429,0.));
#5230 = LINE('',#5231,#5232);
#5231 = CARTESIAN_POINT('',(24.408677353554,65.214730759462,0.));
#5232 = VECTOR('',#5233,1.);
#5233 = DIRECTION('',(-0.945372981626,-0.325990683319,0.));
#5234 = ORIENTED_EDGE('',*,*,#5235,.T.);
#5235 = EDGE_CURVE('',#5228,#5236,#5238,.T.);
#5236 = VERTEX_POINT('',#5237);
#5237 = CARTESIAN_POINT('',(24.351183663906,65.180463112574,0.));
#5238 = LINE('',#5239,#5240);
#5239 = CARTESIAN_POINT('',(24.373227077761,65.202506526429,0.));
#5240 = VECTOR('',#5241,1.);
#5241 = DIRECTION('',(-0.707106781187,-0.707106781186,0.));
#5242 = ORIENTED_EDGE('',*,*,#5243,.T.);
#5243 = EDGE_CURVE('',#5236,#5244,#5246,.T.);
#5244 = VERTEX_POINT('',#5245);
#5245 = CARTESIAN_POINT('',(24.320448310897,65.100772817086,0.));
#5246 = CIRCLE('',#5247,0.634629151503);
#5247 = AXIS2_PLACEMENT_3D('',#5248,#5249,#5250);
#5248 = CARTESIAN_POINT('',(24.926589689429,64.91276539923,0.));
#5249 = DIRECTION('',(0.,0.,1.));
#5250 = DIRECTION('',(-0.906680734977,0.42181754921,0.));
#5251 = ORIENTED_EDGE('',*,*,#5252,.T.);
#5252 = EDGE_CURVE('',#5244,#5253,#5255,.T.);
#5253 = VERTEX_POINT('',#5254);
#5254 = CARTESIAN_POINT('',(24.320448310897,65.00590739627,0.));
#5255 = LINE('',#5256,#5257);
#5256 = CARTESIAN_POINT('',(24.320448310897,65.100772817086,0.));
#5257 = VECTOR('',#5258,1.);
#5258 = DIRECTION('',(0.,-1.,0.));
#5259 = ORIENTED_EDGE('',*,*,#5260,.T.);
#5260 = EDGE_CURVE('',#5253,#5261,#5263,.T.);
#5261 = VERTEX_POINT('',#5262);
#5262 = CARTESIAN_POINT('',(24.351183663903,64.926217100789,0.));
#5263 = CIRCLE('',#5264,0.634629150869);
#5264 = AXIS2_PLACEMENT_3D('',#5265,#5266,#5267);
#5265 = CARTESIAN_POINT('',(24.926589688835,65.1939148139,0.));
#5266 = DIRECTION('',(0.,0.,1.));
#5267 = DIRECTION('',(-0.955111149729,-0.296247686342,0.));
#5268 = ORIENTED_EDGE('',*,*,#5269,.T.);
#5269 = EDGE_CURVE('',#5261,#5270,#5272,.T.);
#5270 = VERTEX_POINT('',#5271);
#5271 = CARTESIAN_POINT('',(24.372045850972,64.90535491372,0.));
#5272 = LINE('',#5273,#5274);
#5273 = CARTESIAN_POINT('',(24.351183663903,64.926217100789,0.));
#5274 = VECTOR('',#5275,1.);
#5275 = DIRECTION('',(0.707106781186,-0.707106781187,0.));
#5276 = ORIENTED_EDGE('',*,*,#5277,.T.);
#5277 = EDGE_CURVE('',#5270,#5278,#5280,.T.);
#5278 = VERTEX_POINT('',#5279);
#5279 = CARTESIAN_POINT('',(24.407056760694,64.894489458979,0.));
#5280 = LINE('',#5281,#5282);
#5281 = CARTESIAN_POINT('',(24.372045850972,64.90535491372,0.));
#5282 = VECTOR('',#5283,1.);
#5283 = DIRECTION('',(0.955064136811,-0.296399214872,0.));
#5284 = ORIENTED_EDGE('',*,*,#5285,.T.);
#5285 = EDGE_CURVE('',#5278,#5286,#5288,.T.);
#5286 = VERTEX_POINT('',#5287);
#5287 = CARTESIAN_POINT('',(24.465429260859,64.894489458979,0.));
#5288 = LINE('',#5289,#5290);
#5289 = CARTESIAN_POINT('',(24.407056760694,64.894489458979,0.));
#5290 = VECTOR('',#5291,1.);
#5291 = DIRECTION('',(1.,0.,0.));
#5292 = ORIENTED_EDGE('',*,*,#5293,.T.);
#5293 = EDGE_CURVE('',#5286,#5294,#5296,.T.);
#5294 = VERTEX_POINT('',#5295);
#5295 = CARTESIAN_POINT('',(24.465429260859,65.214730759462,0.));
#5296 = LINE('',#5297,#5298);
#5297 = CARTESIAN_POINT('',(24.465429260859,64.894489458979,0.));
#5298 = VECTOR('',#5299,1.);
#5299 = DIRECTION('',(0.,1.,0.));
#5300 = ORIENTED_EDGE('',*,*,#5301,.T.);
#5301 = EDGE_CURVE('',#5294,#5226,#5302,.T.);
#5302 = LINE('',#5303,#5304);
#5303 = CARTESIAN_POINT('',(24.465429260859,65.214730759462,0.));
#5304 = VECTOR('',#5305,1.);
#5305 = DIRECTION('',(-1.,0.,0.));
#5306 = PLANE('',#5307);
#5307 = AXIS2_PLACEMENT_3D('',#5308,#5309,#5310);
#5308 = CARTESIAN_POINT('',(24.421183454064,65.054234500675,0.));
#5309 = DIRECTION('',(-0.,-0.,-1.));
#5310 = DIRECTION('',(-1.,0.,0.));
#5311 = SHELL_BASED_SURFACE_MODEL('',(#5312));
#5312 = OPEN_SHELL('',(#5313));
#5313 = ADVANCED_FACE('',(#5314),#5400,.T.);
#5314 = FACE_BOUND('',#5315,.T.);
#5315 = EDGE_LOOP('',(#5316,#5326,#5335,#5343,#5352,#5360,#5368,#5377,
    #5385,#5394));
#5316 = ORIENTED_EDGE('',*,*,#5317,.T.);
#5317 = EDGE_CURVE('',#5318,#5320,#5322,.T.);
#5318 = VERTEX_POINT('',#5319);
#5319 = CARTESIAN_POINT('',(25.135990601981,64.980320549387,0.));
#5320 = VERTEX_POINT('',#5321);
#5321 = CARTESIAN_POINT('',(24.974025843947,64.736782300081,0.));
#5322 = LINE('',#5323,#5324);
#5323 = CARTESIAN_POINT('',(25.135990601981,64.980320549387,0.));
#5324 = VECTOR('',#5325,1.);
#5325 = DIRECTION('',(-0.553767056425,-0.832671632289,0.));
#5326 = ORIENTED_EDGE('',*,*,#5327,.T.);
#5327 = EDGE_CURVE('',#5320,#5328,#5330,.T.);
#5328 = VERTEX_POINT('',#5329);
#5329 = CARTESIAN_POINT('',(24.78800990602,64.792989585979,0.));
#5330 = CIRCLE('',#5331,0.101499873);
#5331 = AXIS2_PLACEMENT_3D('',#5332,#5333,#5334);
#5332 = CARTESIAN_POINT('',(24.88950977902,64.792989585979,0.));
#5333 = DIRECTION('',(-0.,0.,-1.));
#5334 = DIRECTION('',(0.832671632289,-0.553767056425,-0.));
#5335 = ORIENTED_EDGE('',*,*,#5336,.T.);
#5336 = EDGE_CURVE('',#5328,#5337,#5339,.T.);
#5337 = VERTEX_POINT('',#5338);
#5338 = CARTESIAN_POINT('',(24.78800990602,65.316230632461,0.));
#5339 = LINE('',#5340,#5341);
#5340 = CARTESIAN_POINT('',(24.78800990602,64.792989585979,0.));
#5341 = VECTOR('',#5342,1.);
#5342 = DIRECTION('',(0.,1.,0.));
#5343 = ORIENTED_EDGE('',*,*,#5344,.T.);
#5344 = EDGE_CURVE('',#5337,#5345,#5347,.T.);
#5345 = VERTEX_POINT('',#5346);
#5346 = CARTESIAN_POINT('',(24.991009652019,65.316230632461,0.));
#5347 = CIRCLE('',#5348,0.101499873);
#5348 = AXIS2_PLACEMENT_3D('',#5349,#5350,#5351);
#5349 = CARTESIAN_POINT('',(24.88950977902,65.316230632461,0.));
#5350 = DIRECTION('',(0.,0.,-1.));
#5351 = DIRECTION('',(-1.,1.110223024625E-16,0.));
#5352 = ORIENTED_EDGE('',*,*,#5353,.T.);
#5353 = EDGE_CURVE('',#5345,#5354,#5356,.T.);
#5354 = VERTEX_POINT('',#5355);
#5355 = CARTESIAN_POINT('',(24.991009652019,65.128899669053,0.));
#5356 = LINE('',#5357,#5358);
#5357 = CARTESIAN_POINT('',(24.991009652019,65.316230632461,0.));
#5358 = VECTOR('',#5359,1.);
#5359 = DIRECTION('',(-1.896490368795E-14,-1.,0.));
#5360 = ORIENTED_EDGE('',*,*,#5361,.T.);
#5361 = EDGE_CURVE('',#5354,#5362,#5364,.T.);
#5362 = VERTEX_POINT('',#5363);
#5363 = CARTESIAN_POINT('',(25.152974410053,65.37243791836,0.));
#5364 = LINE('',#5365,#5366);
#5365 = CARTESIAN_POINT('',(24.991009652019,65.128899669053,0.));
#5366 = VECTOR('',#5367,1.);
#5367 = DIRECTION('',(0.553767056425,0.832671632289,0.));
#5368 = ORIENTED_EDGE('',*,*,#5369,.T.);
#5369 = EDGE_CURVE('',#5362,#5370,#5372,.T.);
#5370 = VERTEX_POINT('',#5371);
#5371 = CARTESIAN_POINT('',(25.338990347981,65.316230632461,0.));
#5372 = CIRCLE('',#5373,0.101499873);
#5373 = AXIS2_PLACEMENT_3D('',#5374,#5375,#5376);
#5374 = CARTESIAN_POINT('',(25.237490474981,65.316230632461,0.));
#5375 = DIRECTION('',(0.,0.,-1.));
#5376 = DIRECTION('',(-0.832671632289,0.553767056425,0.));
#5377 = ORIENTED_EDGE('',*,*,#5378,.T.);
#5378 = EDGE_CURVE('',#5370,#5379,#5381,.T.);
#5379 = VERTEX_POINT('',#5380);
#5380 = CARTESIAN_POINT('',(25.338990347981,64.792989585979,0.));
#5381 = LINE('',#5382,#5383);
#5382 = CARTESIAN_POINT('',(25.338990347981,65.316230632461,0.));
#5383 = VECTOR('',#5384,1.);
#5384 = DIRECTION('',(-6.789822210407E-15,-1.,0.));
#5385 = ORIENTED_EDGE('',*,*,#5386,.T.);
#5386 = EDGE_CURVE('',#5379,#5387,#5389,.T.);
#5387 = VERTEX_POINT('',#5388);
#5388 = CARTESIAN_POINT('',(25.135990601981,64.792989585979,0.));
#5389 = CIRCLE('',#5390,0.101499873);
#5390 = AXIS2_PLACEMENT_3D('',#5391,#5392,#5393);
#5391 = CARTESIAN_POINT('',(25.237490474981,64.792989585979,0.));
#5392 = DIRECTION('',(-0.,0.,-1.));
#5393 = DIRECTION('',(1.,-1.110223024625E-16,-0.));
#5394 = ORIENTED_EDGE('',*,*,#5395,.T.);
#5395 = EDGE_CURVE('',#5387,#5318,#5396,.T.);
#5396 = LINE('',#5397,#5398);
#5397 = CARTESIAN_POINT('',(25.135990601981,64.792989585979,0.));
#5398 = VECTOR('',#5399,1.);
#5399 = DIRECTION('',(0.,1.,0.));
#5400 = PLANE('',#5401);
#5401 = AXIS2_PLACEMENT_3D('',#5402,#5403,#5404);
#5402 = CARTESIAN_POINT('',(25.063500127,65.05461010922,0.));
#5403 = DIRECTION('',(-0.,-0.,-1.));
#5404 = DIRECTION('',(-1.,0.,0.));
#5405 = SHELL_BASED_SURFACE_MODEL('',(#5406));
#5406 = OPEN_SHELL('',(#5407));
#5407 = ADVANCED_FACE('',(#5408,#5627),#5730,.T.);
#5408 = FACE_BOUND('',#5409,.T.);
#5409 = EDGE_LOOP('',(#5410,#5421,#5430,#5439,#5448,#5456,#5465,#5473,
    #5482,#5490,#5499,#5508,#5517,#5525,#5534,#5543,#5552,#5560,#5569,
    #5577,#5586,#5594,#5603,#5612,#5621));
#5410 = ORIENTED_EDGE('',*,*,#5411,.T.);
#5411 = EDGE_CURVE('',#5412,#5414,#5416,.T.);
#5412 = VERTEX_POINT('',#5413);
#5413 = CARTESIAN_POINT('',(25.458571247142,64.99110998222,0.));
#5414 = VERTEX_POINT('',#5415);
#5415 = CARTESIAN_POINT('',(25.537950962654,65.09017018034,0.));
#5416 = CIRCLE('',#5417,0.101499873);
#5417 = AXIS2_PLACEMENT_3D('',#5418,#5419,#5420);
#5418 = CARTESIAN_POINT('',(25.560071120142,64.99110998222,0.));
#5419 = DIRECTION('',(0.,0.,-1.));
#5420 = DIRECTION('',(-1.,1.197103900023E-14,0.));
#5421 = ORIENTED_EDGE('',*,*,#5422,.T.);
#5422 = EDGE_CURVE('',#5414,#5423,#5425,.T.);
#5423 = VERTEX_POINT('',#5424);
#5424 = CARTESIAN_POINT('',(25.464087250436,65.222235241363,0.));
#5425 = CIRCLE('',#5426,0.101499873);
#5426 = AXIS2_PLACEMENT_3D('',#5427,#5428,#5429);
#5427 = CARTESIAN_POINT('',(25.560071120142,65.189230378461,0.));
#5428 = DIRECTION('',(0.,0.,-1.));
#5429 = DIRECTION('',(-0.217932858778,-0.975963764217,-0.));
#5430 = ORIENTED_EDGE('',*,*,#5431,.T.);
#5431 = EDGE_CURVE('',#5423,#5432,#5434,.T.);
#5432 = VERTEX_POINT('',#5433);
#5433 = CARTESIAN_POINT('',(25.572517404685,65.37179407481,0.));
#5434 = CIRCLE('',#5435,0.316527025957);
#5435 = AXIS2_PLACEMENT_3D('',#5436,#5437,#5438);
#5436 = CARTESIAN_POINT('',(25.763412637947,65.119309683056,0.));
#5437 = DIRECTION('',(0.,0.,-1.));
#5438 = DIRECTION('',(-0.945655071966,0.325171469942,0.));
#5439 = ORIENTED_EDGE('',*,*,#5440,.T.);
#5440 = EDGE_CURVE('',#5432,#5441,#5443,.T.);
#5441 = VERTEX_POINT('',#5442);
#5442 = CARTESIAN_POINT('',(25.588339144316,65.381614827955,0.));
#5443 = CIRCLE('',#5444,0.101499873);
#5444 = AXIS2_PLACEMENT_3D('',#5445,#5446,#5447);
#5445 = CARTESIAN_POINT('',(25.633731267463,65.290830581661,0.));
#5446 = DIRECTION('',(0.,0.,-1.));
#5447 = DIRECTION('',(-0.603092998725,0.797670881309,0.));
#5448 = ORIENTED_EDGE('',*,*,#5449,.T.);
#5449 = EDGE_CURVE('',#5441,#5450,#5452,.T.);
#5450 = VERTEX_POINT('',#5451);
#5451 = CARTESIAN_POINT('',(25.639139245916,65.407014878755,0.));
#5452 = LINE('',#5453,#5454);
#5453 = CARTESIAN_POINT('',(25.588339144316,65.381614827955,0.));
#5454 = VECTOR('',#5455,1.);
#5455 = DIRECTION('',(0.894427191,0.4472135955,0.));
#5456 = ORIENTED_EDGE('',*,*,#5457,.T.);
#5457 = EDGE_CURVE('',#5450,#5458,#5460,.T.);
#5458 = VERTEX_POINT('',#5459);
#5459 = CARTESIAN_POINT('',(25.684531369063,65.417730505461,0.));
#5460 = CIRCLE('',#5461,0.101499873);
#5461 = AXIS2_PLACEMENT_3D('',#5462,#5463,#5464);
#5462 = CARTESIAN_POINT('',(25.684531369063,65.316230632461,0.));
#5463 = DIRECTION('',(0.,0.,-1.));
#5464 = DIRECTION('',(-0.4472135955,0.894427191,0.));
#5465 = ORIENTED_EDGE('',*,*,#5466,.T.);
#5466 = EDGE_CURVE('',#5458,#5467,#5469,.T.);
#5467 = VERTEX_POINT('',#5468);
#5468 = CARTESIAN_POINT('',(25.783591567183,65.417730505461,0.));
#5469 = LINE('',#5470,#5471);
#5470 = CARTESIAN_POINT('',(25.684531369063,65.417730505461,0.));
#5471 = VECTOR('',#5472,1.);
#5472 = DIRECTION('',(1.,0.,0.));
#5473 = ORIENTED_EDGE('',*,*,#5474,.T.);
#5474 = EDGE_CURVE('',#5467,#5475,#5477,.T.);
#5475 = VERTEX_POINT('',#5476);
#5476 = CARTESIAN_POINT('',(25.82898369033,65.407014878755,0.));
#5477 = CIRCLE('',#5478,0.101499873);
#5478 = AXIS2_PLACEMENT_3D('',#5479,#5480,#5481);
#5479 = CARTESIAN_POINT('',(25.783591567183,65.316230632461,0.));
#5480 = DIRECTION('',(0.,0.,-1.));
#5481 = DIRECTION('',(-5.627463005063E-14,1.,0.));
#5482 = ORIENTED_EDGE('',*,*,#5483,.T.);
#5483 = EDGE_CURVE('',#5475,#5484,#5486,.T.);
#5484 = VERTEX_POINT('',#5485);
#5485 = CARTESIAN_POINT('',(25.87978379193,65.381614827955,0.));
#5486 = LINE('',#5487,#5488);
#5487 = CARTESIAN_POINT('',(25.82898369033,65.407014878755,0.));
#5488 = VECTOR('',#5489,1.);
#5489 = DIRECTION('',(0.894427191,-0.4472135955,0.));
#5490 = ORIENTED_EDGE('',*,*,#5491,.T.);
#5491 = EDGE_CURVE('',#5484,#5492,#5494,.T.);
#5492 = VERTEX_POINT('',#5493);
#5493 = CARTESIAN_POINT('',(25.901572159412,65.366916098666,0.));
#5494 = CIRCLE('',#5495,0.101499873);
#5495 = AXIS2_PLACEMENT_3D('',#5496,#5497,#5498);
#5496 = CARTESIAN_POINT('',(25.834391668783,65.290830581661,0.));
#5497 = DIRECTION('',(0.,0.,-1.));
#5498 = DIRECTION('',(0.4472135955,0.894427191,0.));
#5499 = ORIENTED_EDGE('',*,*,#5500,.T.);
#5500 = EDGE_CURVE('',#5492,#5501,#5503,.T.);
#5501 = VERTEX_POINT('',#5502);
#5502 = CARTESIAN_POINT('',(26.033285843688,65.133884195717,0.));
#5503 = CIRCLE('',#5504,0.40941791522);
#5504 = AXIS2_PLACEMENT_3D('',#5505,#5506,#5507);
#5505 = CARTESIAN_POINT('',(25.630587619198,65.060011539775,0.));
#5506 = DIRECTION('',(0.,0.,-1.));
#5507 = DIRECTION('',(0.661877583126,0.749611942912,0.));
#5508 = ORIENTED_EDGE('',*,*,#5509,.T.);
#5509 = EDGE_CURVE('',#5501,#5510,#5512,.T.);
#5510 = VERTEX_POINT('',#5511);
#5511 = CARTESIAN_POINT('',(26.034951739903,65.11557023114,0.));
#5512 = CIRCLE('',#5513,0.101499873);
#5513 = AXIS2_PLACEMENT_3D('',#5514,#5515,#5516);
#5514 = CARTESIAN_POINT('',(25.933451866904,65.11557023114,0.));
#5515 = DIRECTION('',(0.,0.,-1.));
#5516 = DIRECTION('',(0.983587208863,0.1804333743,0.));
#5517 = ORIENTED_EDGE('',*,*,#5518,.T.);
#5518 = EDGE_CURVE('',#5510,#5519,#5521,.T.);
#5519 = VERTEX_POINT('',#5520);
#5520 = CARTESIAN_POINT('',(26.034951739903,64.99110998222,0.));
#5521 = LINE('',#5522,#5523);
#5522 = CARTESIAN_POINT('',(26.034951739903,65.11557023114,0.));
#5523 = VECTOR('',#5524,1.);
#5524 = DIRECTION('',(0.,-1.,0.));
#5525 = ORIENTED_EDGE('',*,*,#5526,.T.);
#5526 = EDGE_CURVE('',#5519,#5527,#5529,.T.);
#5527 = VERTEX_POINT('',#5528);
#5528 = CARTESIAN_POINT('',(26.033285843688,64.972796017647,0.));
#5529 = CIRCLE('',#5530,0.101499873);
#5530 = AXIS2_PLACEMENT_3D('',#5531,#5532,#5533);
#5531 = CARTESIAN_POINT('',(25.933451866904,64.99110998222,0.));
#5532 = DIRECTION('',(0.,0.,-1.));
#5533 = DIRECTION('',(1.,-8.112542575415E-14,0.));
#5534 = ORIENTED_EDGE('',*,*,#5535,.T.);
#5535 = EDGE_CURVE('',#5527,#5536,#5538,.T.);
#5536 = VERTEX_POINT('',#5537);
#5537 = CARTESIAN_POINT('',(25.90157215941,64.739764114693,0.));
#5538 = CIRCLE('',#5539,0.409417915192);
#5539 = AXIS2_PLACEMENT_3D('',#5540,#5541,#5542);
#5540 = CARTESIAN_POINT('',(25.630587619223,65.046668673571,0.));
#5541 = DIRECTION('',(0.,0.,-1.));
#5542 = DIRECTION('',(0.983587208869,-0.180433374269,0.));
#5543 = ORIENTED_EDGE('',*,*,#5544,.T.);
#5544 = EDGE_CURVE('',#5536,#5545,#5547,.T.);
#5545 = VERTEX_POINT('',#5546);
#5546 = CARTESIAN_POINT('',(25.876043631416,64.723289714738,0.));
#5547 = CIRCLE('',#5548,0.101499873);
#5548 = AXIS2_PLACEMENT_3D('',#5549,#5550,#5551);
#5549 = CARTESIAN_POINT('',(25.834391668783,64.815849631699,0.));
#5550 = DIRECTION('',(0.,0.,-1.));
#5551 = DIRECTION('',(0.661877583102,-0.749611942932,0.));
#5552 = ORIENTED_EDGE('',*,*,#5553,.T.);
#5553 = EDGE_CURVE('',#5545,#5554,#5556,.T.);
#5554 = VERTEX_POINT('',#5555);
#5555 = CARTESIAN_POINT('',(25.825243529816,64.700429669018,0.));
#5556 = LINE('',#5557,#5558);
#5557 = CARTESIAN_POINT('',(25.876043631416,64.723289714738,0.));
#5558 = VECTOR('',#5559,1.);
#5559 = DIRECTION('',(-0.911921505175,-0.410364677329,0.));
#5560 = ORIENTED_EDGE('',*,*,#5561,.T.);
#5561 = EDGE_CURVE('',#5554,#5562,#5564,.T.);
#5562 = VERTEX_POINT('',#5563);
#5563 = CARTESIAN_POINT('',(25.783591567183,64.691489712979,0.));
#5564 = CIRCLE('',#5565,0.101499873);
#5565 = AXIS2_PLACEMENT_3D('',#5566,#5567,#5568);
#5566 = CARTESIAN_POINT('',(25.783591567183,64.792989585979,0.));
#5567 = DIRECTION('',(0.,0.,-1.));
#5568 = DIRECTION('',(0.410364677329,-0.911921505175,0.));
#5569 = ORIENTED_EDGE('',*,*,#5570,.T.);
#5570 = EDGE_CURVE('',#5562,#5571,#5573,.T.);
#5571 = VERTEX_POINT('',#5572);
#5572 = CARTESIAN_POINT('',(25.684531369063,64.691489712979,0.));
#5573 = LINE('',#5574,#5575);
#5574 = CARTESIAN_POINT('',(25.783591567183,64.691489712979,0.));
#5575 = VECTOR('',#5576,1.);
#5576 = DIRECTION('',(-1.,1.434567564455E-13,0.));
#5577 = ORIENTED_EDGE('',*,*,#5578,.T.);
#5578 = EDGE_CURVE('',#5571,#5579,#5581,.T.);
#5579 = VERTEX_POINT('',#5580);
#5580 = CARTESIAN_POINT('',(25.64287940643,64.700429669018,0.));
#5581 = CIRCLE('',#5582,0.101499873);
#5582 = AXIS2_PLACEMENT_3D('',#5583,#5584,#5585);
#5583 = CARTESIAN_POINT('',(25.684531369063,64.792989585979,0.));
#5584 = DIRECTION('',(-0.,0.,-1.));
#5585 = DIRECTION('',(1.764426232505E-13,-1.,-0.));
#5586 = ORIENTED_EDGE('',*,*,#5587,.T.);
#5587 = EDGE_CURVE('',#5579,#5588,#5590,.T.);
#5588 = VERTEX_POINT('',#5589);
#5589 = CARTESIAN_POINT('',(25.59207930483,64.723289714738,0.));
#5590 = LINE('',#5591,#5592);
#5591 = CARTESIAN_POINT('',(25.64287940643,64.700429669018,0.));
#5592 = VECTOR('',#5593,1.);
#5593 = DIRECTION('',(-0.911921505175,0.410364677329,0.));
#5594 = ORIENTED_EDGE('',*,*,#5595,.T.);
#5595 = EDGE_CURVE('',#5588,#5596,#5598,.T.);
#5596 = VERTEX_POINT('',#5597);
#5597 = CARTESIAN_POINT('',(25.572517404687,64.734886138549,0.));
#5598 = CIRCLE('',#5599,0.101499873);
#5599 = AXIS2_PLACEMENT_3D('',#5600,#5601,#5602);
#5600 = CARTESIAN_POINT('',(25.633731267463,64.815849631699,0.));
#5601 = DIRECTION('',(0.,0.,-1.));
#5602 = DIRECTION('',(-0.410364677329,-0.911921505175,-0.));
#5603 = ORIENTED_EDGE('',*,*,#5604,.T.);
#5604 = EDGE_CURVE('',#5596,#5605,#5607,.T.);
#5605 = VERTEX_POINT('',#5606);
#5606 = CARTESIAN_POINT('',(25.464087250435,64.884444972,0.));
#5607 = CIRCLE('',#5608,0.316527025939);
#5608 = AXIS2_PLACEMENT_3D('',#5609,#5610,#5611);
#5609 = CARTESIAN_POINT('',(25.763412637931,64.987370530293,0.));
#5610 = DIRECTION('',(0.,0.,-1.));
#5611 = DIRECTION('',(-0.603092998704,-0.797670881325,-0.));
#5612 = ORIENTED_EDGE('',*,*,#5613,.T.);
#5613 = EDGE_CURVE('',#5605,#5614,#5616,.T.);
#5614 = VERTEX_POINT('',#5615);
#5615 = CARTESIAN_POINT('',(25.458571247142,64.9174498349,0.));
#5616 = CIRCLE('',#5617,0.101499873);
#5617 = AXIS2_PLACEMENT_3D('',#5618,#5619,#5620);
#5618 = CARTESIAN_POINT('',(25.560071120142,64.9174498349,0.));
#5619 = DIRECTION('',(0.,0.,-1.));
#5620 = DIRECTION('',(-0.945655071975,-0.325171469917,-0.));
#5621 = ORIENTED_EDGE('',*,*,#5622,.T.);
#5622 = EDGE_CURVE('',#5614,#5412,#5623,.T.);
#5623 = LINE('',#5624,#5625);
#5624 = CARTESIAN_POINT('',(25.458571247142,64.9174498349,0.));
#5625 = VECTOR('',#5626,1.);
#5626 = DIRECTION('',(-9.646230174786E-14,1.,0.));
#5627 = FACE_BOUND('',#5628,.T.);
#5628 = EDGE_LOOP('',(#5629,#5640,#5649,#5657,#5666,#5674,#5682,#5691,
    #5699,#5708,#5716,#5724));
#5629 = ORIENTED_EDGE('',*,*,#5630,.T.);
#5630 = EDGE_CURVE('',#5631,#5633,#5635,.T.);
#5631 = VERTEX_POINT('',#5632);
#5632 = CARTESIAN_POINT('',(25.688826340492,65.204897810308,0.));
#5633 = VERTEX_POINT('',#5634);
#5634 = CARTESIAN_POINT('',(25.656054989848,65.156225515559,0.));
#5635 = CIRCLE('',#5636,0.113527279958);
#5636 = AXIS2_PLACEMENT_3D('',#5637,#5638,#5639);
#5637 = CARTESIAN_POINT('',(25.763412637947,65.119309683056,0.));
#5638 = DIRECTION('',(0.,0.,1.));
#5639 = DIRECTION('',(-0.656990086285,0.753899215096,0.));
#5640 = ORIENTED_EDGE('',*,*,#5641,.T.);
#5641 = EDGE_CURVE('',#5633,#5642,#5644,.T.);
#5642 = VERTEX_POINT('',#5643);
#5643 = CARTESIAN_POINT('',(25.59116289892,65.09260985522,0.));
#5644 = CIRCLE('',#5645,0.101499873);
#5645 = AXIS2_PLACEMENT_3D('',#5646,#5647,#5648);
#5646 = CARTESIAN_POINT('',(25.560071120142,65.189230378461,0.));
#5647 = DIRECTION('',(0.,0.,-1.));
#5648 = DIRECTION('',(0.945655071966,-0.325171469942,0.));
#5649 = ORIENTED_EDGE('',*,*,#5650,.T.);
#5650 = EDGE_CURVE('',#5642,#5651,#5653,.T.);
#5651 = VERTEX_POINT('',#5652);
#5652 = CARTESIAN_POINT('',(25.684531369063,65.09260985522,0.));
#5653 = LINE('',#5654,#5655);
#5654 = CARTESIAN_POINT('',(25.59116289892,65.09260985522,0.));
#5655 = VECTOR('',#5656,1.);
#5656 = DIRECTION('',(1.,0.,0.));
#5657 = ORIENTED_EDGE('',*,*,#5658,.T.);
#5658 = EDGE_CURVE('',#5651,#5659,#5661,.T.);
#5659 = VERTEX_POINT('',#5660);
#5660 = CARTESIAN_POINT('',(25.715623147841,64.894489458979,0.));
#5661 = CIRCLE('',#5662,0.101499873);
#5662 = AXIS2_PLACEMENT_3D('',#5663,#5664,#5665);
#5663 = CARTESIAN_POINT('',(25.684531369063,64.99110998222,0.));
#5664 = DIRECTION('',(0.,0.,-1.));
#5665 = DIRECTION('',(-9.255538513418E-15,1.,0.));
#5666 = ORIENTED_EDGE('',*,*,#5667,.T.);
#5667 = EDGE_CURVE('',#5659,#5668,#5670,.T.);
#5668 = VERTEX_POINT('',#5669);
#5669 = CARTESIAN_POINT('',(25.761806173526,64.894489458979,0.));
#5670 = LINE('',#5671,#5672);
#5671 = CARTESIAN_POINT('',(25.715623147841,64.894489458979,0.));
#5672 = VECTOR('',#5673,1.);
#5673 = DIRECTION('',(1.,0.,0.));
#5674 = ORIENTED_EDGE('',*,*,#5675,.T.);
#5675 = EDGE_CURVE('',#5668,#5676,#5678,.T.);
#5676 = VERTEX_POINT('',#5677);
#5677 = CARTESIAN_POINT('',(25.777293038638,64.90145854828,0.));
#5678 = LINE('',#5679,#5680);
#5679 = CARTESIAN_POINT('',(25.761806173526,64.894489458979,0.));
#5680 = VECTOR('',#5681,1.);
#5681 = DIRECTION('',(0.911921505175,0.410364677329,0.));
#5682 = ORIENTED_EDGE('',*,*,#5683,.T.);
#5683 = EDGE_CURVE('',#5676,#5684,#5686,.T.);
#5684 = VERTEX_POINT('',#5685);
#5685 = CARTESIAN_POINT('',(25.831951993904,65.001272096802,0.));
#5686 = CIRCLE('',#5687,0.206418169193);
#5687 = AXIS2_PLACEMENT_3D('',#5688,#5689,#5690);
#5688 = CARTESIAN_POINT('',(25.630587619223,65.046668673571,0.));
#5689 = DIRECTION('',(0.,0.,1.));
#5690 = DIRECTION('',(0.710719506857,-0.703475502468,0.));
#5691 = ORIENTED_EDGE('',*,*,#5692,.T.);
#5692 = EDGE_CURVE('',#5684,#5693,#5695,.T.);
#5693 = VERTEX_POINT('',#5694);
#5694 = CARTESIAN_POINT('',(25.831951993904,65.105408116557,0.));
#5695 = LINE('',#5696,#5697);
#5696 = CARTESIAN_POINT('',(25.831951993904,65.001272096802,0.));
#5697 = VECTOR('',#5698,1.);
#5698 = DIRECTION('',(0.,1.,0.));
#5699 = ORIENTED_EDGE('',*,*,#5700,.T.);
#5700 = EDGE_CURVE('',#5693,#5701,#5703,.T.);
#5701 = VERTEX_POINT('',#5702);
#5702 = CARTESIAN_POINT('',(25.775939814529,65.206576200921,0.));
#5703 = CIRCLE('',#5704,0.20641816922);
#5704 = AXIS2_PLACEMENT_3D('',#5705,#5706,#5707);
#5705 = CARTESIAN_POINT('',(25.630587619198,65.060011539775,0.));
#5706 = DIRECTION('',(0.,0.,1.));
#5707 = DIRECTION('',(0.975516716705,0.21992529511,-0.));
#5708 = ORIENTED_EDGE('',*,*,#5709,.T.);
#5709 = EDGE_CURVE('',#5701,#5710,#5712,.T.);
#5710 = VERTEX_POINT('',#5711);
#5711 = CARTESIAN_POINT('',(25.759630697448,65.214730759462,0.));
#5712 = LINE('',#5713,#5714);
#5713 = CARTESIAN_POINT('',(25.775939814529,65.206576200921,0.));
#5714 = VECTOR('',#5715,1.);
#5715 = DIRECTION('',(-0.894427191,0.4472135955,0.));
#5716 = ORIENTED_EDGE('',*,*,#5717,.T.);
#5717 = EDGE_CURVE('',#5710,#5718,#5720,.T.);
#5718 = VERTEX_POINT('',#5719);
#5719 = CARTESIAN_POINT('',(25.708492238798,65.214730759462,0.));
#5720 = LINE('',#5721,#5722);
#5721 = CARTESIAN_POINT('',(25.759630697448,65.214730759462,0.));
#5722 = VECTOR('',#5723,1.);
#5723 = DIRECTION('',(-1.,0.,0.));
#5724 = ORIENTED_EDGE('',*,*,#5725,.T.);
#5725 = EDGE_CURVE('',#5718,#5631,#5726,.T.);
#5726 = LINE('',#5727,#5728);
#5727 = CARTESIAN_POINT('',(25.708492238798,65.214730759462,0.));
#5728 = VECTOR('',#5729,1.);
#5729 = DIRECTION('',(-0.894427191,-0.4472135955,0.));
#5730 = PLANE('',#5731);
#5731 = AXIS2_PLACEMENT_3D('',#5732,#5733,#5734);
#5732 = CARTESIAN_POINT('',(25.732231013115,65.055175136712,0.));
#5733 = DIRECTION('',(-0.,-0.,-1.));
#5734 = DIRECTION('',(-1.,0.,0.));
#5735 = ( GEOMETRIC_REPRESENTATION_CONTEXT(3) 
GLOBAL_UNCERTAINTY_ASSIGNED_CONTEXT((#5739)) 
GLOBAL_UNIT_ASSIGNED_CONTEXT((#5736,#5737,#5738)) REPRESENTATION_CONTEXT
('Context #1','3D Context with UNIT and UNCERTAINTY') );
#5736 = ( LENGTH_UNIT() NAMED_UNIT(*) SI_UNIT(.MILLI.,.METRE.) );
#5737 = ( NAMED_UNIT(*) PLANE_ANGLE_UNIT() SI_UNIT($,.RADIAN.) );
#5738 = ( NAMED_UNIT(*) SI_UNIT($,.STERADIAN.) SOLID_ANGLE_UNIT() );
#5739 = UNCERTAINTY_MEASURE_WITH_UNIT(LENGTH_MEASURE(1.E-07),#5736,
  'distance_accuracy_value','confusion accuracy');
#5740 = CONTEXT_DEPENDENT_SHAPE_REPRESENTATION(#5741,#5743);
#5741 = ( REPRESENTATION_RELATIONSHIP('','',#3232,#10) 
REPRESENTATION_RELATIONSHIP_WITH_TRANSFORMATION(#5742) 
SHAPE_REPRESENTATION_RELATIONSHIP() );
#5742 = ITEM_DEFINED_TRANSFORMATION('','',#11,#31);
#5743 = PRODUCT_DEFINITION_SHAPE('Placement','Placement of an item',
  #5744);
#5744 = NEXT_ASSEMBLY_USAGE_OCCURRENCE('5','=>[0:1:1:6]','',#5,#3227,$);
#5745 = PRODUCT_RELATED_PRODUCT_CATEGORY('part',$,(#3229));
#5746 = SHAPE_DEFINITION_REPRESENTATION(#5747,#5753);
#5747 = PRODUCT_DEFINITION_SHAPE('','',#5748);
#5748 = PRODUCT_DEFINITION('design','',#5749,#5752);
#5749 = PRODUCT_DEFINITION_FORMATION('','',#5750);
#5750 = PRODUCT('TopFpcStiffener~Cyqx','TopFpcStiffener~Cyqx','',(#5751)
  );
#5751 = PRODUCT_CONTEXT('',#2,'mechanical');
#5752 = PRODUCT_DEFINITION_CONTEXT('part definition',#2,'design');
#5753 = SHAPE_REPRESENTATION('',(#11),#5754);
#5754 = ( GEOMETRIC_REPRESENTATION_CONTEXT(3) 
GLOBAL_UNCERTAINTY_ASSIGNED_CONTEXT((#5758)) 
GLOBAL_UNIT_ASSIGNED_CONTEXT((#5755,#5756,#5757)) REPRESENTATION_CONTEXT
('Context #1','3D Context with UNIT and UNCERTAINTY') );
#5755 = ( LENGTH_UNIT() NAMED_UNIT(*) SI_UNIT(.MILLI.,.METRE.) );
#5756 = ( NAMED_UNIT(*) PLANE_ANGLE_UNIT() SI_UNIT($,.RADIAN.) );
#5757 = ( NAMED_UNIT(*) SI_UNIT($,.STERADIAN.) SOLID_ANGLE_UNIT() );
#5758 = UNCERTAINTY_MEASURE_WITH_UNIT(LENGTH_MEASURE(1.E-07),#5755,
  'distance_accuracy_value','confusion accuracy');
#5759 = CONTEXT_DEPENDENT_SHAPE_REPRESENTATION(#5760,#5762);
#5760 = ( REPRESENTATION_RELATIONSHIP('','',#5753,#10) 
REPRESENTATION_RELATIONSHIP_WITH_TRANSFORMATION(#5761) 
SHAPE_REPRESENTATION_RELATIONSHIP() );
#5761 = ITEM_DEFINED_TRANSFORMATION('','',#11,#35);
#5762 = PRODUCT_DEFINITION_SHAPE('Placement','Placement of an item',
  #5763);
#5763 = NEXT_ASSEMBLY_USAGE_OCCURRENCE('6','=>[0:1:1:7]','',#5,#5748,$);
#5764 = PRODUCT_RELATED_PRODUCT_CATEGORY('part',$,(#5750));
#5765 = SHAPE_DEFINITION_REPRESENTATION(#5766,#5772);
#5766 = PRODUCT_DEFINITION_SHAPE('','',#5767);
#5767 = PRODUCT_DEFINITION('design','',#5768,#5771);
#5768 = PRODUCT_DEFINITION_FORMATION('','',#5769);
#5769 = PRODUCT('BottomFpcStiffener~Cyqx','BottomFpcStiffener~Cyqx','',(
    #5770));
#5770 = PRODUCT_CONTEXT('',#2,'mechanical');
#5771 = PRODUCT_DEFINITION_CONTEXT('part definition',#2,'design');
#5772 = SHAPE_REPRESENTATION('',(#11),#5773);
#5773 = ( GEOMETRIC_REPRESENTATION_CONTEXT(3) 
GLOBAL_UNCERTAINTY_ASSIGNED_CONTEXT((#5777)) 
GLOBAL_UNIT_ASSIGNED_CONTEXT((#5774,#5775,#5776)) REPRESENTATION_CONTEXT
('Context #1','3D Context with UNIT and UNCERTAINTY') );
#5774 = ( LENGTH_UNIT() NAMED_UNIT(*) SI_UNIT(.MILLI.,.METRE.) );
#5775 = ( NAMED_UNIT(*) PLANE_ANGLE_UNIT() SI_UNIT($,.RADIAN.) );
#5776 = ( NAMED_UNIT(*) SI_UNIT($,.STERADIAN.) SOLID_ANGLE_UNIT() );
#5777 = UNCERTAINTY_MEASURE_WITH_UNIT(LENGTH_MEASURE(1.E-07),#5774,
  'distance_accuracy_value','confusion accuracy');
#5778 = CONTEXT_DEPENDENT_SHAPE_REPRESENTATION(#5779,#5781);
#5779 = ( REPRESENTATION_RELATIONSHIP('','',#5772,#10) 
REPRESENTATION_RELATIONSHIP_WITH_TRANSFORMATION(#5780) 
SHAPE_REPRESENTATION_RELATIONSHIP() );
#5780 = ITEM_DEFINED_TRANSFORMATION('','',#11,#39);
#5781 = PRODUCT_DEFINITION_SHAPE('Placement','Placement of an item',
  #5782);
#5782 = NEXT_ASSEMBLY_USAGE_OCCURRENCE('7','=>[0:1:1:8]','',#5,#5767,$);
#5783 = PRODUCT_RELATED_PRODUCT_CATEGORY('part',$,(#5769));
#5784 = MECHANICAL_DESIGN_GEOMETRIC_PRESENTATION_REPRESENTATION('',(
    #5785,#5795,#5803,#5810,#5817,#5824,#5831,#5838,#5845,#5852,#5859,
    #5866,#5875,#5882,#5889,#5896,#5903,#5910,#5917,#5924,#5933,#5940,
    #5947,#5954,#5961,#5968),#890);
#5785 = STYLED_ITEM('color',(#5786),#57);
#5786 = PRESENTATION_STYLE_ASSIGNMENT((#5787,#5793));
#5787 = SURFACE_STYLE_USAGE(.BOTH.,#5788);
#5788 = SURFACE_SIDE_STYLE('',(#5789));
#5789 = SURFACE_STYLE_FILL_AREA(#5790);
#5790 = FILL_AREA_STYLE('',(#5791));
#5791 = FILL_AREA_STYLE_COLOUR('',#5792);
#5792 = COLOUR_RGB('',0.,0.377508427907,0.578582128266);
#5793 = CURVE_STYLE('',#5794,POSITIVE_LENGTH_MEASURE(0.1),#5792);
#5794 = DRAUGHTING_PRE_DEFINED_CURVE_FONT('continuous');
#5795 = OVER_RIDING_STYLED_ITEM('overriding color',(#5796),#59,#5785);
#5796 = PRESENTATION_STYLE_ASSIGNMENT((#5797));
#5797 = SURFACE_STYLE_USAGE(.BOTH.,#5798);
#5798 = SURFACE_SIDE_STYLE('',(#5799));
#5799 = SURFACE_STYLE_FILL_AREA(#5800);
#5800 = FILL_AREA_STYLE('',(#5801));
#5801 = FILL_AREA_STYLE_COLOUR('',#5802);
#5802 = COLOUR_RGB('',0.937179583391,0.9357410338,0.649182888601);
#5803 = OVER_RIDING_STYLED_ITEM('overriding color',(#5804),#99,#5785);
#5804 = PRESENTATION_STYLE_ASSIGNMENT((#5805));
#5805 = SURFACE_STYLE_USAGE(.BOTH.,#5806);
#5806 = SURFACE_SIDE_STYLE('',(#5807));
#5807 = SURFACE_STYLE_FILL_AREA(#5808);
#5808 = FILL_AREA_STYLE('',(#5809));
#5809 = FILL_AREA_STYLE_COLOUR('',#5802);
#5810 = OVER_RIDING_STYLED_ITEM('overriding color',(#5811),#130,#5785);
#5811 = PRESENTATION_STYLE_ASSIGNMENT((#5812));
#5812 = SURFACE_STYLE_USAGE(.BOTH.,#5813);
#5813 = SURFACE_SIDE_STYLE('',(#5814));
#5814 = SURFACE_STYLE_FILL_AREA(#5815);
#5815 = FILL_AREA_STYLE('',(#5816));
#5816 = FILL_AREA_STYLE_COLOUR('',#5802);
#5817 = OVER_RIDING_STYLED_ITEM('overriding color',(#5818),#161,#5785);
#5818 = PRESENTATION_STYLE_ASSIGNMENT((#5819));
#5819 = SURFACE_STYLE_USAGE(.BOTH.,#5820);
#5820 = SURFACE_SIDE_STYLE('',(#5821));
#5821 = SURFACE_STYLE_FILL_AREA(#5822);
#5822 = FILL_AREA_STYLE('',(#5823));
#5823 = FILL_AREA_STYLE_COLOUR('',#5802);
#5824 = OVER_RIDING_STYLED_ITEM('overriding color',(#5825),#192,#5785);
#5825 = PRESENTATION_STYLE_ASSIGNMENT((#5826));
#5826 = SURFACE_STYLE_USAGE(.BOTH.,#5827);
#5827 = SURFACE_SIDE_STYLE('',(#5828));
#5828 = SURFACE_STYLE_FILL_AREA(#5829);
#5829 = FILL_AREA_STYLE('',(#5830));
#5830 = FILL_AREA_STYLE_COLOUR('',#5802);
#5831 = OVER_RIDING_STYLED_ITEM('overriding color',(#5832),#225,#5785);
#5832 = PRESENTATION_STYLE_ASSIGNMENT((#5833));
#5833 = SURFACE_STYLE_USAGE(.BOTH.,#5834);
#5834 = SURFACE_SIDE_STYLE('',(#5835));
#5835 = SURFACE_STYLE_FILL_AREA(#5836);
#5836 = FILL_AREA_STYLE('',(#5837));
#5837 = FILL_AREA_STYLE_COLOUR('',#5802);
#5838 = OVER_RIDING_STYLED_ITEM('overriding color',(#5839),#256,#5785);
#5839 = PRESENTATION_STYLE_ASSIGNMENT((#5840));
#5840 = SURFACE_STYLE_USAGE(.BOTH.,#5841);
#5841 = SURFACE_SIDE_STYLE('',(#5842));
#5842 = SURFACE_STYLE_FILL_AREA(#5843);
#5843 = FILL_AREA_STYLE('',(#5844));
#5844 = FILL_AREA_STYLE_COLOUR('',#5802);
#5845 = OVER_RIDING_STYLED_ITEM('overriding color',(#5846),#287,#5785);
#5846 = PRESENTATION_STYLE_ASSIGNMENT((#5847));
#5847 = SURFACE_STYLE_USAGE(.BOTH.,#5848);
#5848 = SURFACE_SIDE_STYLE('',(#5849));
#5849 = SURFACE_STYLE_FILL_AREA(#5850);
#5850 = FILL_AREA_STYLE('',(#5851));
#5851 = FILL_AREA_STYLE_COLOUR('',#5802);
#5852 = OVER_RIDING_STYLED_ITEM('overriding color',(#5853),#318,#5785);
#5853 = PRESENTATION_STYLE_ASSIGNMENT((#5854));
#5854 = SURFACE_STYLE_USAGE(.BOTH.,#5855);
#5855 = SURFACE_SIDE_STYLE('',(#5856));
#5856 = SURFACE_STYLE_FILL_AREA(#5857);
#5857 = FILL_AREA_STYLE('',(#5858));
#5858 = FILL_AREA_STYLE_COLOUR('',#5802);
#5859 = OVER_RIDING_STYLED_ITEM('overriding color',(#5860),#351,#5785);
#5860 = PRESENTATION_STYLE_ASSIGNMENT((#5861));
#5861 = SURFACE_STYLE_USAGE(.BOTH.,#5862);
#5862 = SURFACE_SIDE_STYLE('',(#5863));
#5863 = SURFACE_STYLE_FILL_AREA(#5864);
#5864 = FILL_AREA_STYLE('',(#5865));
#5865 = FILL_AREA_STYLE_COLOUR('',#5802);
#5866 = STYLED_ITEM('color',(#5867),#409);
#5867 = PRESENTATION_STYLE_ASSIGNMENT((#5868,#5873));
#5868 = SURFACE_STYLE_USAGE(.BOTH.,#5869);
#5869 = SURFACE_SIDE_STYLE('',(#5870));
#5870 = SURFACE_STYLE_FILL_AREA(#5871);
#5871 = FILL_AREA_STYLE('',(#5872));
#5872 = FILL_AREA_STYLE_COLOUR('',#5792);
#5873 = CURVE_STYLE('',#5874,POSITIVE_LENGTH_MEASURE(0.1),#5792);
#5874 = DRAUGHTING_PRE_DEFINED_CURVE_FONT('continuous');
#5875 = OVER_RIDING_STYLED_ITEM('overriding color',(#5876),#411,#5866);
#5876 = PRESENTATION_STYLE_ASSIGNMENT((#5877));
#5877 = SURFACE_STYLE_USAGE(.BOTH.,#5878);
#5878 = SURFACE_SIDE_STYLE('',(#5879));
#5879 = SURFACE_STYLE_FILL_AREA(#5880);
#5880 = FILL_AREA_STYLE('',(#5881));
#5881 = FILL_AREA_STYLE_COLOUR('',#5802);
#5882 = OVER_RIDING_STYLED_ITEM('overriding color',(#5883),#451,#5866);
#5883 = PRESENTATION_STYLE_ASSIGNMENT((#5884));
#5884 = SURFACE_STYLE_USAGE(.BOTH.,#5885);
#5885 = SURFACE_SIDE_STYLE('',(#5886));
#5886 = SURFACE_STYLE_FILL_AREA(#5887);
#5887 = FILL_AREA_STYLE('',(#5888));
#5888 = FILL_AREA_STYLE_COLOUR('',#5802);
#5889 = OVER_RIDING_STYLED_ITEM('overriding color',(#5890),#482,#5866);
#5890 = PRESENTATION_STYLE_ASSIGNMENT((#5891));
#5891 = SURFACE_STYLE_USAGE(.BOTH.,#5892);
#5892 = SURFACE_SIDE_STYLE('',(#5893));
#5893 = SURFACE_STYLE_FILL_AREA(#5894);
#5894 = FILL_AREA_STYLE('',(#5895));
#5895 = FILL_AREA_STYLE_COLOUR('',#5802);
#5896 = OVER_RIDING_STYLED_ITEM('overriding color',(#5897),#513,#5866);
#5897 = PRESENTATION_STYLE_ASSIGNMENT((#5898));
#5898 = SURFACE_STYLE_USAGE(.BOTH.,#5899);
#5899 = SURFACE_SIDE_STYLE('',(#5900));
#5900 = SURFACE_STYLE_FILL_AREA(#5901);
#5901 = FILL_AREA_STYLE('',(#5902));
#5902 = FILL_AREA_STYLE_COLOUR('',#5802);
#5903 = OVER_RIDING_STYLED_ITEM('overriding color',(#5904),#544,#5866);
#5904 = PRESENTATION_STYLE_ASSIGNMENT((#5905));
#5905 = SURFACE_STYLE_USAGE(.BOTH.,#5906);
#5906 = SURFACE_SIDE_STYLE('',(#5907));
#5907 = SURFACE_STYLE_FILL_AREA(#5908);
#5908 = FILL_AREA_STYLE('',(#5909));
#5909 = FILL_AREA_STYLE_COLOUR('',#5802);
#5910 = OVER_RIDING_STYLED_ITEM('overriding color',(#5911),#566,#5866);
#5911 = PRESENTATION_STYLE_ASSIGNMENT((#5912));
#5912 = SURFACE_STYLE_USAGE(.BOTH.,#5913);
#5913 = SURFACE_SIDE_STYLE('',(#5914));
#5914 = SURFACE_STYLE_FILL_AREA(#5915);
#5915 = FILL_AREA_STYLE('',(#5916));
#5916 = FILL_AREA_STYLE_COLOUR('',#5802);
#5917 = OVER_RIDING_STYLED_ITEM('overriding color',(#5918),#608,#5866);
#5918 = PRESENTATION_STYLE_ASSIGNMENT((#5919));
#5919 = SURFACE_STYLE_USAGE(.BOTH.,#5920);
#5920 = SURFACE_SIDE_STYLE('',(#5921));
#5921 = SURFACE_STYLE_FILL_AREA(#5922);
#5922 = FILL_AREA_STYLE('',(#5923));
#5923 = FILL_AREA_STYLE_COLOUR('',#5802);
#5924 = STYLED_ITEM('color',(#5925),#666);
#5925 = PRESENTATION_STYLE_ASSIGNMENT((#5926,#5931));
#5926 = SURFACE_STYLE_USAGE(.BOTH.,#5927);
#5927 = SURFACE_SIDE_STYLE('',(#5928));
#5928 = SURFACE_STYLE_FILL_AREA(#5929);
#5929 = FILL_AREA_STYLE('',(#5930));
#5930 = FILL_AREA_STYLE_COLOUR('',#5792);
#5931 = CURVE_STYLE('',#5932,POSITIVE_LENGTH_MEASURE(0.1),#5792);
#5932 = DRAUGHTING_PRE_DEFINED_CURVE_FONT('continuous');
#5933 = OVER_RIDING_STYLED_ITEM('overriding color',(#5934),#668,#5924);
#5934 = PRESENTATION_STYLE_ASSIGNMENT((#5935));
#5935 = SURFACE_STYLE_USAGE(.BOTH.,#5936);
#5936 = SURFACE_SIDE_STYLE('',(#5937));
#5937 = SURFACE_STYLE_FILL_AREA(#5938);
#5938 = FILL_AREA_STYLE('',(#5939));
#5939 = FILL_AREA_STYLE_COLOUR('',#5802);
#5940 = OVER_RIDING_STYLED_ITEM('overriding color',(#5941),#708,#5924);
#5941 = PRESENTATION_STYLE_ASSIGNMENT((#5942));
#5942 = SURFACE_STYLE_USAGE(.BOTH.,#5943);
#5943 = SURFACE_SIDE_STYLE('',(#5944));
#5944 = SURFACE_STYLE_FILL_AREA(#5945);
#5945 = FILL_AREA_STYLE('',(#5946));
#5946 = FILL_AREA_STYLE_COLOUR('',#5802);
#5947 = OVER_RIDING_STYLED_ITEM('overriding color',(#5948),#739,#5924);
#5948 = PRESENTATION_STYLE_ASSIGNMENT((#5949));
#5949 = SURFACE_STYLE_USAGE(.BOTH.,#5950);
#5950 = SURFACE_SIDE_STYLE('',(#5951));
#5951 = SURFACE_STYLE_FILL_AREA(#5952);
#5952 = FILL_AREA_STYLE('',(#5953));
#5953 = FILL_AREA_STYLE_COLOUR('',#5802);
#5954 = OVER_RIDING_STYLED_ITEM('overriding color',(#5955),#770,#5924);
#5955 = PRESENTATION_STYLE_ASSIGNMENT((#5956));
#5956 = SURFACE_STYLE_USAGE(.BOTH.,#5957);
#5957 = SURFACE_SIDE_STYLE('',(#5958));
#5958 = SURFACE_STYLE_FILL_AREA(#5959);
#5959 = FILL_AREA_STYLE('',(#5960));
#5960 = FILL_AREA_STYLE_COLOUR('',#5802);
#5961 = OVER_RIDING_STYLED_ITEM('overriding color',(#5962),#792,#5924);
#5962 = PRESENTATION_STYLE_ASSIGNMENT((#5963));
#5963 = SURFACE_STYLE_USAGE(.BOTH.,#5964);
#5964 = SURFACE_SIDE_STYLE('',(#5965));
#5965 = SURFACE_STYLE_FILL_AREA(#5966);
#5966 = FILL_AREA_STYLE('',(#5967));
#5967 = FILL_AREA_STYLE_COLOUR('',#5802);
#5968 = OVER_RIDING_STYLED_ITEM('overriding color',(#5969),#834,#5924);
#5969 = PRESENTATION_STYLE_ASSIGNMENT((#5970));
#5970 = SURFACE_STYLE_USAGE(.BOTH.,#5971);
#5971 = SURFACE_SIDE_STYLE('',(#5972));
#5972 = SURFACE_STYLE_FILL_AREA(#5973);
#5973 = FILL_AREA_STYLE('',(#5974));
#5974 = FILL_AREA_STYLE_COLOUR('',#5802);
#5975 = MECHANICAL_DESIGN_GEOMETRIC_PRESENTATION_REPRESENTATION('',(
    #5976,#5984,#5991,#5998,#6005,#6012,#6019,#6026,#6033,#6040),#5735);
#5976 = STYLED_ITEM('color',(#5977),#3235);
#5977 = PRESENTATION_STYLE_ASSIGNMENT((#5978));
#5978 = SURFACE_STYLE_USAGE(.BOTH.,#5979);
#5979 = SURFACE_SIDE_STYLE('',(#5980));
#5980 = SURFACE_STYLE_FILL_AREA(#5981);
#5981 = FILL_AREA_STYLE('',(#5982));
#5982 = FILL_AREA_STYLE_COLOUR('',#5983);
#5983 = DRAUGHTING_PRE_DEFINED_COLOUR('white');
#5984 = STYLED_ITEM('color',(#5985),#3503);
#5985 = PRESENTATION_STYLE_ASSIGNMENT((#5986));
#5986 = SURFACE_STYLE_USAGE(.BOTH.,#5987);
#5987 = SURFACE_SIDE_STYLE('',(#5988));
#5988 = SURFACE_STYLE_FILL_AREA(#5989);
#5989 = FILL_AREA_STYLE('',(#5990));
#5990 = FILL_AREA_STYLE_COLOUR('',#5983);
#5991 = STYLED_ITEM('color',(#5992),#3862);
#5992 = PRESENTATION_STYLE_ASSIGNMENT((#5993));
#5993 = SURFACE_STYLE_USAGE(.BOTH.,#5994);
#5994 = SURFACE_SIDE_STYLE('',(#5995));
#5995 = SURFACE_STYLE_FILL_AREA(#5996);
#5996 = FILL_AREA_STYLE('',(#5997));
#5997 = FILL_AREA_STYLE_COLOUR('',#5983);
#5998 = STYLED_ITEM('color',(#5999),#4221);
#5999 = PRESENTATION_STYLE_ASSIGNMENT((#6000));
#6000 = SURFACE_STYLE_USAGE(.BOTH.,#6001);
#6001 = SURFACE_SIDE_STYLE('',(#6002));
#6002 = SURFACE_STYLE_FILL_AREA(#6003);
#6003 = FILL_AREA_STYLE('',(#6004));
#6004 = FILL_AREA_STYLE_COLOUR('',#5983);
#6005 = STYLED_ITEM('color',(#6006),#4541);
#6006 = PRESENTATION_STYLE_ASSIGNMENT((#6007));
#6007 = SURFACE_STYLE_USAGE(.BOTH.,#6008);
#6008 = SURFACE_SIDE_STYLE('',(#6009));
#6009 = SURFACE_STYLE_FILL_AREA(#6010);
#6010 = FILL_AREA_STYLE('',(#6011));
#6011 = FILL_AREA_STYLE_COLOUR('',#5983);
#6012 = STYLED_ITEM('color',(#6013),#4900);
#6013 = PRESENTATION_STYLE_ASSIGNMENT((#6014));
#6014 = SURFACE_STYLE_USAGE(.BOTH.,#6015);
#6015 = SURFACE_SIDE_STYLE('',(#6016));
#6016 = SURFACE_STYLE_FILL_AREA(#6017);
#6017 = FILL_AREA_STYLE('',(#6018));
#6018 = FILL_AREA_STYLE_COLOUR('',#5983);
#6019 = STYLED_ITEM('color',(#6020),#4944);
#6020 = PRESENTATION_STYLE_ASSIGNMENT((#6021));
#6021 = SURFACE_STYLE_USAGE(.BOTH.,#6022);
#6022 = SURFACE_SIDE_STYLE('',(#6023));
#6023 = SURFACE_STYLE_FILL_AREA(#6024);
#6024 = FILL_AREA_STYLE('',(#6025));
#6025 = FILL_AREA_STYLE_COLOUR('',#5983);
#6026 = STYLED_ITEM('color',(#6027),#5047);
#6027 = PRESENTATION_STYLE_ASSIGNMENT((#6028));
#6028 = SURFACE_STYLE_USAGE(.BOTH.,#6029);
#6029 = SURFACE_SIDE_STYLE('',(#6030));
#6030 = SURFACE_STYLE_FILL_AREA(#6031);
#6031 = FILL_AREA_STYLE('',(#6032));
#6032 = FILL_AREA_STYLE_COLOUR('',#5983);
#6033 = STYLED_ITEM('color',(#6034),#5313);
#6034 = PRESENTATION_STYLE_ASSIGNMENT((#6035));
#6035 = SURFACE_STYLE_USAGE(.BOTH.,#6036);
#6036 = SURFACE_SIDE_STYLE('',(#6037));
#6037 = SURFACE_STYLE_FILL_AREA(#6038);
#6038 = FILL_AREA_STYLE('',(#6039));
#6039 = FILL_AREA_STYLE_COLOUR('',#5983);
#6040 = STYLED_ITEM('color',(#6041),#5407);
#6041 = PRESENTATION_STYLE_ASSIGNMENT((#6042));
#6042 = SURFACE_STYLE_USAGE(.BOTH.,#6043);
#6043 = SURFACE_SIDE_STYLE('',(#6044));
#6044 = SURFACE_STYLE_FILL_AREA(#6045);
#6045 = FILL_AREA_STYLE('',(#6046));
#6046 = FILL_AREA_STYLE_COLOUR('',#5983);
#6047 = MECHANICAL_DESIGN_GEOMETRIC_PRESENTATION_REPRESENTATION('',(
    #6048,#6055,#6062,#6069,#6076,#6083,#6090,#6097,#6104,#6111,#6118),
  #3214);
#6048 = STYLED_ITEM('color',(#6049),#949);
#6049 = PRESENTATION_STYLE_ASSIGNMENT((#6050));
#6050 = SURFACE_STYLE_USAGE(.BOTH.,#6051);
#6051 = SURFACE_SIDE_STYLE('',(#6052));
#6052 = SURFACE_STYLE_FILL_AREA(#6053);
#6053 = FILL_AREA_STYLE('',(#6054));
#6054 = FILL_AREA_STYLE_COLOUR('',#5983);
#6055 = STYLED_ITEM('color',(#6056),#1308);
#6056 = PRESENTATION_STYLE_ASSIGNMENT((#6057));
#6057 = SURFACE_STYLE_USAGE(.BOTH.,#6058);
#6058 = SURFACE_SIDE_STYLE('',(#6059));
#6059 = SURFACE_STYLE_FILL_AREA(#6060);
#6060 = FILL_AREA_STYLE('',(#6061));
#6061 = FILL_AREA_STYLE_COLOUR('',#5983);
#6062 = STYLED_ITEM('color',(#6063),#1610);
#6063 = PRESENTATION_STYLE_ASSIGNMENT((#6064));
#6064 = SURFACE_STYLE_USAGE(.BOTH.,#6065);
#6065 = SURFACE_SIDE_STYLE('',(#6066));
#6066 = SURFACE_STYLE_FILL_AREA(#6067);
#6067 = FILL_AREA_STYLE('',(#6068));
#6068 = FILL_AREA_STYLE_COLOUR('',#5983);
#6069 = STYLED_ITEM('color',(#6070),#1679);
#6070 = PRESENTATION_STYLE_ASSIGNMENT((#6071));
#6071 = SURFACE_STYLE_USAGE(.BOTH.,#6072);
#6072 = SURFACE_SIDE_STYLE('',(#6073));
#6073 = SURFACE_STYLE_FILL_AREA(#6074);
#6074 = FILL_AREA_STYLE('',(#6075));
#6075 = FILL_AREA_STYLE_COLOUR('',#5983);
#6076 = STYLED_ITEM('color',(#6077),#1789);
#6077 = PRESENTATION_STYLE_ASSIGNMENT((#6078));
#6078 = SURFACE_STYLE_USAGE(.BOTH.,#6079);
#6079 = SURFACE_SIDE_STYLE('',(#6080));
#6080 = SURFACE_STYLE_FILL_AREA(#6081);
#6081 = FILL_AREA_STYLE('',(#6082));
#6082 = FILL_AREA_STYLE_COLOUR('',#5983);
#6083 = STYLED_ITEM('color',(#6084),#1892);
#6084 = PRESENTATION_STYLE_ASSIGNMENT((#6085));
#6085 = SURFACE_STYLE_USAGE(.BOTH.,#6086);
#6086 = SURFACE_SIDE_STYLE('',(#6087));
#6087 = SURFACE_STYLE_FILL_AREA(#6088);
#6088 = FILL_AREA_STYLE('',(#6089));
#6089 = FILL_AREA_STYLE_COLOUR('',#5983);
#6090 = STYLED_ITEM('color',(#6091),#2212);
#6091 = PRESENTATION_STYLE_ASSIGNMENT((#6092));
#6092 = SURFACE_STYLE_USAGE(.BOTH.,#6093);
#6093 = SURFACE_SIDE_STYLE('',(#6094));
#6094 = SURFACE_STYLE_FILL_AREA(#6095);
#6095 = FILL_AREA_STYLE('',(#6096));
#6096 = FILL_AREA_STYLE_COLOUR('',#5983);
#6097 = STYLED_ITEM('color',(#6098),#2571);
#6098 = PRESENTATION_STYLE_ASSIGNMENT((#6099));
#6099 = SURFACE_STYLE_USAGE(.BOTH.,#6100);
#6100 = SURFACE_SIDE_STYLE('',(#6101));
#6101 = SURFACE_STYLE_FILL_AREA(#6102);
#6102 = FILL_AREA_STYLE('',(#6103));
#6103 = FILL_AREA_STYLE_COLOUR('',#5983);
#6104 = STYLED_ITEM('color',(#6105),#2615);
#6105 = PRESENTATION_STYLE_ASSIGNMENT((#6106));
#6106 = SURFACE_STYLE_USAGE(.BOTH.,#6107);
#6107 = SURFACE_SIDE_STYLE('',(#6108));
#6108 = SURFACE_STYLE_FILL_AREA(#6109);
#6109 = FILL_AREA_STYLE('',(#6110));
#6110 = FILL_AREA_STYLE_COLOUR('',#5983);
#6111 = STYLED_ITEM('color',(#6112),#2684);
#6112 = PRESENTATION_STYLE_ASSIGNMENT((#6113));
#6113 = SURFACE_STYLE_USAGE(.BOTH.,#6114);
#6114 = SURFACE_SIDE_STYLE('',(#6115));
#6115 = SURFACE_STYLE_FILL_AREA(#6116);
#6116 = FILL_AREA_STYLE('',(#6117));
#6117 = FILL_AREA_STYLE_COLOUR('',#5983);
#6118 = STYLED_ITEM('color',(#6119),#2950);
#6119 = PRESENTATION_STYLE_ASSIGNMENT((#6120));
#6120 = SURFACE_STYLE_USAGE(.BOTH.,#6121);
#6121 = SURFACE_SIDE_STYLE('',(#6122));
#6122 = SURFACE_STYLE_FILL_AREA(#6123);
#6123 = FILL_AREA_STYLE('',(#6124));
#6124 = FILL_AREA_STYLE_COLOUR('',#5983);
ENDSEC;
END-ISO-10303-21;
